Product ID,Type,Air temperature [K],Process temperature [K],Rotational speed [rpm],Torque [Nm],Tool wear [min],Machine failure,TWF,HDF,PWF,OSF,RNF,UDI
L52180,L,303.7,312.8,1832.0,23.6,35.0,0,0.0,0.0,0.0,0.0,0.0,
M19861,M,303.6,312.7,2174.0,17.6,37.0,0,0.0,0.0,0.0,0.0,0.0,
L52182,L,303.7,312.8,1627.0,31.7,40.0,0,0.0,0.0,0.0,0.0,0.0,
L52183,L,303.7,312.8,1437.0,51.3,42.0,0,0.0,0.0,0.0,0.0,0.0,
L52184,L,303.7,312.8,1364.0,46.3,44.0,0,0.0,0.0,0.0,0.0,0.0,
M19865,M,303.7,312.9,1444.0,52.7,46.0,0,0.0,0.0,0.0,0.0,0.0,
M19866,M,303.7,312.8,1366.0,47.3,49.0,0,0.0,0.0,0.0,0.0,0.0,
L52187,L,303.8,312.9,1442.0,48.3,52.0,0,0.0,0.0,0.0,0.0,0.0,
H34422,H,303.7,312.8,1488.0,42.8,54.0,0,0.0,0.0,0.0,0.0,0.0,
L52189,L,303.7,312.8,1523.0,40.7,59.0,0,0.0,0.0,0.0,0.0,0.0,
L52190,L,303.7,312.8,1543.0,38.3,61.0,0,0.0,0.0,0.0,0.0,0.0,
M19871,M,303.7,312.8,1634.0,33.8,63.0,0,0.0,0.0,0.0,0.0,0.0,
M19872,M,303.8,312.9,1815.0,27.8,66.0,0,0.0,0.0,0.0,0.0,0.0,
M19873,M,303.8,312.9,1594.0,35.2,69.0,0,0.0,0.0,0.0,0.0,0.0,
L52194,L,303.8,313.0,1452.0,38.6,72.0,0,0.0,0.0,0.0,0.0,0.0,
L52195,L,303.9,313.0,1759.0,28.4,74.0,0,0.0,0.0,0.0,0.0,0.0,
L52196,L,303.9,313.0,1408.0,47.5,76.0,0,0.0,0.0,0.0,0.0,0.0,
L52197,L,303.9,313.0,1483.0,45.0,78.0,0,0.0,0.0,0.0,0.0,0.0,
M19878,M,303.9,313.0,1620.0,36.6,80.0,0,0.0,0.0,0.0,0.0,0.0,
M19879,M,304.0,313.1,1466.0,39.5,83.0,0,0.0,0.0,0.0,0.0,0.0,
L52200,L,304.1,313.1,1556.0,36.3,86.0,0,0.0,0.0,0.0,0.0,0.0,
L52201,L,304.0,313.0,1350.0,61.1,88.0,0,0.0,0.0,0.0,0.0,0.0,
L52202,L,304.0,313.1,1404.0,47.1,90.0,0,0.0,0.0,0.0,0.0,0.0,
M19883,M,304.0,313.0,1575.0,34.5,92.0,0,0.0,0.0,0.0,0.0,0.0,
L52204,L,303.9,313.1,1639.0,29.0,95.0,0,0.0,0.0,0.0,0.0,0.0,
M19885,M,303.9,313.1,1473.0,42.8,97.0,0,0.0,0.0,0.0,0.0,0.0,
L52206,L,303.9,313.2,1481.0,40.0,100.0,0,0.0,0.0,0.0,0.0,0.0,
L52207,L,304.0,313.3,1294.0,54.6,102.0,0,0.0,0.0,0.0,0.0,0.0,
M19888,M,303.9,313.2,1630.0,29.3,104.0,0,0.0,0.0,0.0,0.0,0.0,
M19889,M,303.9,313.2,1624.0,39.8,107.0,0,0.0,0.0,0.0,0.0,0.0,
M19890,M,303.9,313.1,1437.0,48.3,110.0,0,0.0,0.0,0.0,0.0,0.0,
M19891,M,303.8,313.0,1514.0,45.0,113.0,0,0.0,0.0,0.0,0.0,0.0,
M19892,M,304.0,313.1,1694.0,31.4,116.0,0,0.0,0.0,0.0,0.0,0.0,
L52213,L,304.0,313.1,1564.0,50.9,119.0,0,0.0,0.0,0.0,0.0,0.0,
M19894,M,303.9,313.1,1514.0,41.1,121.0,0,0.0,0.0,0.0,0.0,0.0,
M19895,M,304.0,313.2,1500.0,40.6,124.0,0,0.0,0.0,0.0,0.0,0.0,
L52216,L,304.0,313.2,1615.0,37.8,127.0,0,0.0,0.0,0.0,0.0,0.0,
M19897,M,304.1,313.2,1586.0,41.1,129.0,0,0.0,0.0,0.0,0.0,0.0,
L52218,L,304.1,313.3,1732.0,28.5,132.0,0,0.0,0.0,0.0,0.0,0.0,
H34453,H,304.1,313.3,1689.0,32.5,134.0,0,0.0,0.0,0.0,0.0,0.0,
H34454,H,304.1,313.2,1586.0,34.6,139.0,0,0.0,0.0,0.0,0.0,0.0,
L52221,L,304.0,313.2,1314.0,47.1,144.0,0,0.0,0.0,0.0,0.0,0.0,
L52222,L,304.1,313.2,1569.0,35.8,146.0,0,0.0,0.0,0.0,0.0,0.0,
L52223,L,304.1,313.2,1468.0,39.4,148.0,0,0.0,0.0,0.0,0.0,0.0,
L52224,L,304.1,313.2,1412.0,47.5,150.0,0,0.0,0.0,0.0,0.0,0.0,
M19905,M,304.1,313.2,1510.0,46.9,152.0,0,0.0,0.0,0.0,0.0,0.0,
M19906,M,304.1,313.2,1410.0,42.4,155.0,0,0.0,0.0,0.0,0.0,0.0,
M19907,M,304.1,313.3,1680.0,29.3,158.0,0,0.0,0.0,0.0,0.0,0.0,
H34462,H,304.0,313.2,1271.0,68.6,161.0,1,0.0,0.0,1.0,0.0,0.0,
H34463,H,304.0,313.1,1472.0,45.5,166.0,0,0.0,0.0,0.0,0.0,0.0,
H34464,H,304.0,313.0,1701.0,30.4,171.0,0,0.0,0.0,0.0,0.0,0.0,
L52231,L,303.9,313.0,1480.0,39.9,176.0,0,0.0,0.0,0.0,0.0,0.0,
L52232,L,303.9,313.0,1433.0,48.4,178.0,0,0.0,0.0,0.0,0.0,0.0,
L52233,L,303.8,312.9,1514.0,34.3,180.0,0,0.0,0.0,0.0,0.0,0.0,
L52234,L,303.8,312.9,1619.0,35.7,182.0,0,0.0,0.0,0.0,0.0,0.0,
H34469,H,303.8,312.9,1378.0,45.6,184.0,0,0.0,0.0,0.0,0.0,0.0,
M19916,M,303.9,312.9,1430.0,53.5,189.0,0,0.0,0.0,0.0,0.0,0.0,
L52237,L,303.8,312.9,1367.0,49.9,192.0,0,0.0,0.0,0.0,0.0,0.0,
L52238,L,303.9,312.9,1526.0,42.5,194.0,0,0.0,0.0,0.0,0.0,0.0,
L52239,L,303.9,312.8,1419.0,47.9,196.0,0,0.0,0.0,0.0,0.0,0.0,
L52240,L,304.0,312.8,1542.0,42.7,198.0,0,0.0,0.0,0.0,0.0,0.0,
L52241,L,304.0,312.9,1363.0,62.5,200.0,1,0.0,0.0,0.0,1.0,0.0,
L52242,L,304.0,312.9,1313.0,53.9,202.0,0,0.0,0.0,0.0,0.0,0.0,
H34477,H,304.0,312.9,1495.0,46.6,0.0,0,0.0,0.0,0.0,0.0,0.0,
L52244,L,304.0,313.0,1407.0,42.1,5.0,0,0.0,0.0,0.0,0.0,0.0,
L52245,L,304.1,313.0,1566.0,37.2,7.0,0,0.0,0.0,0.0,0.0,0.0,
L52246,L,304.1,313.1,1550.0,30.9,9.0,0,0.0,0.0,0.0,0.0,0.0,
M19927,M,304.2,313.2,1396.0,50.5,11.0,0,0.0,0.0,0.0,0.0,0.0,
M19928,M,304.3,313.3,1540.0,39.0,14.0,0,0.0,0.0,0.0,0.0,0.0,
M19929,M,304.2,313.2,1380.0,48.7,17.0,0,0.0,0.0,0.0,0.0,0.0,
M19930,M,304.2,313.1,1608.0,31.1,20.0,0,0.0,0.0,0.0,0.0,0.0,
H34485,H,304.2,313.0,1442.0,40.9,23.0,0,0.0,0.0,0.0,0.0,0.0,
L52252,L,304.1,313.0,1408.0,45.3,28.0,0,0.0,0.0,0.0,0.0,0.0,
M19933,M,304.0,313.0,1454.0,46.8,30.0,0,0.0,0.0,0.0,0.0,0.0,
L52254,L,304.1,313.1,1666.0,34.6,33.0,0,0.0,0.0,0.0,0.0,0.0,
L52255,L,304.1,313.2,1366.0,46.6,35.0,0,0.0,0.0,0.0,0.0,0.0,
L52256,L,304.2,313.2,1464.0,44.9,37.0,0,0.0,0.0,0.0,0.0,0.0,
L52257,L,304.3,313.3,1775.0,24.9,39.0,0,0.0,0.0,0.0,0.0,0.0,
M19938,M,304.3,313.4,1482.0,43.8,41.0,0,0.0,0.0,0.0,0.0,0.0,
M19939,M,304.2,313.4,1411.0,54.8,44.0,0,0.0,0.0,0.0,0.0,0.0,
L52260,L,304.2,313.3,1410.0,51.6,47.0,0,0.0,0.0,0.0,0.0,0.0,
M19941,M,304.1,313.3,1494.0,39.0,49.0,0,0.0,0.0,0.0,0.0,0.0,
H34496,H,304.1,313.2,1590.0,43.4,52.0,0,0.0,0.0,0.0,0.0,0.0,
L52263,L,304.1,313.1,1327.0,54.1,57.0,0,0.0,0.0,0.0,0.0,0.0,
L52264,L,304.1,313.1,1969.0,20.8,59.0,0,0.0,0.0,0.0,0.0,0.0,
M19945,M,304.0,313.0,1377.0,56.0,61.0,0,0.0,0.0,0.0,0.0,0.0,
L52266,L,304.0,313.0,1541.0,45.9,64.0,0,0.0,0.0,0.0,0.0,0.0,
M19947,M,304.0,313.0,1685.0,28.2,66.0,0,0.0,0.0,0.0,0.0,0.0,
L52268,L,304.0,313.1,1465.0,41.0,69.0,0,0.0,0.0,0.0,0.0,0.0,
M19949,M,303.9,313.1,1483.0,47.2,71.0,0,0.0,0.0,0.0,0.0,0.0,
M19950,M,303.9,313.2,1570.0,40.7,74.0,0,0.0,0.0,0.0,0.0,0.0,
L52271,L,303.9,313.2,1345.0,48.2,77.0,0,0.0,0.0,0.0,0.0,0.0,
M19952,M,303.9,313.2,1608.0,40.6,79.0,0,0.0,0.0,0.0,0.0,0.0,
M19953,M,304.0,313.3,1415.0,52.8,82.0,0,0.0,0.0,0.0,0.0,0.0,
M19954,M,304.1,313.5,1470.0,45.8,85.0,0,0.0,0.0,0.0,0.0,0.0,
M19955,M,304.1,313.5,1428.0,39.9,88.0,0,0.0,0.0,0.0,0.0,0.0,
H34510,H,304.2,313.5,1627.0,32.2,91.0,0,0.0,0.0,0.0,0.0,0.0,
L52277,L,304.2,313.4,1457.0,49.4,96.0,0,0.0,0.0,0.0,0.0,0.0,
L52278,L,304.2,313.4,1475.0,40.2,98.0,0,0.0,0.0,0.0,0.0,0.0,
L52279,L,304.2,313.5,1438.0,50.1,100.0,0,0.0,0.0,0.0,0.0,0.0,
M19960,M,304.2,313.5,1437.0,47.2,102.0,0,0.0,0.0,0.0,0.0,0.0,
M19961,M,304.1,313.4,1518.0,42.4,105.0,0,0.0,0.0,0.0,0.0,0.0,
M19962,M,304.1,313.5,1587.0,33.6,108.0,0,0.0,0.0,0.0,0.0,0.0,
L52283,L,304.1,313.4,1399.0,43.7,111.0,0,0.0,0.0,0.0,0.0,0.0,
L52284,L,304.1,313.5,1469.0,44.6,113.0,0,0.0,0.0,0.0,0.0,0.0,
L52285,L,304.1,313.4,1374.0,56.6,115.0,0,0.0,0.0,0.0,0.0,0.0,
L52286,L,304.0,313.3,1519.0,36.7,117.0,0,0.0,0.0,0.0,0.0,0.0,
L52287,L,303.9,313.2,1540.0,44.4,119.0,0,0.0,0.0,0.0,0.0,0.0,
L52288,L,303.9,313.3,1394.0,51.6,121.0,0,0.0,0.0,0.0,0.0,0.0,
M19969,M,304.0,313.4,1389.0,45.8,123.0,0,0.0,0.0,0.0,0.0,0.0,
M19970,M,304.0,313.5,1732.0,26.2,126.0,0,0.0,0.0,0.0,0.0,0.0,
L52291,L,304.1,313.6,1556.0,37.4,129.0,0,0.0,0.0,0.0,0.0,0.0,
M19972,M,304.1,313.6,1441.0,43.7,131.0,0,0.0,0.0,0.0,0.0,0.0,
L52293,L,304.1,313.6,1382.0,46.7,134.0,0,0.0,0.0,0.0,0.0,0.0,
M19974,M,304.2,313.8,1481.0,44.9,136.0,0,0.0,0.0,0.0,0.0,0.0,
M19975,M,304.2,313.7,2113.0,18.4,139.0,0,0.0,0.0,0.0,0.0,0.0,
L52296,L,304.2,313.8,1401.0,53.9,142.0,0,0.0,0.0,0.0,0.0,0.0,
L52297,L,304.1,313.6,1611.0,31.4,144.0,0,0.0,0.0,0.0,0.0,0.0,
M19978,M,304.2,313.6,1512.0,33.4,146.0,0,0.0,0.0,0.0,0.0,0.0,
L52299,L,304.2,313.6,1411.0,46.0,149.0,0,0.0,0.0,0.0,0.0,0.0,
M19980,M,304.2,313.6,1424.0,43.7,151.0,0,0.0,0.0,0.0,0.0,0.0,
L52301,L,304.2,313.6,1469.0,40.0,154.0,0,0.0,0.0,0.0,0.0,0.0,
H34536,H,304.2,313.5,1684.0,29.8,156.0,0,0.0,0.0,0.0,0.0,0.0,
M19983,M,304.2,313.5,1532.0,41.3,161.0,0,0.0,0.0,0.0,0.0,0.0,
M19984,M,304.2,313.5,1557.0,37.3,164.0,0,0.0,0.0,0.0,0.0,0.0,
M19985,M,304.3,313.5,1416.0,48.1,167.0,0,0.0,0.0,0.0,0.0,0.0,
L52306,L,304.3,313.5,1802.0,25.4,170.0,0,0.0,0.0,0.0,0.0,0.0,
M19987,M,304.3,313.5,2245.0,15.1,172.0,0,0.0,0.0,0.0,0.0,0.0,
L52308,L,304.2,313.4,1434.0,42.5,175.0,0,0.0,0.0,0.0,0.0,0.0,
M19989,M,304.1,313.3,1725.0,28.3,177.0,0,0.0,0.0,0.0,0.0,0.0,
L52310,L,304.2,313.3,1668.0,35.7,180.0,0,0.0,0.0,0.0,0.0,0.0,
L52311,L,304.1,313.3,1452.0,43.9,182.0,0,0.0,0.0,0.0,0.0,0.0,
L52312,L,304.1,313.3,1415.0,50.0,184.0,0,0.0,0.0,0.0,0.0,0.0,
L52313,L,304.1,313.2,1824.0,25.8,186.0,0,0.0,0.0,0.0,0.0,0.0,
L52314,L,304.1,313.3,1438.0,45.5,188.0,0,0.0,0.0,0.0,0.0,0.0,
L52315,L,304.1,313.3,1883.0,24.5,190.0,0,0.0,0.0,0.0,0.0,0.0,
L52316,L,304.2,313.4,1735.0,28.9,192.0,0,0.0,0.0,0.0,0.0,0.0,
L52317,L,304.3,313.5,1464.0,36.7,194.0,0,0.0,0.0,0.0,0.0,0.0,
M19998,M,304.3,313.6,1489.0,40.3,196.0,0,0.0,0.0,0.0,0.0,0.0,
M19999,M,304.4,313.6,1510.0,38.9,199.0,0,0.0,0.0,0.0,0.0,0.0,
M20000,M,304.3,313.6,1585.0,32.1,202.0,0,0.0,0.0,0.0,0.0,0.0,
L52321,L,304.4,313.7,1509.0,35.0,205.0,1,1.0,0.0,0.0,0.0,0.0,
L52322,L,304.4,313.6,1568.0,39.1,0.0,0,0.0,0.0,0.0,0.0,0.0,
M20003,M,304.3,313.5,1525.0,42.0,2.0,0,0.0,0.0,0.0,0.0,0.0,
L52324,L,304.4,313.7,1607.0,33.5,5.0,0,0.0,0.0,0.0,0.0,0.0,
L52325,L,304.5,313.7,1670.0,32.9,7.0,0,0.0,0.0,0.0,0.0,0.0,
L52326,L,304.4,313.6,1585.0,38.9,9.0,0,0.0,0.0,0.0,0.0,0.0,
L52327,L,304.4,313.6,1569.0,38.4,11.0,0,0.0,0.0,0.0,0.0,0.0,
L52328,L,304.4,313.6,1507.0,43.1,13.0,0,0.0,0.0,0.0,0.0,0.0,
L52329,L,304.3,313.5,1452.0,41.5,15.0,0,0.0,0.0,0.0,0.0,0.0,
L52330,L,304.3,313.5,1590.0,29.8,17.0,0,0.0,0.0,0.0,0.0,0.0,
L52331,L,304.3,313.6,1409.0,56.0,19.0,0,0.0,0.0,0.0,0.0,0.0,
L52332,L,304.3,313.5,2643.0,12.7,21.0,0,0.0,0.0,0.0,0.0,0.0,
L52333,L,304.2,313.4,1644.0,31.7,23.0,0,0.0,0.0,0.0,0.0,0.0,
L52334,L,304.2,313.4,1568.0,37.6,25.0,0,0.0,0.0,0.0,0.0,0.0,
H34569,H,304.2,313.3,1625.0,37.3,27.0,0,0.0,0.0,0.0,0.0,0.0,
L52336,L,304.2,313.4,1482.0,41.4,32.0,0,0.0,0.0,0.0,0.0,0.0,
H34571,H,304.1,313.3,1397.0,49.6,34.0,0,0.0,0.0,0.0,0.0,0.0,
L52338,L,304.1,313.3,1459.0,50.3,39.0,0,0.0,0.0,0.0,0.0,0.0,
L52339,L,304.2,313.4,1490.0,44.0,41.0,0,0.0,0.0,0.0,0.0,0.0,
L52340,L,304.1,313.2,1434.0,50.1,43.0,0,0.0,0.0,0.0,0.0,0.0,
M20021,M,304.1,313.2,2028.0,18.9,45.0,0,0.0,0.0,0.0,0.0,0.0,
L52342,L,304.2,313.3,1464.0,45.9,48.0,0,0.0,0.0,0.0,0.0,0.0,
M20023,M,304.2,313.4,1713.0,23.5,50.0,0,0.0,0.0,0.0,0.0,0.0,
M20024,M,304.3,313.4,1624.0,32.1,53.0,0,0.0,0.0,0.0,0.0,0.0,
L52345,L,304.2,313.4,1421.0,43.4,56.0,0,0.0,0.0,0.0,0.0,0.0,
H34580,H,304.2,313.5,1546.0,41.4,58.0,0,0.0,0.0,0.0,0.0,0.0,
L52347,L,304.2,313.4,1639.0,32.7,63.0,0,0.0,0.0,0.0,0.0,0.0,
H34582,H,304.1,313.4,1696.0,29.6,65.0,0,0.0,0.0,0.0,0.0,0.0,
L52349,L,304.1,313.3,1470.0,39.9,70.0,0,0.0,0.0,0.0,0.0,0.0,
M20030,M,304.1,313.3,1480.0,38.4,72.0,0,0.0,0.0,0.0,0.0,0.0,
M20031,M,304.2,313.4,1329.0,54.5,75.0,0,0.0,0.0,0.0,0.0,0.0,
L52352,L,304.2,313.4,1740.0,28.2,78.0,0,0.0,0.0,0.0,0.0,0.0,
M20033,M,304.2,313.5,1739.0,28.1,80.0,0,0.0,0.0,0.0,0.0,0.0,
M20034,M,304.2,313.5,1390.0,47.8,83.0,0,0.0,0.0,0.0,0.0,0.0,
L52355,L,304.2,313.4,1740.0,23.7,86.0,0,0.0,0.0,0.0,0.0,0.0,
M20036,M,304.0,313.3,1844.0,27.1,88.0,0,0.0,0.0,0.0,0.0,0.0,
H34591,H,304.0,313.1,1388.0,53.2,91.0,0,0.0,0.0,0.0,0.0,0.0,
H34592,H,304.0,313.2,1517.0,43.1,96.0,0,0.0,0.0,0.0,0.0,0.0,
M20039,M,304.0,313.1,1450.0,42.8,101.0,0,0.0,0.0,0.0,0.0,0.0,
L52360,L,304.0,313.2,1584.0,38.7,104.0,0,0.0,0.0,0.0,0.0,0.0,
L52361,L,304.0,313.1,1720.0,28.7,106.0,0,0.0,0.0,0.0,0.0,0.0,
L52362,L,303.9,313.1,1586.0,31.9,108.0,0,0.0,0.0,0.0,0.0,0.0,
M20043,M,303.9,313.0,1901.0,22.5,110.0,0,0.0,0.0,0.0,0.0,0.0,
L52364,L,304.0,313.0,1397.0,42.4,113.0,0,0.0,0.0,0.0,0.0,0.0,
L52365,L,304.0,313.0,2012.0,21.1,115.0,0,0.0,0.0,0.0,0.0,0.0,
L52366,L,304.0,313.0,2354.0,15.0,117.0,0,0.0,0.0,0.0,0.0,0.0,
L52367,L,304.0,313.1,1648.0,35.7,119.0,0,0.0,0.0,0.0,0.0,0.0,
L52368,L,304.0,313.2,1632.0,30.6,121.0,0,0.0,0.0,0.0,0.0,0.0,
M20049,M,304.1,313.2,1427.0,46.9,123.0,0,0.0,0.0,0.0,0.0,0.0,
L52370,L,304.1,313.2,1452.0,48.0,126.0,0,0.0,0.0,0.0,0.0,0.0,
L52371,L,304.0,313.2,1416.0,46.0,128.0,0,0.0,0.0,0.0,0.0,0.0,
L52372,L,303.9,313.1,1310.0,62.9,130.0,0,0.0,0.0,0.0,0.0,0.0,
H34607,H,304.0,313.1,1408.0,39.8,132.0,0,0.0,0.0,0.0,0.0,0.0,
M20054,M,303.9,313.1,1668.0,34.4,137.0,0,0.0,0.0,0.0,0.0,0.0,
L52375,L,303.9,313.0,1551.0,36.8,140.0,0,0.0,0.0,0.0,0.0,0.0,
H34610,H,303.9,313.0,1517.0,36.0,142.0,0,0.0,0.0,0.0,0.0,0.0,
H34611,H,303.8,312.9,1570.0,35.8,147.0,0,0.0,0.0,0.0,0.0,0.0,
L52378,L,303.8,312.8,1428.0,53.3,152.0,0,0.0,0.0,0.0,0.0,0.0,
L52379,L,303.8,312.8,1503.0,40.0,154.0,0,0.0,0.0,0.0,0.0,0.0,
L52380,L,303.8,312.8,1416.0,58.7,156.0,0,0.0,0.0,0.0,0.0,0.0,
M20061,M,303.7,312.7,1396.0,47.3,158.0,0,0.0,0.0,0.0,0.0,0.0,
L52382,L,303.7,312.7,1335.0,51.1,161.0,0,0.0,0.0,0.0,0.0,0.0,
M20063,M,303.7,312.6,1671.0,30.5,163.0,0,0.0,0.0,0.0,0.0,0.0,
L52384,L,303.7,312.7,1989.0,22.4,166.0,0,0.0,0.0,0.0,0.0,0.0,
L52385,L,303.7,312.7,1468.0,43.3,168.0,0,0.0,0.0,0.0,0.0,0.0,
H34620,H,303.7,312.6,1711.0,27.6,170.0,0,0.0,0.0,0.0,0.0,0.0,
M20067,M,303.8,312.7,1488.0,41.3,175.0,0,0.0,0.0,0.0,0.0,0.0,
L52388,L,303.8,312.7,1664.0,29.3,178.0,0,0.0,0.0,0.0,0.0,0.0,
M20069,M,303.8,312.7,1507.0,38.5,180.0,0,0.0,0.0,0.0,0.0,0.0,
L52390,L,303.7,312.6,1466.0,42.5,183.0,0,0.0,0.0,0.0,0.0,0.0,
L52391,L,303.7,312.5,1433.0,53.6,185.0,0,0.0,0.0,0.0,0.0,0.0,
L52392,L,303.7,312.5,1397.0,45.7,187.0,0,0.0,0.0,0.0,0.0,0.0,
M20073,M,303.7,312.6,1429.0,43.3,189.0,0,0.0,0.0,0.0,0.0,0.0,
L52394,L,303.7,312.7,1572.0,37.2,192.0,0,0.0,0.0,0.0,0.0,0.0,
M20075,M,303.7,312.7,1532.0,42.7,194.0,0,0.0,0.0,0.0,0.0,0.0,
M20076,M,303.7,312.7,1316.0,51.8,197.0,0,0.0,0.0,0.0,0.0,0.0,
M20077,M,303.8,312.8,1420.0,47.9,200.0,0,0.0,0.0,0.0,0.0,0.0,
L52398,L,303.8,312.9,1589.0,37.2,203.0,0,0.0,0.0,0.0,0.0,0.0,
L52399,L,303.8,313.0,1365.0,59.9,205.0,1,0.0,0.0,0.0,1.0,0.0,
L52400,L,303.8,313.0,1633.0,32.9,207.0,0,0.0,0.0,0.0,0.0,0.0,
L52401,L,303.9,313.0,1626.0,31.4,209.0,0,0.0,0.0,0.0,0.0,0.0,
L52402,L,303.9,313.1,1665.0,29.6,0.0,0,0.0,0.0,0.0,0.0,0.0,
M20083,M,303.9,313.2,1350.0,47.2,2.0,0,0.0,0.0,0.0,0.0,0.0,
L52404,L,303.9,313.2,1590.0,31.9,5.0,0,0.0,0.0,0.0,0.0,0.0,
M20085,M,304.0,313.2,1437.0,53.9,7.0,0,0.0,0.0,0.0,0.0,0.0,
L52406,L,303.9,313.0,1403.0,48.3,10.0,0,0.0,0.0,0.0,0.0,0.0,
L52407,L,303.9,313.1,1440.0,41.1,12.0,0,0.0,0.0,0.0,0.0,0.0,
M20088,M,303.9,313.1,1343.0,61.4,14.0,0,0.0,0.0,0.0,0.0,0.0,
H34643,H,303.9,313.1,1790.0,26.7,17.0,0,0.0,0.0,0.0,0.0,0.0,
M20090,M,303.8,313.1,2117.0,18.6,22.0,0,0.0,0.0,0.0,0.0,0.0,
L52411,L,303.8,313.1,1458.0,42.2,25.0,0,0.0,0.0,0.0,0.0,0.0,
L52412,L,303.6,312.9,1381.0,57.8,27.0,0,0.0,0.0,0.0,0.0,0.0,
L52413,L,303.6,312.9,1450.0,45.3,29.0,0,0.0,0.0,0.0,0.0,0.0,
L52414,L,303.7,312.9,1461.0,50.1,31.0,0,0.0,0.0,0.0,0.0,0.0,
M20095,M,303.7,312.9,1511.0,41.0,33.0,0,0.0,0.0,0.0,0.0,0.0,
L52416,L,303.8,313.1,1394.0,45.4,36.0,0,0.0,0.0,0.0,0.0,0.0,
L52417,L,303.8,313.0,1499.0,42.3,38.0,0,0.0,0.0,0.0,0.0,0.0,
L52418,L,303.7,313.0,1457.0,44.1,40.0,0,0.0,0.0,0.0,0.0,0.0,
L52419,L,303.7,313.0,1753.0,29.0,42.0,0,0.0,0.0,0.0,0.0,0.0,
L52420,L,303.7,313.0,1694.0,28.0,44.0,0,0.0,0.0,0.0,0.0,0.0,
L52421,L,303.7,313.1,1683.0,28.4,46.0,0,0.0,0.0,0.0,0.0,0.0,
L52422,L,303.7,313.1,1496.0,47.4,48.0,0,0.0,0.0,0.0,0.0,0.0,
L52423,L,303.7,313.1,1721.0,34.8,50.0,0,0.0,0.0,0.0,0.0,0.0,
L52424,L,303.6,313.0,1593.0,31.6,52.0,0,0.0,0.0,0.0,0.0,0.0,
L52425,L,303.6,313.0,1575.0,38.3,54.0,0,0.0,0.0,0.0,0.0,0.0,
L52426,L,303.5,313.0,1465.0,41.0,56.0,0,0.0,0.0,0.0,0.0,0.0,
L52427,L,303.6,313.1,1405.0,38.3,58.0,0,0.0,0.0,0.0,0.0,0.0,
M20108,M,303.5,313.0,1902.0,21.6,60.0,0,0.0,0.0,0.0,0.0,0.0,
M20109,M,303.4,312.9,1422.0,39.9,63.0,0,0.0,0.0,0.0,0.0,0.0,
L52430,L,303.5,312.9,1332.0,52.9,66.0,0,0.0,0.0,0.0,0.0,0.0,
M20111,M,303.4,312.9,1307.0,54.3,68.0,0,0.0,0.0,0.0,0.0,0.0,
L52432,L,303.5,313.0,1322.0,59.5,71.0,0,0.0,0.0,0.0,0.0,0.0,
L52433,L,303.5,313.0,1547.0,40.3,73.0,0,0.0,0.0,0.0,0.0,0.0,
L52434,L,303.5,313.1,1897.0,23.6,75.0,0,0.0,0.0,0.0,0.0,0.0,
M20115,M,303.5,313.0,1403.0,51.9,77.0,0,0.0,0.0,0.0,0.0,0.0,
L52436,L,303.5,313.0,1393.0,51.6,80.0,0,0.0,0.0,0.0,0.0,0.0,
L52437,L,303.5,313.0,1482.0,38.5,82.0,0,0.0,0.0,0.0,0.0,0.0,
M20118,M,303.5,312.9,1572.0,44.7,84.0,0,0.0,0.0,0.0,0.0,0.0,
L52439,L,303.5,312.9,1544.0,36.9,87.0,0,0.0,0.0,0.0,0.0,0.0,
M20120,M,303.5,313.0,1492.0,46.1,89.0,0,0.0,0.0,0.0,0.0,0.0,
L52441,L,303.4,312.8,1513.0,35.8,92.0,0,0.0,0.0,0.0,0.0,0.0,
L52442,L,303.4,312.8,1449.0,43.9,94.0,0,0.0,0.0,0.0,0.0,0.0,
L52443,L,303.5,312.8,1877.0,22.3,96.0,0,0.0,0.0,0.0,0.0,0.0,
L52444,L,303.4,312.8,1376.0,53.4,98.0,0,0.0,0.0,0.0,0.0,0.0,
M20125,M,303.5,312.9,1883.0,23.3,100.0,0,0.0,0.0,0.0,0.0,0.0,
M20126,M,303.4,312.8,1518.0,38.7,103.0,0,0.0,0.0,0.0,0.0,0.0,
M20127,M,303.5,312.9,1438.0,42.8,106.0,0,0.0,0.0,0.0,0.0,0.0,
L52448,L,303.4,312.9,1389.0,54.1,109.0,0,0.0,0.0,0.0,0.0,0.0,
L52449,L,303.5,312.9,1504.0,44.8,111.0,0,0.0,0.0,0.0,0.0,0.0,
L52450,L,303.5,312.9,1275.0,64.4,113.0,0,0.0,0.0,0.0,0.0,0.0,
L52451,L,303.6,313.0,1534.0,39.7,115.0,0,0.0,0.0,0.0,0.0,0.0,
M20132,M,303.6,313.0,1396.0,38.2,117.0,0,0.0,0.0,0.0,0.0,0.0,
L52453,L,303.6,313.1,1395.0,44.1,120.0,0,0.0,0.0,0.0,0.0,0.0,
L52454,L,303.6,313.0,1617.0,30.9,122.0,0,0.0,0.0,0.0,0.0,0.0,
L52455,L,303.7,313.1,1423.0,41.2,124.0,0,0.0,0.0,0.0,0.0,0.0,
L52456,L,303.5,313.0,1606.0,34.0,126.0,0,0.0,0.0,0.0,0.0,0.0,
L52457,L,303.5,312.9,1501.0,44.0,128.0,0,0.0,0.0,0.0,0.0,0.0,
M20138,M,303.5,312.9,1618.0,30.4,130.0,0,0.0,0.0,0.0,0.0,0.0,
L52459,L,303.6,313.0,1522.0,35.8,133.0,0,0.0,0.0,0.0,0.0,0.0,
L52460,L,303.6,312.9,1480.0,41.4,135.0,0,0.0,0.0,0.0,0.0,0.0,
M20141,M,303.7,313.0,1469.0,39.9,137.0,0,0.0,0.0,0.0,0.0,0.0,
H34696,H,303.8,313.2,1381.0,52.4,140.0,0,0.0,0.0,0.0,0.0,0.0,
L52463,L,303.8,313.2,1525.0,41.9,145.0,0,0.0,0.0,0.0,0.0,0.0,
M20144,M,303.8,313.2,1732.0,29.6,147.0,0,0.0,0.0,0.0,0.0,0.0,
L52465,L,303.8,313.1,1523.0,39.8,150.0,0,0.0,0.0,0.0,0.0,0.0,
L52466,L,303.8,313.1,1422.0,42.4,152.0,0,0.0,0.0,0.0,0.0,0.0,
H34701,H,303.8,313.2,1506.0,46.9,154.0,0,0.0,0.0,0.0,0.0,0.0,
L52468,L,303.8,313.2,1531.0,39.4,159.0,0,0.0,0.0,0.0,0.0,0.0,
M20149,M,303.9,313.3,1507.0,34.3,161.0,0,0.0,0.0,0.0,0.0,0.0,
L52470,L,303.9,313.3,1526.0,40.7,164.0,0,0.0,0.0,0.0,0.0,0.0,
L52471,L,303.8,313.3,1406.0,52.1,166.0,0,0.0,0.0,0.0,0.0,0.0,
M20152,M,303.9,313.3,1567.0,35.0,168.0,0,0.0,0.0,0.0,0.0,0.0,
M20153,M,303.9,313.4,1464.0,49.1,171.0,0,0.0,0.0,0.0,0.0,0.0,
L52474,L,303.9,313.4,1442.0,48.5,174.0,0,0.0,0.0,0.0,0.0,0.0,
L52475,L,303.8,313.2,1336.0,47.8,176.0,0,0.0,0.0,0.0,0.0,0.0,
H34710,H,303.8,313.2,1379.0,50.2,178.0,0,0.0,0.0,0.0,0.0,0.0,
L52477,L,303.7,313.1,1406.0,48.6,183.0,0,0.0,0.0,0.0,0.0,0.0,
M20158,M,303.7,313.1,2130.0,18.1,185.0,0,0.0,0.0,0.0,0.0,0.0,
L52479,L,303.7,313.1,1355.0,49.1,188.0,0,0.0,0.0,0.0,0.0,0.0,
M20160,M,303.8,313.2,1710.0,26.5,190.0,0,0.0,0.0,0.0,0.0,0.0,
L52481,L,303.8,313.1,1309.0,55.8,193.0,0,0.0,0.0,0.0,0.0,0.0,
L52482,L,303.9,313.1,1491.0,37.2,195.0,0,0.0,0.0,0.0,0.0,0.0,
L52483,L,303.9,313.2,1481.0,44.1,197.0,0,0.0,0.0,0.0,0.0,0.0,
L52484,L,303.9,313.1,1425.0,49.3,199.0,0,0.0,0.0,0.0,0.0,0.0,
H34719,H,303.9,313.2,1680.0,29.1,201.0,0,0.0,0.0,0.0,0.0,0.0,
H34720,H,304.0,313.2,1612.0,31.7,206.0,0,0.0,0.0,0.0,0.0,0.0,
L52487,L,304.0,313.3,1530.0,34.8,211.0,0,0.0,0.0,0.0,0.0,0.0,
L52488,L,304.0,313.2,1481.0,42.6,213.0,0,0.0,0.0,0.0,0.0,0.0,
M20169,M,303.9,313.2,1422.0,48.0,215.0,1,1.0,0.0,0.0,0.0,0.0,
L52490,L,303.8,313.0,1427.0,43.0,0.0,0,0.0,0.0,0.0,0.0,0.0,
H34725,H,303.7,312.9,1460.0,49.8,2.0,0,0.0,0.0,0.0,0.0,0.0,
L52492,L,303.6,312.9,1873.0,23.5,7.0,0,0.0,0.0,0.0,0.0,0.0,
M20173,M,303.7,312.9,1566.0,32.6,9.0,0,0.0,0.0,0.0,0.0,0.0,
L52494,L,303.6,312.8,1701.0,30.8,12.0,0,0.0,0.0,0.0,0.0,0.0,
L52495,L,303.6,312.8,1710.0,27.2,14.0,0,0.0,0.0,0.0,0.0,0.0,
M20176,M,303.6,312.8,1689.0,33.1,16.0,0,0.0,0.0,0.0,0.0,0.0,
L52497,L,303.6,312.7,1637.0,32.9,19.0,0,0.0,0.0,0.0,0.0,0.0,
L52498,L,303.5,312.6,1496.0,39.0,21.0,0,0.0,0.0,0.0,0.0,0.0,
M20179,M,303.5,312.7,1402.0,47.0,23.0,0,0.0,0.0,0.0,0.0,0.0,
L52500,L,303.4,312.7,1363.0,45.5,26.0,0,0.0,0.0,0.0,0.0,0.0,
M20181,M,303.4,312.7,1576.0,49.9,28.0,0,0.0,0.0,0.0,0.0,0.0,
M20182,M,303.4,312.7,1357.0,55.3,31.0,0,0.0,0.0,0.0,0.0,0.0,
M20183,M,303.4,312.7,1399.0,48.4,34.0,0,0.0,0.0,0.0,0.0,0.0,
M20184,M,303.4,312.8,1526.0,30.8,37.0,0,0.0,0.0,0.0,0.0,0.0,
L52505,L,303.5,312.7,1694.0,27.3,40.0,0,0.0,0.0,0.0,0.0,0.0,
M20186,M,303.5,312.7,1420.0,49.1,42.0,0,0.0,0.0,0.0,0.0,0.0,
M20187,M,303.5,312.7,2116.0,16.7,45.0,0,0.0,0.0,0.0,0.0,0.0,
M20188,M,303.7,312.9,1406.0,41.9,48.0,0,0.0,0.0,0.0,0.0,0.0,
L52509,L,303.7,313.0,1456.0,45.5,51.0,0,0.0,0.0,0.0,0.0,0.0,
L52510,L,303.6,312.9,1588.0,31.9,53.0,0,0.0,0.0,0.0,0.0,0.0,
L52511,L,303.7,312.8,1448.0,44.5,55.0,0,0.0,0.0,0.0,0.0,0.0,
H34746,H,303.6,312.7,1403.0,46.2,57.0,0,0.0,0.0,0.0,0.0,0.0,
M20193,M,303.5,312.6,1405.0,51.6,62.0,0,0.0,0.0,0.0,0.0,0.0,
M20194,M,303.4,312.6,2706.0,9.8,65.0,1,0.0,0.0,1.0,0.0,0.0,
M20195,M,303.3,312.4,1505.0,38.9,68.0,0,0.0,0.0,0.0,0.0,0.0,
L52516,L,303.2,312.4,1663.0,33.7,71.0,0,0.0,0.0,0.0,0.0,0.0,
M20197,M,303.3,312.6,1482.0,44.4,73.0,0,0.0,0.0,0.0,0.0,0.0,
M20198,M,303.3,312.5,1674.0,32.7,76.0,0,0.0,0.0,0.0,0.0,0.0,
M20199,M,303.4,312.7,1594.0,32.8,79.0,0,0.0,0.0,0.0,0.0,0.0,
L52520,L,303.5,312.7,1393.0,49.3,82.0,0,0.0,0.0,0.0,0.0,0.0,
H34755,H,303.5,312.8,1404.0,55.8,84.0,0,0.0,0.0,0.0,0.0,0.0,
M20202,M,303.5,312.8,1375.0,45.7,89.0,0,0.0,0.0,0.0,0.0,0.0,
L52523,L,303.5,312.8,1607.0,38.4,92.0,0,0.0,0.0,0.0,0.0,0.0,
L52524,L,303.4,312.8,1360.0,50.8,94.0,0,0.0,0.0,0.0,0.0,0.0,
L52525,L,303.5,312.8,1524.0,39.4,96.0,0,0.0,0.0,0.0,0.0,0.0,
L52526,L,303.4,312.7,1534.0,35.5,98.0,0,0.0,0.0,0.0,0.0,0.0,
L52527,L,303.3,312.7,1262.0,63.8,100.0,0,0.0,0.0,0.0,0.0,0.0,
L52528,L,303.3,312.6,1623.0,34.6,102.0,0,0.0,0.0,0.0,0.0,0.0,
M20209,M,303.3,312.7,1642.0,33.6,104.0,0,0.0,0.0,0.0,0.0,0.0,
M20210,M,303.4,312.8,1622.0,35.1,107.0,0,0.0,0.0,0.0,0.0,0.0,
M20211,M,303.5,312.9,1530.0,34.5,110.0,0,0.0,0.0,0.0,0.0,0.0,
M20212,M,303.4,312.8,1590.0,36.3,113.0,0,0.0,0.0,0.0,0.0,0.0,
L52533,L,303.4,312.7,1589.0,34.0,116.0,0,0.0,0.0,0.0,0.0,0.0,
L52534,L,303.4,312.6,1462.0,37.5,118.0,0,0.0,0.0,0.0,0.0,0.0,
H34769,H,303.3,312.5,1328.0,49.8,120.0,0,0.0,0.0,0.0,0.0,0.0,
H34770,H,303.3,312.6,1692.0,29.0,125.0,0,0.0,0.0,0.0,0.0,0.0,
L52537,L,303.3,312.5,1968.0,20.6,130.0,0,0.0,0.0,0.0,0.0,0.0,
H34772,H,303.3,312.6,1827.0,24.2,132.0,0,0.0,0.0,0.0,0.0,0.0,
M20219,M,303.3,312.6,1397.0,47.1,137.0,0,0.0,0.0,0.0,0.0,0.0,
L52540,L,303.3,312.6,1463.0,44.0,140.0,0,0.0,0.0,0.0,0.0,0.0,
L52541,L,303.3,312.7,1643.0,30.7,142.0,0,0.0,0.0,0.0,0.0,0.0,
L52542,L,303.2,312.6,1281.0,57.0,144.0,0,0.0,0.0,0.0,0.0,0.0,
L52543,L,303.2,312.5,1518.0,39.9,146.0,0,0.0,0.0,0.0,0.0,0.0,
L52544,L,303.2,312.6,1601.0,35.3,148.0,0,0.0,0.0,0.0,0.0,0.0,
L52545,L,303.1,312.6,1548.0,36.4,150.0,0,0.0,0.0,0.0,0.0,0.0,
H34780,H,303.1,312.6,1404.0,40.6,152.0,0,0.0,0.0,0.0,0.0,0.0,
M20227,M,303.1,312.5,1766.0,26.7,157.0,0,0.0,0.0,0.0,0.0,0.0,
M20228,M,303.1,312.5,1667.0,30.0,160.0,0,0.0,0.0,0.0,0.0,0.0,
H34783,H,303.0,312.5,1507.0,37.9,163.0,0,0.0,0.0,0.0,0.0,0.0,
H34784,H,303.0,312.4,1627.0,37.1,168.0,0,0.0,0.0,0.0,0.0,0.0,
L52551,L,302.9,312.3,1435.0,47.7,173.0,0,0.0,0.0,0.0,0.0,0.0,
H34786,H,302.9,312.3,1509.0,46.8,175.0,0,0.0,0.0,0.0,0.0,0.0,
M20233,M,302.9,312.3,1809.0,25.0,180.0,0,0.0,0.0,0.0,0.0,0.0,
L52554,L,302.9,312.3,1515.0,40.8,183.0,0,0.0,0.0,0.0,0.0,0.0,
L52555,L,302.9,312.3,1530.0,34.9,185.0,0,0.0,0.0,0.0,0.0,0.0,
H34790,H,302.8,312.3,1336.0,57.5,187.0,0,0.0,0.0,0.0,0.0,0.0,
L52557,L,302.9,312.4,2030.0,19.1,192.0,0,0.0,0.0,0.0,0.0,0.0,
L52558,L,302.9,312.4,1550.0,36.9,194.0,0,0.0,0.0,0.0,0.0,0.0,
L52559,L,302.9,312.4,1446.0,41.7,196.0,0,0.0,0.0,0.0,0.0,0.0,
L52560,L,302.8,312.3,1494.0,37.5,198.0,0,0.0,0.0,0.0,0.0,0.0,
L52561,L,302.8,312.4,1651.0,27.0,200.0,0,0.0,0.0,0.0,0.0,0.0,
L52562,L,302.9,312.4,1698.0,33.8,202.0,0,0.0,0.0,0.0,0.0,0.0,
L52563,L,302.8,312.3,1504.0,40.3,204.0,0,0.0,0.0,0.0,0.0,0.0,
M20244,M,302.9,312.4,1421.0,46.0,206.0,0,0.0,0.0,0.0,0.0,0.0,
H34799,H,302.9,312.3,1754.0,26.9,209.0,0,0.0,0.0,0.0,0.0,0.0,
L52566,L,302.9,312.2,1469.0,42.0,214.0,0,0.0,0.0,0.0,0.0,0.0,
L52567,L,302.8,312.2,1433.0,50.0,216.0,0,0.0,0.0,0.0,0.0,0.0,
M20248,M,302.8,312.3,1432.0,49.0,218.0,0,0.0,0.0,0.0,0.0,0.0,
L52569,L,302.8,312.3,1366.0,49.1,221.0,0,0.0,0.0,0.0,0.0,0.0,
H34804,H,302.8,312.3,1483.0,47.2,223.0,0,0.0,0.0,0.0,0.0,0.0,
L52571,L,302.7,312.2,1572.0,34.4,228.0,0,0.0,0.0,0.0,0.0,0.0,
L52572,L,302.8,312.2,1481.0,40.2,230.0,0,0.0,0.0,0.0,0.0,0.0,
L52573,L,302.8,312.3,1473.0,42.6,232.0,0,0.0,0.0,0.0,0.0,0.0,
M20254,M,302.8,312.3,1262.0,70.5,234.0,1,0.0,0.0,1.0,1.0,0.0,
L52575,L,302.8,312.4,1529.0,36.8,237.0,0,0.0,0.0,0.0,0.0,0.0,
L52576,L,302.8,312.4,1523.0,39.7,239.0,0,0.0,0.0,0.0,0.0,0.0,
M20257,M,302.8,312.3,1416.0,42.7,241.0,0,0.0,0.0,0.0,0.0,0.0,
L52578,L,302.9,312.4,1923.0,23.9,244.0,0,0.0,0.0,0.0,0.0,0.0,
H34813,H,302.8,312.4,1411.0,53.8,246.0,1,0.0,0.0,0.0,1.0,0.0,
L52580,L,302.7,312.4,1477.0,46.3,251.0,1,0.0,0.0,0.0,1.0,0.0,
M20261,M,302.6,312.3,1454.0,54.8,253.0,1,1.0,0.0,0.0,1.0,0.0,
L52582,L,302.7,312.3,1421.0,48.5,0.0,0,0.0,0.0,0.0,0.0,0.0,
L52583,L,302.7,312.3,1858.0,25.4,2.0,0,0.0,0.0,0.0,0.0,0.0,
H34818,H,302.8,312.5,1422.0,46.1,4.0,0,0.0,0.0,0.0,0.0,0.0,
L52585,L,302.7,312.4,1444.0,48.7,9.0,0,0.0,0.0,0.0,0.0,0.0,
L52586,L,302.7,312.4,1360.0,47.8,11.0,0,0.0,0.0,0.0,0.0,0.0,
L52587,L,302.7,312.4,1954.0,24.8,13.0,0,0.0,0.0,0.0,0.0,0.0,
L52588,L,302.6,312.4,1628.0,33.0,15.0,0,0.0,0.0,0.0,0.0,0.0,
L52589,L,302.7,312.4,1433.0,44.2,17.0,0,0.0,0.0,0.0,0.0,0.0,
M20270,M,302.7,312.5,1417.0,51.5,19.0,0,0.0,0.0,0.0,0.0,0.0,
L52591,L,302.8,312.6,1462.0,39.4,22.0,0,0.0,0.0,0.0,0.0,0.0,
L52592,L,302.9,312.6,1328.0,59.9,24.0,0,0.0,0.0,0.0,0.0,0.0,
H34827,H,302.7,312.5,1527.0,36.4,26.0,0,0.0,0.0,0.0,0.0,0.0,
L52594,L,302.6,312.3,1534.0,34.3,31.0,0,0.0,0.0,0.0,0.0,0.0,
M20275,M,302.6,312.4,1410.0,50.3,33.0,0,0.0,0.0,0.0,0.0,0.0,
L52596,L,302.6,312.3,1660.0,30.3,36.0,0,0.0,0.0,0.0,0.0,0.0,
L52597,L,302.6,312.4,1386.0,45.8,38.0,0,0.0,0.0,0.0,0.0,0.0,
L52598,L,302.6,312.4,1398.0,41.6,40.0,0,0.0,0.0,0.0,0.0,0.0,
L52599,L,302.6,312.3,1321.0,53.4,42.0,0,0.0,0.0,0.0,0.0,0.0,
L52600,L,302.6,312.3,1512.0,34.2,44.0,0,0.0,0.0,0.0,0.0,0.0,
M20281,M,302.6,312.3,1566.0,36.6,46.0,0,0.0,0.0,0.0,0.0,0.0,
M20282,M,302.7,312.4,1422.0,44.5,49.0,0,0.0,0.0,0.0,0.0,0.0,
L52603,L,302.6,312.3,1647.0,31.8,52.0,0,0.0,0.0,0.0,0.0,0.0,
L52604,L,302.6,312.2,1377.0,45.5,54.0,0,0.0,0.0,0.0,0.0,0.0,
L52605,L,302.5,312.2,1775.0,27.9,56.0,0,0.0,0.0,0.0,0.0,0.0,
L52606,L,302.6,312.3,1554.0,42.0,58.0,0,0.0,0.0,0.0,0.0,0.0,
L52607,L,302.7,312.4,1423.0,51.9,60.0,0,0.0,0.0,0.0,0.0,0.0,
L52608,L,302.7,312.4,1453.0,47.3,62.0,0,0.0,0.0,0.0,0.0,0.0,
L52609,L,302.8,312.4,1590.0,34.4,64.0,0,0.0,0.0,0.0,0.0,0.0,
L52610,L,302.8,312.5,1694.0,28.4,66.0,0,0.0,0.0,0.0,0.0,0.0,
L52611,L,302.8,312.5,1462.0,43.4,68.0,0,0.0,0.0,0.0,0.0,0.0,
L52612,L,302.8,312.4,1392.0,46.2,70.0,0,0.0,0.0,0.0,0.0,0.0,
L52613,L,302.9,312.5,1550.0,45.5,72.0,0,0.0,0.0,0.0,0.0,0.0,
L52614,L,302.9,312.5,1629.0,30.4,74.0,0,0.0,0.0,0.0,0.0,0.0,
M20295,M,303.0,312.5,1524.0,42.1,76.0,0,0.0,0.0,0.0,0.0,0.0,
M20296,M,302.9,312.5,1679.0,30.9,79.0,0,0.0,0.0,0.0,0.0,0.0,
M20297,M,302.9,312.6,1394.0,46.4,82.0,0,0.0,0.0,0.0,0.0,0.0,
L52618,L,302.9,312.5,1683.0,32.1,85.0,0,0.0,0.0,0.0,0.0,0.0,
L52619,L,303.0,312.5,1626.0,30.5,87.0,0,0.0,0.0,0.0,0.0,0.0,
H34854,H,303.0,312.5,1698.0,30.0,89.0,0,0.0,0.0,0.0,0.0,0.0,
M20301,M,303.0,312.6,1392.0,42.9,94.0,0,0.0,0.0,0.0,0.0,0.0,
L52622,L,303.1,312.7,1353.0,51.8,97.0,0,0.0,0.0,0.0,0.0,0.0,
M20303,M,303.0,312.7,1426.0,46.8,99.0,0,0.0,0.0,0.0,0.0,0.0,
L52624,L,303.0,312.7,2024.0,19.9,102.0,0,0.0,0.0,0.0,0.0,0.0,
M20305,M,303.0,312.8,1648.0,32.1,104.0,0,0.0,0.0,0.0,0.0,0.0,
L52626,L,303.1,312.9,1511.0,40.1,107.0,0,0.0,0.0,0.0,0.0,0.0,
L52627,L,303.1,312.8,1465.0,44.1,109.0,0,0.0,0.0,0.0,0.0,0.0,
L52628,L,303.0,312.7,1551.0,41.8,111.0,0,0.0,0.0,0.0,0.0,0.0,
L52629,L,303.1,312.8,2329.0,15.1,113.0,0,0.0,0.0,0.0,0.0,0.0,
H34864,H,303.1,312.8,1435.0,41.9,115.0,0,0.0,0.0,0.0,0.0,0.0,
L52631,L,303.0,312.7,1361.0,48.8,120.0,0,0.0,0.0,0.0,0.0,0.0,
M20312,M,303.0,312.7,1553.0,35.8,122.0,0,0.0,0.0,0.0,0.0,0.0,
L52633,L,303.0,312.6,1451.0,42.1,125.0,0,0.0,0.0,0.0,0.0,0.0,
L52634,L,303.0,312.5,1461.0,40.2,127.0,0,0.0,0.0,0.0,0.0,0.0,
M20315,M,303.1,312.6,1895.0,23.5,129.0,0,0.0,0.0,0.0,0.0,0.0,
M20316,M,303.1,312.6,1567.0,32.9,132.0,0,0.0,0.0,0.0,0.0,0.0,
M20317,M,303.0,312.5,1602.0,33.7,135.0,0,0.0,0.0,0.0,0.0,0.0,
L52638,L,303.1,312.6,1514.0,42.1,138.0,0,0.0,0.0,0.0,0.0,0.0,
L52639,L,303.1,312.5,1453.0,49.1,140.0,0,0.0,0.0,0.0,0.0,0.0,
M20320,M,303.0,312.4,1526.0,36.1,142.0,0,0.0,0.0,0.0,0.0,0.0,
M20321,M,302.9,312.3,1339.0,52.1,145.0,0,0.0,0.0,0.0,0.0,0.0,
L52642,L,302.9,312.3,1889.0,22.8,148.0,0,0.0,0.0,0.0,0.0,0.0,
L52643,L,302.9,312.4,1561.0,34.8,150.0,0,0.0,0.0,0.0,0.0,0.0,
M20324,M,302.9,312.4,1659.0,33.1,152.0,0,0.0,0.0,0.0,0.0,0.0,
L52645,L,302.9,312.4,1424.0,49.5,155.0,0,0.0,0.0,0.0,0.0,0.0,
M20326,M,302.9,312.3,1426.0,44.7,157.0,0,0.0,0.0,0.0,0.0,0.0,
L52647,L,302.9,312.4,1383.0,51.4,160.0,0,0.0,0.0,0.0,0.0,0.0,
L52648,L,302.8,312.3,1764.0,29.9,162.0,0,0.0,0.0,0.0,0.0,0.0,
M20329,M,302.7,312.2,1439.0,42.5,164.0,0,0.0,0.0,0.0,0.0,0.0,
M20330,M,302.7,312.2,1585.0,35.5,167.0,0,0.0,0.0,0.0,0.0,0.0,
L52651,L,302.7,312.3,1346.0,61.2,170.0,0,0.0,0.0,0.0,0.0,1.0,
L52652,L,302.8,312.3,1386.0,57.8,172.0,0,0.0,0.0,0.0,0.0,0.0,
L52653,L,302.7,312.2,1369.0,51.8,174.0,0,0.0,0.0,0.0,0.0,0.0,
M20334,M,302.7,312.1,1378.0,46.9,176.0,0,0.0,0.0,0.0,0.0,0.0,
L52655,L,302.7,312.2,1336.0,46.8,179.0,0,0.0,0.0,0.0,0.0,0.0,
M20336,M,302.6,312.1,1445.0,42.0,181.0,0,0.0,0.0,0.0,0.0,0.0,
L52657,L,302.7,312.1,1763.0,26.5,184.0,0,0.0,0.0,0.0,0.0,0.0,
L52658,L,302.7,312.2,1611.0,34.1,186.0,0,0.0,0.0,0.0,0.0,0.0,
M20339,M,302.7,312.1,1564.0,32.1,188.0,0,0.0,0.0,0.0,0.0,0.0,
H34894,H,302.7,312.1,1478.0,36.0,191.0,0,0.0,0.0,0.0,0.0,0.0,
L52661,L,302.6,312.0,1781.0,28.5,196.0,0,0.0,0.0,0.0,0.0,0.0,
L52662,L,302.6,312.1,1782.0,26.8,198.0,0,0.0,0.0,0.0,0.0,0.0,
M20343,M,302.6,312.1,2000.0,21.9,200.0,0,0.0,0.0,0.0,0.0,0.0,
M20344,M,302.5,312.0,1826.0,25.3,203.0,0,0.0,0.0,0.0,0.0,0.0,
L52665,L,302.6,312.1,1344.0,51.0,206.0,0,0.0,0.0,0.0,0.0,0.0,
L52666,L,302.6,312.2,1520.0,43.0,208.0,0,0.0,0.0,0.0,0.0,0.0,
M20347,M,302.6,312.1,1611.0,39.9,210.0,0,0.0,0.0,0.0,0.0,0.0,
L52668,L,302.7,312.2,1450.0,52.1,213.0,1,0.0,0.0,0.0,1.0,0.0,
L52669,L,302.6,312.1,1499.0,35.0,215.0,0,0.0,0.0,0.0,0.0,1.0,
L52670,L,302.6,312.1,1288.0,68.5,0.0,1,0.0,0.0,1.0,0.0,0.0,
M20351,M,302.7,312.2,1350.0,58.6,2.0,0,0.0,0.0,0.0,0.0,0.0,
M20352,M,302.9,312.4,1334.0,50.9,5.0,0,0.0,0.0,0.0,0.0,0.0,
L52673,L,302.8,312.4,1376.0,57.1,8.0,0,0.0,0.0,0.0,0.0,0.0,
L52674,L,302.8,312.4,1368.0,49.5,10.0,0,0.0,0.0,0.0,0.0,0.0,
H34909,H,302.9,312.5,1357.0,55.0,12.0,0,0.0,0.0,0.0,0.0,1.0,
M20356,M,302.9,312.5,1924.0,24.0,17.0,0,0.0,0.0,0.0,0.0,0.0,
M20357,M,302.9,312.5,1551.0,40.0,20.0,0,0.0,0.0,0.0,0.0,0.0,
M20358,M,302.9,312.5,1903.0,21.2,23.0,0,0.0,0.0,0.0,0.0,0.0,
H34913,H,302.9,312.3,1417.0,48.7,26.0,0,0.0,0.0,0.0,0.0,0.0,
L52680,L,302.7,312.1,1601.0,35.2,31.0,0,0.0,0.0,0.0,0.0,0.0,
L52681,L,302.7,312.1,1543.0,37.5,33.0,0,0.0,0.0,0.0,0.0,0.0,
L52682,L,302.6,312.1,1439.0,52.3,35.0,0,0.0,0.0,0.0,0.0,0.0,
H34917,H,302.6,312.0,1657.0,29.3,37.0,0,0.0,0.0,0.0,0.0,0.0,
L52684,L,302.8,312.2,1458.0,51.0,42.0,0,0.0,0.0,0.0,0.0,0.0,
L52685,L,302.8,312.2,1746.0,27.4,44.0,0,0.0,0.0,0.0,0.0,0.0,
L52686,L,302.9,312.2,1677.0,30.5,46.0,0,0.0,0.0,0.0,0.0,0.0,
L52687,L,302.8,312.1,1520.0,39.9,48.0,0,0.0,0.0,0.0,0.0,0.0,
L52688,L,302.9,312.2,1367.0,55.1,50.0,0,0.0,0.0,0.0,0.0,0.0,
L52689,L,302.8,312.2,1509.0,36.5,52.0,0,0.0,0.0,0.0,0.0,1.0,
L52690,L,302.8,312.1,1418.0,51.4,54.0,0,0.0,0.0,0.0,0.0,0.0,
L52691,L,302.8,312.1,1958.0,20.3,56.0,0,0.0,0.0,0.0,0.0,0.0,
L52692,L,302.8,312.2,1682.0,30.9,58.0,0,0.0,0.0,0.0,0.0,0.0,
M20373,M,302.8,312.2,1452.0,50.3,60.0,0,0.0,0.0,0.0,0.0,0.0,
L52694,L,302.7,312.0,1828.0,24.0,63.0,0,0.0,0.0,0.0,0.0,0.0,
H34929,H,302.7,312.0,1484.0,41.5,65.0,0,0.0,0.0,0.0,0.0,0.0,
L52696,L,302.6,312.0,1674.0,32.2,70.0,0,0.0,0.0,0.0,0.0,0.0,
L52697,L,302.6,311.9,1448.0,49.5,72.0,0,0.0,0.0,0.0,0.0,0.0,
M20378,M,302.5,311.8,2023.0,19.1,74.0,0,0.0,0.0,0.0,0.0,0.0,
L52699,L,302.5,311.9,1452.0,47.4,77.0,0,0.0,0.0,0.0,0.0,0.0,
M20380,M,302.6,312.0,1496.0,45.0,79.0,0,0.0,0.0,0.0,0.0,0.0,
L52701,L,302.6,311.9,1397.0,46.9,82.0,0,0.0,0.0,0.0,0.0,0.0,
L52702,L,302.6,311.9,1453.0,39.1,84.0,0,0.0,0.0,0.0,0.0,0.0,
M20383,M,302.5,311.9,1524.0,34.8,86.0,0,0.0,0.0,0.0,0.0,0.0,
L52704,L,302.6,311.9,1633.0,30.9,89.0,0,0.0,0.0,0.0,0.0,0.0,
M20385,M,302.6,312.0,1363.0,45.7,91.0,0,0.0,0.0,0.0,0.0,0.0,
L52706,L,302.5,311.9,1520.0,44.9,94.0,0,0.0,0.0,0.0,0.0,0.0,
M20387,M,302.5,311.9,1532.0,38.8,96.0,0,0.0,0.0,0.0,0.0,0.0,
L52708,L,302.4,311.8,1384.0,50.9,99.0,0,0.0,0.0,0.0,0.0,0.0,
M20389,M,302.4,311.8,1539.0,39.9,101.0,0,0.0,0.0,0.0,0.0,0.0,
M20390,M,302.3,311.8,1355.0,50.1,104.0,0,0.0,0.0,0.0,0.0,0.0,
M20391,M,302.3,311.7,1504.0,37.3,107.0,0,0.0,0.0,0.0,0.0,0.0,
L52712,L,302.4,311.8,1476.0,46.6,110.0,0,0.0,0.0,0.0,0.0,0.0,
L52713,L,302.4,311.7,1721.0,26.9,112.0,0,0.0,0.0,0.0,0.0,0.0,
M20394,M,302.3,311.7,1494.0,37.1,114.0,0,0.0,0.0,0.0,0.0,0.0,
L52715,L,302.3,311.7,1465.0,43.5,117.0,0,0.0,0.0,0.0,0.0,0.0,
M20396,M,302.3,311.8,1363.0,54.0,119.0,1,0.0,0.0,0.0,0.0,0.0,
L52717,L,302.4,311.8,1648.0,30.0,122.0,0,0.0,0.0,0.0,0.0,0.0,
M20398,M,302.3,311.8,1879.0,23.0,124.0,0,0.0,0.0,0.0,0.0,0.0,
H34953,H,302.3,311.7,1482.0,39.0,127.0,0,0.0,0.0,0.0,0.0,0.0,
L52720,L,302.4,311.8,1493.0,38.4,132.0,0,0.0,0.0,0.0,0.0,0.0,
L52721,L,302.4,311.8,1433.0,42.2,134.0,0,0.0,0.0,0.0,0.0,0.0,
L52722,L,302.3,311.7,1400.0,41.6,136.0,0,0.0,0.0,0.0,0.0,0.0,
L52723,L,302.4,311.8,1255.0,59.0,138.0,0,0.0,0.0,0.0,0.0,0.0,
L52724,L,302.2,311.7,1471.0,45.6,140.0,0,0.0,0.0,0.0,0.0,0.0,
H34959,H,302.2,311.6,1357.0,44.2,142.0,0,0.0,0.0,0.0,0.0,0.0,
L52726,L,302.3,311.7,1453.0,41.2,147.0,0,0.0,0.0,0.0,0.0,0.0,
M20407,M,302.3,311.7,1540.0,28.9,149.0,0,0.0,0.0,0.0,0.0,0.0,
L52728,L,302.3,311.8,1605.0,35.2,152.0,0,0.0,0.0,0.0,0.0,0.0,
H34963,H,302.3,311.9,1374.0,52.4,154.0,0,0.0,0.0,0.0,0.0,0.0,
M20410,M,302.3,311.9,1508.0,42.3,159.0,0,0.0,0.0,0.0,0.0,0.0,
H34965,H,302.4,311.9,1366.0,47.3,162.0,0,0.0,0.0,0.0,0.0,0.0,
H34966,H,302.5,312.0,1579.0,35.7,167.0,0,0.0,0.0,0.0,0.0,0.0,
L52733,L,302.5,311.9,1306.0,59.7,172.0,0,0.0,0.0,0.0,0.0,1.0,
M20414,M,302.5,312.0,1521.0,40.2,174.0,0,0.0,0.0,0.0,0.0,0.0,
L52735,L,302.5,312.0,1411.0,44.2,177.0,0,0.0,0.0,0.0,0.0,0.0,
H34970,H,302.5,312.0,1357.0,42.0,179.0,0,0.0,0.0,0.0,0.0,0.0,
M20417,M,302.5,312.0,1436.0,43.5,184.0,0,0.0,0.0,0.0,0.0,0.0,
L52738,L,302.5,311.9,1553.0,40.1,187.0,0,0.0,0.0,0.0,0.0,0.0,
M20419,M,302.5,312.0,1451.0,43.2,189.0,0,0.0,0.0,0.0,0.0,0.0,
L52740,L,302.4,311.9,1541.0,37.9,192.0,0,0.0,0.0,0.0,0.0,0.0,
M20421,M,302.3,311.7,1341.0,46.3,194.0,0,0.0,0.0,0.0,0.0,0.0,
L52742,L,302.3,311.7,1648.0,32.1,197.0,0,0.0,0.0,0.0,0.0,0.0,
M20423,M,302.3,311.7,1640.0,31.5,199.0,0,0.0,0.0,0.0,0.0,0.0,
L52744,L,302.4,311.8,1416.0,46.1,202.0,0,0.0,0.0,0.0,0.0,0.0,
L52745,L,302.4,311.9,1671.0,29.9,204.0,0,0.0,0.0,0.0,0.0,0.0,
L52746,L,302.4,312.0,1457.0,45.5,206.0,0,0.0,0.0,0.0,0.0,0.0,
M20427,M,302.5,312.0,1445.0,54.8,0.0,0,0.0,0.0,0.0,0.0,0.0,
L52748,L,302.5,312.1,1534.0,38.6,3.0,0,0.0,0.0,0.0,0.0,0.0,
L52749,L,302.4,312.0,1508.0,36.9,5.0,0,0.0,0.0,0.0,0.0,0.0,
M20430,M,302.4,312.1,1492.0,47.7,7.0,0,0.0,0.0,0.0,0.0,0.0,
L52751,L,302.4,312.0,1562.0,37.9,10.0,0,0.0,0.0,0.0,0.0,0.0,
L52752,L,302.4,312.0,1545.0,36.4,12.0,0,0.0,0.0,0.0,0.0,0.0,
L52753,L,302.5,312.2,1738.0,25.3,14.0,0,0.0,0.0,0.0,0.0,0.0,
L52754,L,302.4,312.0,1305.0,49.1,16.0,0,0.0,0.0,0.0,0.0,0.0,
H34989,H,302.4,312.0,1477.0,39.7,18.0,0,0.0,0.0,0.0,0.0,0.0,
H34990,H,302.4,312.0,1457.0,43.4,23.0,0,0.0,0.0,0.0,0.0,0.0,
L52757,L,302.4,312.1,1455.0,40.4,28.0,0,0.0,0.0,0.0,0.0,0.0,
L52758,L,302.5,312.2,1574.0,38.7,30.0,0,0.0,0.0,0.0,0.0,0.0,
L52759,L,302.6,312.2,1695.0,27.1,32.0,0,0.0,0.0,0.0,0.0,0.0,
M20440,M,302.6,312.2,1458.0,38.8,34.0,0,0.0,0.0,0.0,0.0,0.0,
M20441,M,302.5,312.1,1454.0,47.6,37.0,0,0.0,0.0,0.0,0.0,0.0,
L52762,L,302.5,312.0,2052.0,18.9,40.0,0,0.0,0.0,0.0,0.0,0.0,
L52763,L,302.5,312.0,1673.0,29.9,42.0,0,0.0,0.0,0.0,0.0,0.0,
L52764,L,302.4,311.9,1578.0,29.9,44.0,0,0.0,0.0,0.0,0.0,0.0,
M20445,M,302.5,312.0,1642.0,29.1,46.0,0,0.0,0.0,0.0,0.0,0.0,
M20446,M,302.4,311.8,1557.0,31.5,49.0,0,0.0,0.0,0.0,0.0,0.0,
L52767,L,302.5,311.9,1481.0,42.9,52.0,0,0.0,0.0,0.0,0.0,0.0,
M20448,M,302.5,311.8,1566.0,37.6,54.0,0,0.0,0.0,0.0,0.0,0.0,
M20449,M,302.5,311.9,1298.0,57.5,57.0,0,0.0,0.0,0.0,0.0,0.0,
M20450,M,302.5,311.9,1340.0,59.4,60.0,0,0.0,0.0,0.0,0.0,0.0,
L52771,L,302.5,312.0,1574.0,33.8,63.0,0,0.0,0.0,0.0,0.0,0.0,
L52772,L,302.5,311.9,1437.0,46.7,65.0,0,0.0,0.0,0.0,0.0,0.0,
L52773,L,302.6,311.9,1354.0,48.0,67.0,0,0.0,0.0,0.0,0.0,0.0,
L52774,L,302.6,311.9,1598.0,35.5,69.0,0,0.0,0.0,0.0,0.0,0.0,
M20455,M,302.7,312.0,1944.0,21.4,71.0,0,0.0,0.0,0.0,0.0,0.0,
M20456,M,302.7,312.0,1538.0,36.7,74.0,0,0.0,0.0,0.0,0.0,0.0,
L52777,L,302.7,312.0,1501.0,37.0,77.0,0,0.0,0.0,0.0,0.0,0.0,
L52778,L,302.8,312.1,1441.0,52.1,79.0,0,0.0,0.0,0.0,0.0,0.0,
M20459,M,302.7,312.0,1652.0,31.0,81.0,0,0.0,0.0,0.0,0.0,0.0,
L52780,L,302.8,312.1,1487.0,36.6,84.0,0,0.0,0.0,0.0,0.0,0.0,
L52781,L,302.9,312.2,1605.0,33.9,86.0,0,0.0,0.0,0.0,0.0,0.0,
L52782,L,302.9,312.1,1334.0,54.7,88.0,0,0.0,0.0,0.0,0.0,0.0,
L52783,L,302.9,312.2,1340.0,57.8,90.0,0,0.0,0.0,0.0,0.0,0.0,
L52784,L,302.9,312.2,1513.0,37.8,92.0,0,0.0,0.0,0.0,0.0,0.0,
L52785,L,302.9,312.2,1510.0,41.4,94.0,0,0.0,0.0,0.0,0.0,0.0,
L52786,L,302.9,312.2,1729.0,23.6,96.0,0,0.0,0.0,0.0,0.0,0.0,
M20467,M,302.9,312.2,1745.0,25.5,98.0,0,0.0,0.0,0.0,0.0,0.0,
M20468,M,303.1,312.3,1623.0,31.6,101.0,0,0.0,0.0,0.0,0.0,0.0,
M20469,M,303.1,312.4,1378.0,50.1,104.0,0,0.0,0.0,0.0,0.0,0.0,
L52790,L,303.1,312.4,1407.0,41.2,107.0,0,0.0,0.0,0.0,0.0,0.0,
M20471,M,303.0,312.3,1674.0,29.5,109.0,0,0.0,0.0,0.0,0.0,0.0,
L52792,L,303.0,312.3,1486.0,42.4,112.0,0,0.0,0.0,0.0,0.0,0.0,
M20473,M,303.0,312.3,1483.0,38.8,114.0,0,0.0,0.0,0.0,0.0,0.0,
H35028,H,303.0,312.2,1624.0,28.8,117.0,0,0.0,0.0,0.0,0.0,0.0,
M20475,M,303.0,312.2,1257.0,71.3,122.0,1,0.0,0.0,1.0,0.0,0.0,
L52796,L,303.0,312.3,1480.0,41.4,125.0,0,0.0,0.0,0.0,0.0,0.0,
L52797,L,303.1,312.4,1404.0,61.5,127.0,1,0.0,0.0,1.0,0.0,0.0,
M20478,M,303.0,312.4,1645.0,29.6,129.0,0,0.0,0.0,0.0,0.0,0.0,
L52799,L,303.0,312.3,1932.0,21.9,132.0,0,0.0,0.0,0.0,0.0,0.0,
L52800,L,303.0,312.3,1533.0,38.5,134.0,0,0.0,0.0,0.0,0.0,0.0,
M20481,M,302.9,312.2,1292.0,54.4,136.0,0,0.0,0.0,0.0,0.0,0.0,
L52802,L,302.9,312.2,1571.0,40.6,139.0,0,0.0,0.0,0.0,0.0,0.0,
L52803,L,302.9,312.3,1578.0,36.3,141.0,0,0.0,0.0,0.0,0.0,0.0,
M20484,M,302.8,312.2,1469.0,36.9,143.0,0,0.0,0.0,0.0,0.0,0.0,
L52805,L,302.7,312.1,1728.0,24.4,146.0,0,0.0,0.0,0.0,0.0,0.0,
H35040,H,302.7,312.1,1603.0,32.5,148.0,0,0.0,0.0,0.0,0.0,0.0,
L52807,L,302.7,312.1,1597.0,39.8,153.0,0,0.0,0.0,0.0,0.0,0.0,
L52808,L,302.7,312.1,1688.0,32.0,155.0,0,0.0,0.0,0.0,0.0,0.0,
L52809,L,302.7,312.2,1405.0,51.4,157.0,0,0.0,0.0,0.0,0.0,0.0,
M20490,M,302.8,312.2,1615.0,32.9,159.0,0,0.0,0.0,0.0,0.0,0.0,
L52811,L,302.8,312.2,1515.0,36.8,162.0,0,0.0,0.0,0.0,0.0,0.0,
L52812,L,302.7,312.2,1376.0,52.8,164.0,0,0.0,0.0,0.0,0.0,0.0,
L52813,L,302.7,312.2,1447.0,47.5,166.0,0,0.0,0.0,0.0,0.0,0.0,
M20494,M,302.6,312.2,1353.0,56.5,168.0,0,0.0,0.0,0.0,0.0,0.0,
L52815,L,302.6,312.1,1502.0,47.3,171.0,0,0.0,0.0,0.0,0.0,0.0,
L52816,L,302.6,312.0,1447.0,45.5,173.0,0,0.0,0.0,0.0,0.0,0.0,
M20497,M,302.5,312.0,1487.0,46.1,175.0,0,0.0,0.0,0.0,0.0,0.0,
L52818,L,302.6,312.1,1519.0,38.1,178.0,0,0.0,0.0,0.0,0.0,0.0,
L52819,L,302.6,312.1,1668.0,28.7,180.0,0,0.0,0.0,0.0,0.0,1.0,
L52820,L,302.6,312.1,1420.0,51.6,182.0,0,0.0,0.0,0.0,0.0,0.0,
L52821,L,302.6,312.1,1473.0,37.3,184.0,0,0.0,0.0,0.0,0.0,0.0,
L52822,L,302.5,312.0,1495.0,38.8,186.0,0,0.0,0.0,0.0,0.0,0.0,
L52823,L,302.5,312.0,1574.0,42.0,188.0,0,0.0,0.0,0.0,0.0,0.0,
L52824,L,302.5,312.0,1383.0,51.3,190.0,0,0.0,0.0,0.0,0.0,0.0,
M20505,M,302.5,312.0,1591.0,29.4,192.0,0,0.0,0.0,0.0,0.0,0.0,
M20506,M,302.4,311.8,1644.0,37.2,195.0,0,0.0,0.0,0.0,0.0,0.0,
H35061,H,302.5,311.8,2370.0,14.7,198.0,0,0.0,0.0,0.0,0.0,0.0,
L52828,L,302.5,311.9,1401.0,44.9,203.0,0,0.0,0.0,0.0,0.0,0.0,
M20509,M,302.5,311.9,1414.0,51.6,205.0,0,0.0,0.0,0.0,0.0,0.0,
L52830,L,302.5,312.0,1456.0,46.3,208.0,0,0.0,0.0,0.0,0.0,0.0,
M20511,M,302.5,312.0,1447.0,45.7,210.0,0,0.0,0.0,0.0,0.0,0.0,
L52832,L,302.4,311.8,1727.0,26.5,213.0,0,0.0,0.0,0.0,0.0,0.0,
L52833,L,302.4,311.7,1495.0,36.8,215.0,0,0.0,0.0,0.0,0.0,0.0,
L52834,L,302.3,311.6,1544.0,34.3,0.0,0,0.0,0.0,0.0,0.0,0.0,
L52835,L,302.3,311.5,1387.0,47.3,2.0,0,0.0,0.0,0.0,0.0,0.0,
M20516,M,302.3,311.5,1316.0,47.2,4.0,0,0.0,0.0,0.0,0.0,0.0,
L52837,L,302.3,311.5,1794.0,26.1,7.0,0,0.0,0.0,0.0,0.0,0.0,
M20518,M,302.2,311.4,1372.0,55.1,9.0,0,0.0,0.0,0.0,0.0,0.0,
M20519,M,302.3,311.5,1674.0,30.0,12.0,0,0.0,0.0,0.0,0.0,0.0,
L52840,L,302.2,311.4,1477.0,41.7,15.0,0,0.0,0.0,0.0,0.0,0.0,
L52841,L,302.2,311.4,1397.0,53.0,17.0,0,0.0,0.0,0.0,0.0,0.0,
L52842,L,302.2,311.5,1616.0,34.0,19.0,0,0.0,0.0,0.0,0.0,0.0,
M20523,M,302.3,311.5,1530.0,42.3,21.0,0,0.0,0.0,0.0,0.0,0.0,
M20524,M,302.2,311.4,1539.0,35.1,24.0,0,0.0,0.0,0.0,0.0,0.0,
L52845,L,302.3,311.4,1845.0,21.9,27.0,0,0.0,0.0,0.0,0.0,0.0,
L52846,L,302.2,311.4,1430.0,43.1,29.0,0,0.0,0.0,0.0,0.0,0.0,
L52847,L,302.2,311.4,2080.0,19.2,31.0,0,0.0,0.0,0.0,0.0,0.0,
M20528,M,302.2,311.4,1432.0,45.3,33.0,0,0.0,0.0,0.0,0.0,0.0,
M20529,M,302.2,311.5,1479.0,39.5,36.0,0,0.0,0.0,0.0,0.0,0.0,
L52850,L,302.2,311.5,1424.0,45.2,39.0,0,0.0,0.0,0.0,0.0,0.0,
H35085,H,302.2,311.6,1534.0,37.2,41.0,0,0.0,0.0,0.0,0.0,0.0,
H35086,H,302.1,311.6,1701.0,26.2,46.0,0,0.0,0.0,0.0,0.0,0.0,
L52853,L,302.2,311.6,1462.0,50.0,51.0,0,0.0,0.0,0.0,0.0,0.0,
M20534,M,302.2,311.7,1393.0,42.5,53.0,0,0.0,0.0,0.0,0.0,0.0,
M20535,M,302.3,311.7,1453.0,42.5,56.0,0,0.0,0.0,0.0,0.0,0.0,
L52856,L,302.3,311.8,1565.0,37.8,59.0,0,0.0,0.0,0.0,0.0,0.0,
L52857,L,302.3,311.8,1281.0,51.7,61.0,0,0.0,0.0,0.0,0.0,0.0,
M20538,M,302.2,311.7,1584.0,36.2,63.0,0,0.0,0.0,0.0,0.0,0.0,
M20539,M,302.2,311.7,1466.0,49.0,66.0,0,0.0,0.0,0.0,0.0,0.0,
M20540,M,302.2,311.6,1386.0,50.5,69.0,0,0.0,0.0,0.0,0.0,0.0,
L52861,L,302.2,311.6,1383.0,44.3,72.0,0,0.0,0.0,0.0,0.0,0.0,
H35096,H,302.3,311.6,1441.0,53.9,74.0,0,0.0,0.0,0.0,0.0,0.0,
M20543,M,302.2,311.6,1592.0,37.7,79.0,0,0.0,0.0,0.0,0.0,0.0,
H35098,H,302.2,311.6,1594.0,36.8,82.0,0,0.0,0.0,0.0,0.0,0.0,
L52865,L,302.2,311.5,1482.0,45.6,87.0,0,0.0,0.0,0.0,0.0,0.0,
L52866,L,302.2,311.6,1658.0,31.4,89.0,0,0.0,0.0,0.0,0.0,0.0,
L52867,L,302.3,311.7,2170.0,18.2,91.0,0,0.0,0.0,0.0,0.0,0.0,
M20548,M,302.3,311.7,1423.0,44.6,93.0,0,0.0,0.0,0.0,0.0,0.0,
L52869,L,302.4,311.8,1543.0,31.1,96.0,0,0.0,0.0,0.0,0.0,0.0,
L52870,L,302.3,311.8,1435.0,44.8,98.0,0,0.0,0.0,0.0,0.0,0.0,
L52871,L,302.4,311.8,1320.0,56.4,100.0,0,0.0,0.0,0.0,0.0,0.0,
M20552,M,302.4,311.9,1313.0,55.7,102.0,0,0.0,0.0,0.0,0.0,0.0,
M20553,M,302.4,311.8,1453.0,42.1,105.0,0,0.0,0.0,0.0,0.0,0.0,
L52874,L,302.4,311.8,1508.0,45.7,108.0,0,0.0,0.0,0.0,0.0,0.0,
L52875,L,302.4,311.8,1451.0,42.0,110.0,0,0.0,0.0,0.0,0.0,0.0,
H35110,H,302.5,311.9,1595.0,34.6,112.0,0,0.0,0.0,0.0,0.0,0.0,
L52877,L,302.5,311.9,1354.0,49.4,117.0,0,0.0,0.0,0.0,0.0,0.0,
L52878,L,302.5,311.9,1265.0,59.8,119.0,0,0.0,0.0,0.0,0.0,0.0,
L52879,L,302.4,311.9,1867.0,25.9,121.0,0,0.0,0.0,0.0,0.0,0.0,
L52880,L,302.5,311.9,1497.0,41.6,123.0,0,0.0,0.0,0.0,0.0,0.0,
M20561,M,302.5,311.9,1347.0,54.3,125.0,0,0.0,0.0,0.0,0.0,0.0,
L52882,L,302.3,311.7,1544.0,43.2,128.0,0,0.0,0.0,0.0,0.0,0.0,
H35117,H,302.3,311.7,1456.0,45.4,130.0,0,0.0,0.0,0.0,0.0,0.0,
L52884,L,302.5,311.8,1335.0,52.7,135.0,0,0.0,0.0,0.0,0.0,0.0,
L52885,L,302.4,311.9,1452.0,43.1,137.0,0,0.0,0.0,0.0,0.0,0.0,
L52886,L,302.4,311.9,1290.0,70.0,139.0,1,0.0,0.0,1.0,0.0,0.0,
L52887,L,302.4,311.8,1448.0,43.4,141.0,0,0.0,0.0,0.0,0.0,0.0,
L52888,L,302.3,311.7,1611.0,38.6,143.0,0,0.0,0.0,0.0,0.0,0.0,
L52889,L,302.2,311.7,1556.0,38.6,145.0,0,0.0,0.0,0.0,0.0,0.0,
H35124,H,302.2,311.7,1413.0,46.5,147.0,0,0.0,0.0,0.0,0.0,0.0,
L52891,L,302.2,311.6,1545.0,35.9,152.0,0,0.0,0.0,0.0,0.0,0.0,
L52892,L,302.2,311.7,1330.0,54.6,154.0,0,0.0,0.0,0.0,0.0,0.0,
L52893,L,302.2,311.9,1596.0,38.0,156.0,0,0.0,0.0,0.0,0.0,0.0,
L52894,L,302.2,311.8,1618.0,36.0,158.0,0,0.0,0.0,0.0,0.0,0.0,
H35129,H,302.2,311.9,1597.0,35.8,160.0,0,0.0,0.0,0.0,0.0,0.0,
L52896,L,302.3,312.0,1354.0,52.2,165.0,0,0.0,0.0,0.0,0.0,0.0,
L52897,L,302.3,312.0,1746.0,28.1,167.0,0,0.0,0.0,0.0,0.0,0.0,
L52898,L,302.4,312.0,1621.0,32.5,169.0,0,0.0,0.0,0.0,0.0,0.0,
L52899,L,302.3,312.0,1398.0,43.3,171.0,0,0.0,0.0,0.0,0.0,0.0,
L52900,L,302.3,311.9,1434.0,51.9,173.0,0,0.0,0.0,0.0,0.0,0.0,
M20581,M,302.3,311.8,1443.0,43.4,175.0,0,0.0,0.0,0.0,0.0,0.0,
L52902,L,302.2,311.7,1488.0,44.6,178.0,0,0.0,0.0,0.0,0.0,0.0,
M20583,M,302.3,311.8,1475.0,48.0,180.0,0,0.0,0.0,0.0,0.0,0.0,
L52904,L,302.3,311.8,1433.0,50.3,183.0,0,0.0,0.0,0.0,0.0,0.0,
M20585,M,302.3,311.8,1557.0,34.1,185.0,0,0.0,0.0,0.0,0.0,0.0,
M20586,M,302.4,311.9,1398.0,50.1,188.0,0,0.0,0.0,0.0,0.0,0.0,
M20587,M,302.3,311.8,1559.0,34.4,191.0,0,0.0,0.0,0.0,0.0,0.0,
M20588,M,302.4,311.9,1422.0,46.4,194.0,0,0.0,0.0,0.0,0.0,0.0,
M20589,M,302.3,311.8,1463.0,35.7,197.0,0,0.0,0.0,0.0,0.0,0.0,
L52910,L,302.3,311.7,1793.0,25.3,200.0,0,0.0,0.0,0.0,0.0,0.0,
L52911,L,302.2,311.6,1872.0,20.4,202.0,0,0.0,0.0,0.0,0.0,0.0,
L52912,L,302.2,311.7,1412.0,44.5,204.0,0,0.0,0.0,0.0,0.0,0.0,
L52913,L,302.3,311.8,1487.0,43.2,206.0,0,0.0,0.0,0.0,0.0,0.0,
L52914,L,302.3,311.8,1369.0,56.2,208.0,1,0.0,0.0,0.0,1.0,0.0,
L52915,L,302.4,311.8,1673.0,30.1,210.0,0,0.0,0.0,0.0,0.0,0.0,
M20596,M,302.4,311.9,1439.0,36.6,212.0,0,0.0,0.0,0.0,0.0,0.0,
L52917,L,302.3,311.8,1574.0,42.8,215.0,0,0.0,0.0,0.0,0.0,0.0,
L52918,L,302.3,311.7,1281.0,48.8,0.0,0,0.0,0.0,0.0,0.0,0.0,
M20599,M,302.2,311.7,1653.0,31.4,2.0,0,0.0,0.0,0.0,0.0,0.0,
M20600,M,302.3,311.7,1535.0,38.3,5.0,0,0.0,0.0,0.0,0.0,0.0,
M20601,M,302.3,311.7,1483.0,40.5,8.0,0,0.0,0.0,0.0,0.0,0.0,
L52922,L,302.3,311.7,1414.0,47.0,11.0,0,0.0,0.0,0.0,0.0,0.0,
M20603,M,302.2,311.6,1379.0,42.9,13.0,0,0.0,0.0,0.0,0.0,0.0,
H35158,H,302.2,311.5,1482.0,42.6,16.0,0,0.0,0.0,0.0,0.0,0.0,
L52925,L,302.1,311.5,1987.0,20.1,21.0,0,0.0,0.0,0.0,0.0,0.0,
M20606,M,302.1,311.5,1635.0,31.6,23.0,0,0.0,0.0,0.0,0.0,0.0,
L52927,L,302.1,311.5,1533.0,39.4,26.0,0,0.0,0.0,0.0,0.0,0.0,
M20608,M,302.2,311.7,1576.0,34.0,28.0,0,0.0,0.0,0.0,0.0,0.0,
H35163,H,302.2,311.8,1330.0,62.4,31.0,0,0.0,0.0,0.0,0.0,0.0,
L52930,L,302.2,311.8,1981.0,21.8,36.0,0,0.0,0.0,0.0,0.0,0.0,
H35165,H,302.3,311.8,1475.0,42.8,38.0,0,0.0,0.0,0.0,0.0,0.0,
H35166,H,302.3,311.8,1804.0,25.0,43.0,0,0.0,0.0,0.0,0.0,0.0,
L52933,L,302.2,311.6,1416.0,54.1,48.0,0,0.0,0.0,0.0,0.0,0.0,
L52934,L,302.1,311.5,1727.0,27.7,50.0,0,0.0,0.0,0.0,0.0,0.0,
L52935,L,302.1,311.4,1391.0,49.2,52.0,0,0.0,0.0,0.0,0.0,0.0,
M20616,M,302.0,311.5,1366.0,52.3,54.0,0,0.0,0.0,0.0,0.0,0.0,
L52937,L,301.9,311.3,1366.0,55.6,57.0,0,0.0,0.0,0.0,0.0,0.0,
L52938,L,301.9,311.3,1501.0,40.8,59.0,0,0.0,0.0,0.0,0.0,0.0,
L52939,L,301.8,311.3,1551.0,35.8,61.0,0,0.0,0.0,0.0,0.0,0.0,
M20620,M,301.9,311.3,1522.0,35.6,63.0,0,0.0,0.0,0.0,0.0,0.0,
L52941,L,301.9,311.2,1369.0,49.8,66.0,0,0.0,0.0,0.0,0.0,0.0,
L52942,L,301.8,311.2,1334.0,52.3,68.0,0,0.0,0.0,0.0,0.0,0.0,
H35177,H,301.8,311.2,1451.0,39.4,70.0,0,0.0,0.0,0.0,0.0,0.0,
L52944,L,301.7,311.2,1589.0,37.9,75.0,0,0.0,0.0,0.0,0.0,0.0,
L52945,L,301.7,311.3,1708.0,30.5,77.0,0,0.0,0.0,0.0,0.0,0.0,
M20626,M,301.7,311.2,1413.0,42.6,79.0,0,0.0,0.0,0.0,0.0,0.0,
M20627,M,301.6,311.2,1415.0,46.5,82.0,0,0.0,0.0,0.0,0.0,0.0,
L52948,L,301.7,311.3,1421.0,45.9,85.0,0,0.0,0.0,0.0,0.0,0.0,
L52949,L,301.7,311.3,1348.0,51.0,87.0,0,0.0,0.0,0.0,0.0,0.0,
L52950,L,301.6,311.2,1408.0,42.9,89.0,0,0.0,0.0,0.0,0.0,0.0,
L52951,L,301.6,311.2,1525.0,43.7,91.0,0,0.0,0.0,0.0,0.0,0.0,
L52952,L,301.6,311.3,1706.0,29.9,93.0,0,0.0,0.0,0.0,0.0,0.0,
H35187,H,301.6,311.2,1395.0,46.8,95.0,0,0.0,0.0,0.0,0.0,0.0,
L52954,L,301.5,311.1,1602.0,34.3,100.0,0,0.0,0.0,0.0,0.0,0.0,
L52955,L,301.6,311.1,1907.0,21.5,102.0,0,0.0,0.0,0.0,0.0,0.0,
L52956,L,301.6,311.1,1325.0,49.2,104.0,0,0.0,0.0,0.0,0.0,0.0,
L52957,L,301.6,311.1,1408.0,44.4,106.0,0,0.0,0.0,0.0,0.0,0.0,
M20638,M,301.7,311.1,1489.0,41.4,108.0,0,0.0,0.0,0.0,0.0,0.0,
L52959,L,301.6,311.1,1680.0,29.2,111.0,0,0.0,0.0,0.0,0.0,0.0,
L52960,L,301.7,311.2,1517.0,42.4,113.0,0,0.0,0.0,0.0,0.0,0.0,
M20641,M,301.7,311.1,1618.0,36.7,115.0,0,0.0,0.0,0.0,0.0,0.0,
L52962,L,301.7,311.1,1455.0,39.8,118.0,0,0.0,0.0,0.0,0.0,0.0,
H35197,H,301.8,311.1,1543.0,36.4,120.0,0,0.0,0.0,0.0,0.0,0.0,
M20644,M,301.8,311.1,1399.0,41.8,125.0,0,0.0,0.0,0.0,0.0,0.0,
L52965,L,301.7,311.1,1469.0,37.2,128.0,0,0.0,0.0,0.0,0.0,0.0,
L52966,L,301.7,311.2,1521.0,36.7,130.0,0,0.0,0.0,0.0,0.0,0.0,
L52967,L,301.7,311.3,1584.0,38.8,132.0,0,0.0,0.0,0.0,0.0,0.0,
L52968,L,301.8,311.5,1443.0,43.3,134.0,0,0.0,0.0,0.0,0.0,0.0,
M20649,M,301.8,311.5,1416.0,49.0,136.0,0,0.0,0.0,0.0,0.0,0.0,
M20650,M,301.7,311.2,1563.0,34.5,139.0,0,0.0,0.0,0.0,0.0,0.0,
M20651,M,301.8,311.3,1542.0,40.1,142.0,0,0.0,0.0,0.0,0.0,0.0,
M20652,M,301.8,311.3,1624.0,31.6,145.0,0,0.0,0.0,0.0,0.0,0.0,
L52973,L,301.8,311.3,1471.0,44.2,148.0,0,0.0,0.0,0.0,0.0,0.0,
M20654,M,301.9,311.5,1492.0,40.8,150.0,0,0.0,0.0,0.0,0.0,0.0,
M20655,M,301.9,311.4,1465.0,39.9,153.0,0,0.0,0.0,0.0,0.0,0.0,
L52976,L,301.7,311.1,1399.0,55.1,156.0,0,0.0,0.0,0.0,0.0,0.0,
L52977,L,301.6,311.0,1431.0,42.6,158.0,0,0.0,0.0,0.0,0.0,0.0,
L52978,L,301.5,310.9,1600.0,39.0,160.0,0,0.0,0.0,0.0,0.0,0.0,
L52979,L,301.5,310.8,1593.0,34.5,162.0,0,0.0,0.0,0.0,0.0,0.0,
L52980,L,301.5,310.9,1469.0,44.7,164.0,0,0.0,0.0,0.0,0.0,0.0,
L52981,L,301.5,310.8,1413.0,44.6,166.0,0,0.0,0.0,0.0,0.0,0.0,
L52982,L,301.4,310.8,1490.0,38.0,168.0,0,0.0,0.0,0.0,0.0,0.0,
L52983,L,301.5,310.9,1671.0,31.1,170.0,0,0.0,0.0,0.0,0.0,0.0,
L52984,L,301.5,310.9,1365.0,46.5,172.0,0,0.0,0.0,0.0,0.0,0.0,
M20665,M,301.4,310.9,1557.0,39.3,174.0,0,0.0,0.0,0.0,0.0,0.0,
L52986,L,301.4,310.9,1440.0,45.4,177.0,0,0.0,0.0,0.0,0.0,0.0,
M20667,M,301.4,310.9,1489.0,38.9,179.0,0,0.0,0.0,0.0,0.0,0.0,
L52988,L,301.4,311.0,1733.0,25.7,182.0,0,0.0,0.0,0.0,0.0,0.0,
H35223,H,301.3,311.0,1580.0,36.6,184.0,0,0.0,0.0,0.0,0.0,0.0,
L52990,L,301.3,311.0,1856.0,21.9,189.0,0,0.0,0.0,0.0,0.0,0.0,
L52991,L,301.3,311.1,1454.0,40.3,191.0,0,0.0,0.0,0.0,0.0,0.0,
L52992,L,301.4,311.1,1495.0,36.3,193.0,0,0.0,0.0,0.0,0.0,0.0,
L52993,L,301.2,311.0,1761.0,29.1,195.0,0,0.0,0.0,0.0,0.0,0.0,
M20674,M,301.3,311.0,1402.0,47.5,197.0,0,0.0,0.0,0.0,0.0,0.0,
L52995,L,301.2,311.0,1670.0,33.0,200.0,0,0.0,0.0,0.0,0.0,0.0,
L52996,L,301.3,311.0,1582.0,35.6,202.0,0,0.0,0.0,0.0,0.0,0.0,
L52997,L,301.3,311.0,1542.0,35.1,204.0,0,0.0,0.0,0.0,0.0,0.0,
L52998,L,301.3,311.0,1539.0,36.9,206.0,0,0.0,0.0,0.0,0.0,0.0,
L52999,L,301.3,311.0,1418.0,41.9,208.0,0,0.0,0.0,0.0,0.0,0.0,
L53000,L,301.3,311.1,1723.0,27.6,210.0,0,0.0,0.0,0.0,0.0,0.0,
L53001,L,301.3,311.1,1303.0,49.2,212.0,0,0.0,0.0,0.0,0.0,0.0,
M20682,M,301.3,311.0,1463.0,50.2,214.0,0,0.0,0.0,0.0,0.0,0.0,
L53003,L,301.2,311.0,1544.0,39.3,217.0,0,0.0,0.0,0.0,0.0,0.0,
L53004,L,301.2,311.0,1596.0,37.2,219.0,0,0.0,0.0,0.0,0.0,0.0,
L53005,L,301.3,311.1,1413.0,42.0,221.0,0,0.0,0.0,0.0,0.0,0.0,
M20686,M,301.3,311.1,1492.0,41.2,223.0,0,0.0,0.0,0.0,0.0,0.0,
L53007,L,301.3,311.1,1624.0,40.9,0.0,0,0.0,0.0,0.0,0.0,0.0,
L53008,L,301.3,311.1,1504.0,39.1,2.0,0,0.0,0.0,0.0,0.0,0.0,
M20689,M,301.2,311.1,1574.0,34.3,4.0,0,0.0,0.0,0.0,0.0,0.0,
M20690,M,301.3,311.2,1438.0,42.4,7.0,0,0.0,0.0,0.0,0.0,0.0,
L53011,L,301.3,311.3,1474.0,50.7,10.0,0,0.0,0.0,0.0,0.0,0.0,
L53012,L,301.3,311.2,1675.0,32.1,12.0,0,0.0,0.0,0.0,0.0,0.0,
L53013,L,301.3,311.2,1457.0,44.5,14.0,0,0.0,0.0,0.0,0.0,0.0,
L53014,L,301.3,311.3,1434.0,49.8,16.0,0,0.0,0.0,0.0,0.0,0.0,
L53015,L,301.3,311.2,1668.0,30.1,18.0,0,0.0,0.0,0.0,0.0,0.0,
L53016,L,301.2,311.1,1550.0,39.7,20.0,0,0.0,0.0,0.0,0.0,0.0,
M20697,M,301.3,311.1,1834.0,25.4,22.0,0,0.0,0.0,0.0,0.0,0.0,
M20698,M,301.4,311.2,1476.0,36.5,25.0,0,0.0,0.0,0.0,0.0,0.0,
M20699,M,301.4,311.2,1541.0,36.3,28.0,0,0.0,0.0,0.0,0.0,0.0,
M20700,M,301.3,311.1,1581.0,30.9,31.0,0,0.0,0.0,0.0,0.0,0.0,
M20701,M,301.3,311.1,1678.0,30.7,34.0,0,0.0,0.0,0.0,0.0,0.0,
L53022,L,301.4,311.2,1355.0,50.6,37.0,0,0.0,0.0,0.0,0.0,0.0,
L53023,L,301.5,311.2,1700.0,28.8,39.0,0,0.0,0.0,0.0,0.0,0.0,
L53024,L,301.4,311.1,1462.0,37.1,41.0,0,0.0,0.0,0.0,0.0,0.0,
M20705,M,301.4,311.2,1727.0,26.5,43.0,0,0.0,0.0,0.0,0.0,0.0,
L53026,L,301.4,311.3,1674.0,33.3,46.0,0,0.0,0.0,0.0,0.0,0.0,
L53027,L,301.4,311.3,1397.0,42.3,48.0,0,0.0,0.0,0.0,0.0,0.0,
L53028,L,301.4,311.3,2323.0,15.9,50.0,0,0.0,0.0,0.0,0.0,0.0,
M20709,M,301.4,311.2,1434.0,47.6,52.0,0,0.0,0.0,0.0,0.0,0.0,
L53030,L,301.3,311.1,1560.0,35.3,55.0,0,0.0,0.0,0.0,0.0,0.0,
L53031,L,301.2,311.0,1573.0,32.8,57.0,0,0.0,0.0,0.0,0.0,0.0,
H35266,H,301.2,310.9,1798.0,22.3,59.0,0,0.0,0.0,0.0,0.0,0.0,
L53033,L,301.2,311.0,1567.0,35.1,64.0,0,0.0,0.0,0.0,0.0,0.0,
L53034,L,301.2,310.9,1416.0,53.3,66.0,0,0.0,0.0,0.0,0.0,0.0,
M20715,M,301.2,310.9,1424.0,45.2,68.0,0,0.0,0.0,0.0,0.0,0.0,
H35270,H,301.2,310.9,1598.0,35.9,71.0,0,0.0,0.0,0.0,0.0,0.0,
L53037,L,301.3,310.9,1760.0,23.9,76.0,0,0.0,0.0,0.0,0.0,0.0,
L53038,L,301.3,311.0,1348.0,44.5,78.0,0,0.0,0.0,0.0,0.0,0.0,
L53039,L,301.3,311.0,1542.0,33.6,80.0,0,0.0,0.0,0.0,0.0,0.0,
L53040,L,301.3,310.9,1566.0,33.1,82.0,0,0.0,0.0,0.0,0.0,0.0,
L53041,L,301.3,311.0,1554.0,47.7,84.0,0,0.0,0.0,0.0,0.0,0.0,
L53042,L,301.4,311.0,1470.0,40.6,86.0,0,0.0,0.0,0.0,0.0,0.0,
M20723,M,301.4,311.1,1758.0,25.4,88.0,0,0.0,0.0,0.0,0.0,0.0,
M20724,M,301.4,311.0,1486.0,36.5,91.0,0,0.0,0.0,0.0,0.0,0.0,
M20725,M,301.5,311.1,1402.0,40.0,94.0,0,0.0,0.0,0.0,0.0,0.0,
L53046,L,301.5,311.1,1459.0,45.1,97.0,0,0.0,0.0,0.0,0.0,0.0,
L53047,L,301.5,311.0,1494.0,45.3,99.0,0,0.0,0.0,0.0,0.0,0.0,
L53048,L,301.5,311.1,1731.0,27.9,101.0,0,0.0,0.0,0.0,0.0,0.0,
L53049,L,301.5,311.1,2076.0,18.7,103.0,0,0.0,0.0,0.0,0.0,0.0,
L53050,L,301.5,311.1,2055.0,16.8,105.0,0,0.0,0.0,0.0,0.0,0.0,
L53051,L,301.5,311.1,1469.0,49.5,107.0,0,0.0,0.0,0.0,0.0,0.0,
M20732,M,301.5,311.0,1504.0,42.6,109.0,0,0.0,0.0,0.0,0.0,0.0,
M20733,M,301.5,311.1,1396.0,43.5,112.0,0,0.0,0.0,0.0,0.0,0.0,
M20734,M,301.5,311.1,1660.0,33.8,115.0,0,0.0,0.0,0.0,0.0,0.0,
M20735,M,301.5,311.0,1577.0,39.7,118.0,0,0.0,0.0,0.0,0.0,0.0,
L53056,L,301.5,311.1,1426.0,52.1,121.0,0,0.0,0.0,0.0,0.0,0.0,
L53057,L,301.5,311.1,1458.0,41.4,123.0,0,0.0,0.0,0.0,0.0,0.0,
L53058,L,301.4,311.0,1533.0,45.8,125.0,0,0.0,0.0,0.0,0.0,0.0,
L53059,L,301.4,311.0,1701.0,28.4,127.0,0,0.0,0.0,0.0,0.0,0.0,
L53060,L,301.5,311.1,1434.0,49.6,129.0,0,0.0,0.0,0.0,0.0,0.0,
L53061,L,301.4,311.1,1952.0,22.7,131.0,0,0.0,0.0,0.0,0.0,0.0,
L53062,L,301.4,311.1,1469.0,36.9,133.0,0,0.0,0.0,0.0,0.0,0.0,
L53063,L,301.4,311.1,1800.0,26.0,135.0,0,0.0,0.0,0.0,0.0,0.0,
M20744,M,301.3,311.1,1438.0,43.0,137.0,0,0.0,0.0,0.0,0.0,0.0,
L53065,L,301.3,311.1,1647.0,28.2,140.0,0,0.0,0.0,0.0,0.0,0.0,
L53066,L,301.4,311.1,1494.0,41.9,142.0,0,0.0,0.0,0.0,0.0,0.0,
H35301,H,301.4,311.1,1445.0,41.4,144.0,0,0.0,0.0,0.0,0.0,0.0,
M20748,M,301.5,311.1,1507.0,38.6,149.0,0,0.0,0.0,0.0,0.0,0.0,
M20749,M,301.4,311.0,1234.0,55.8,152.0,0,0.0,0.0,0.0,0.0,0.0,
L53070,L,301.4,311.0,1634.0,32.6,155.0,0,0.0,0.0,0.0,0.0,0.0,
L53071,L,301.4,311.0,1334.0,53.3,157.0,0,0.0,0.0,0.0,0.0,0.0,
L53072,L,301.4,311.1,1472.0,44.5,159.0,0,0.0,0.0,0.0,0.0,0.0,
M20753,M,301.3,311.0,1410.0,52.7,161.0,0,0.0,0.0,0.0,0.0,0.0,
L53074,L,301.2,310.9,1597.0,37.9,164.0,0,0.0,0.0,0.0,0.0,0.0,
M20755,M,301.2,310.9,1460.0,46.7,166.0,0,0.0,0.0,0.0,0.0,0.0,
L53076,L,301.1,310.8,1274.0,55.7,169.0,0,0.0,0.0,0.0,0.0,0.0,
M20757,M,301.0,310.7,1517.0,40.2,171.0,0,0.0,0.0,0.0,0.0,0.0,
L53078,L,301.0,310.7,1300.0,57.2,174.0,0,0.0,0.0,0.0,0.0,0.0,
H35313,H,300.9,310.6,1686.0,27.7,176.0,0,0.0,0.0,0.0,0.0,0.0,
M20760,M,300.9,310.7,1485.0,41.0,181.0,0,0.0,0.0,0.0,0.0,0.0,
L53081,L,301.0,310.7,1464.0,45.8,184.0,0,0.0,0.0,0.0,0.0,0.0,
L53082,L,300.9,310.6,1598.0,35.4,186.0,0,0.0,0.0,0.0,0.0,0.0,
L53083,L,300.9,310.5,1894.0,21.9,188.0,0,0.0,0.0,0.0,0.0,0.0,
M20764,M,300.8,310.5,1330.0,59.0,190.0,0,0.0,0.0,0.0,0.0,0.0,
H35319,H,300.8,310.5,1582.0,31.1,193.0,0,0.0,0.0,0.0,0.0,0.0,
L53086,L,300.7,310.3,1533.0,35.6,198.0,0,0.0,0.0,0.0,0.0,0.0,
H35321,H,300.8,310.4,1419.0,46.4,200.0,0,0.0,0.0,0.0,0.0,0.0,
M20768,M,300.8,310.3,1526.0,36.3,205.0,0,0.0,0.0,0.0,0.0,0.0,
H35323,H,300.7,310.2,1364.0,65.3,208.0,1,1.0,0.0,1.0,1.0,0.0,
M20770,M,300.8,310.3,1458.0,43.4,0.0,0,0.0,0.0,0.0,0.0,0.0,
M20771,M,300.8,310.4,1288.0,64.0,3.0,0,0.0,0.0,0.0,0.0,0.0,
M20772,M,300.7,310.3,1659.0,29.8,6.0,0,0.0,0.0,0.0,0.0,0.0,
H35327,H,300.7,310.2,1479.0,52.3,9.0,0,0.0,0.0,0.0,0.0,0.0,
L53094,L,300.7,310.3,1592.0,36.0,14.0,0,0.0,0.0,0.0,0.0,0.0,
M20775,M,300.6,310.2,1532.0,38.7,16.0,0,0.0,0.0,0.0,0.0,0.0,
L53096,L,300.6,310.2,1555.0,41.9,19.0,0,0.0,0.0,0.0,0.0,0.0,
L53097,L,300.6,310.2,1341.0,52.6,21.0,0,0.0,0.0,0.0,0.0,0.0,
L53098,L,300.6,310.1,1541.0,42.0,23.0,0,0.0,0.0,0.0,0.0,0.0,
L53099,L,300.6,310.3,1414.0,50.6,25.0,0,0.0,0.0,0.0,0.0,0.0,
L53100,L,300.5,310.2,1764.0,25.9,27.0,0,0.0,0.0,0.0,0.0,0.0,
L53101,L,300.5,310.3,1336.0,57.1,29.0,0,0.0,0.0,0.0,0.0,0.0,
L53102,L,300.5,310.3,1435.0,43.3,31.0,0,0.0,0.0,0.0,0.0,0.0,
M20783,M,300.4,310.3,1537.0,35.0,33.0,0,0.0,0.0,0.0,0.0,0.0,
L53104,L,300.3,310.2,1369.0,48.8,36.0,0,0.0,0.0,0.0,0.0,0.0,
M20785,M,300.2,310.1,1619.0,31.3,38.0,0,0.0,0.0,0.0,0.0,0.0,
L53106,L,300.2,310.1,1440.0,51.1,41.0,0,0.0,0.0,0.0,0.0,0.0,
L53107,L,300.2,310.1,1649.0,30.5,43.0,0,0.0,0.0,0.0,0.0,0.0,
M20788,M,300.2,310.1,1550.0,38.7,45.0,0,0.0,0.0,0.0,0.0,0.0,
L53109,L,300.3,310.2,1471.0,45.2,48.0,0,0.0,0.0,0.0,0.0,0.0,
L53110,L,300.3,310.3,1483.0,51.6,50.0,0,0.0,0.0,0.0,0.0,0.0,
L53111,L,300.3,310.4,1336.0,54.4,52.0,0,0.0,0.0,0.0,0.0,0.0,
L53112,L,300.5,310.5,1515.0,36.6,54.0,0,0.0,0.0,0.0,0.0,0.0,
L53113,L,300.5,310.5,1373.0,47.4,56.0,0,0.0,0.0,0.0,0.0,0.0,
H35348,H,300.6,310.5,1454.0,51.2,58.0,0,0.0,0.0,0.0,0.0,0.0,
L53115,L,300.5,310.5,1646.0,34.5,63.0,0,0.0,0.0,0.0,0.0,0.0,
M20796,M,300.5,310.4,1548.0,37.3,65.0,0,0.0,0.0,0.0,0.0,0.0,
M20797,M,300.6,310.5,1462.0,41.3,68.0,0,0.0,0.0,0.0,0.0,0.0,
L53118,L,300.5,310.4,1702.0,33.1,71.0,0,0.0,0.0,0.0,0.0,0.0,
L53119,L,300.5,310.5,1409.0,60.9,73.0,0,0.0,0.0,0.0,0.0,0.0,
M20800,M,300.6,310.6,1427.0,52.8,75.0,0,0.0,0.0,0.0,0.0,0.0,
L53121,L,300.6,310.7,1438.0,48.5,78.0,1,0.0,0.0,0.0,0.0,0.0,
L53122,L,300.7,310.7,1450.0,43.4,80.0,0,0.0,0.0,0.0,0.0,0.0,
L53123,L,300.7,310.7,1541.0,41.3,82.0,0,0.0,0.0,0.0,0.0,0.0,
M20804,M,300.7,310.6,1484.0,38.0,84.0,0,0.0,0.0,0.0,0.0,0.0,
M20805,M,300.8,310.8,1415.0,44.5,87.0,0,0.0,0.0,0.0,0.0,0.0,
L53126,L,300.7,310.8,1496.0,46.4,90.0,0,0.0,0.0,0.0,0.0,0.0,
M20807,M,300.7,310.8,1465.0,45.2,92.0,0,0.0,0.0,0.0,0.0,0.0,
L53128,L,300.7,310.8,2113.0,18.5,95.0,0,0.0,0.0,0.0,0.0,0.0,
M20809,M,300.7,310.8,1506.0,44.0,97.0,0,0.0,0.0,0.0,0.0,0.0,
L53130,L,300.7,310.8,1689.0,28.9,100.0,0,0.0,0.0,0.0,0.0,0.0,
L53131,L,300.7,310.9,1650.0,29.4,102.0,0,0.0,0.0,0.0,0.0,0.0,
L53132,L,300.7,310.8,1563.0,33.8,104.0,0,0.0,0.0,0.0,0.0,0.0,
M20813,M,300.7,310.9,1486.0,38.9,106.0,0,0.0,0.0,0.0,0.0,0.0,
L53134,L,300.8,310.9,1732.0,25.7,109.0,0,0.0,0.0,0.0,0.0,0.0,
L53135,L,300.7,310.8,1653.0,31.6,111.0,0,0.0,0.0,0.0,0.0,0.0,
L53136,L,300.7,310.9,1535.0,37.1,113.0,0,0.0,0.0,0.0,0.0,0.0,
L53137,L,300.7,310.9,1637.0,37.2,115.0,0,0.0,0.0,0.0,0.0,0.0,
L53138,L,300.6,310.8,1533.0,38.5,117.0,0,0.0,0.0,0.0,0.0,0.0,
L53139,L,300.6,310.8,1378.0,51.2,119.0,0,0.0,0.0,0.0,0.0,0.0,
L53140,L,300.5,310.7,1606.0,33.5,121.0,0,0.0,0.0,0.0,0.0,0.0,
L53141,L,300.3,310.7,1539.0,32.3,123.0,0,0.0,0.0,0.0,0.0,0.0,
L53142,L,300.5,310.8,1728.0,26.3,125.0,0,0.0,0.0,0.0,0.0,0.0,
H35377,H,300.4,310.7,1656.0,36.3,127.0,0,0.0,0.0,0.0,0.0,0.0,
H35378,H,300.5,310.8,1631.0,30.5,132.0,0,0.0,0.0,0.0,0.0,0.0,
H35379,H,300.5,310.9,1447.0,46.5,137.0,0,0.0,0.0,0.0,0.0,0.0,
L53146,L,300.4,310.8,1396.0,49.3,142.0,0,0.0,0.0,0.0,0.0,0.0,
L53147,L,300.4,310.8,1390.0,52.5,144.0,0,0.0,0.0,0.0,0.0,0.0,
L53148,L,300.4,310.8,1348.0,56.0,146.0,0,0.0,0.0,0.0,0.0,0.0,
M20829,M,300.4,310.8,1491.0,35.9,148.0,0,0.0,0.0,0.0,0.0,0.0,
L53150,L,300.4,310.8,1520.0,37.6,151.0,0,0.0,0.0,0.0,0.0,0.0,
L53151,L,300.5,310.8,1509.0,33.0,153.0,0,0.0,0.0,0.0,0.0,0.0,
L53152,L,300.5,310.8,1445.0,46.6,155.0,0,0.0,0.0,0.0,0.0,0.0,
L53153,L,300.5,310.8,1354.0,51.8,157.0,0,0.0,0.0,0.0,0.0,0.0,
L53154,L,300.5,310.7,1488.0,39.4,159.0,0,0.0,0.0,0.0,0.0,0.0,
H35389,H,300.5,310.7,1654.0,28.6,161.0,0,0.0,0.0,0.0,0.0,0.0,
H35390,H,300.5,310.6,1378.0,51.5,166.0,0,0.0,0.0,0.0,0.0,0.0,
L53157,L,300.6,310.7,1750.0,30.6,171.0,0,0.0,0.0,0.0,0.0,0.0,
L53158,L,300.5,310.6,1448.0,46.3,173.0,0,0.0,0.0,0.0,0.0,0.0,
H35393,H,300.6,310.7,1501.0,45.3,175.0,0,0.0,0.0,0.0,0.0,0.0,
M20840,M,300.6,310.7,1654.0,32.0,180.0,0,0.0,0.0,0.0,0.0,0.0,
M20841,M,300.7,310.7,1347.0,46.5,183.0,0,0.0,0.0,0.0,0.0,0.0,
L53162,L,300.7,310.8,1486.0,37.1,186.0,0,0.0,0.0,0.0,0.0,0.0,
H35397,H,300.8,310.8,1466.0,45.2,188.0,0,0.0,0.0,0.0,0.0,0.0,
H35398,H,300.7,310.8,1346.0,52.0,193.0,0,0.0,0.0,0.0,0.0,0.0,
L53165,L,300.7,310.7,1314.0,42.4,198.0,0,0.0,0.0,0.0,0.0,0.0,
L53166,L,300.6,310.7,1440.0,52.5,200.0,0,0.0,0.0,0.0,0.0,0.0,
L53167,L,300.7,310.8,1608.0,39.5,202.0,0,0.0,0.0,0.0,0.0,0.0,
H35402,H,300.7,310.8,1296.0,58.2,204.0,0,0.0,0.0,0.0,0.0,0.0,
L53169,L,300.7,310.7,1507.0,46.1,209.0,0,0.0,0.0,0.0,0.0,0.0,
M20850,M,300.7,310.7,1343.0,51.6,211.0,0,0.0,0.0,0.0,0.0,0.0,
L53171,L,300.7,310.7,1416.0,40.4,214.0,0,0.0,0.0,0.0,0.0,0.0,
L53172,L,300.7,310.6,1288.0,47.2,216.0,0,0.0,0.0,0.0,0.0,0.0,
M20853,M,300.7,310.6,1407.0,42.4,218.0,0,0.0,0.0,0.0,0.0,0.0,
L53174,L,300.6,310.4,1608.0,39.2,221.0,0,0.0,0.0,0.0,0.0,0.0,
L53175,L,300.6,310.3,1920.0,22.3,223.0,0,0.0,0.0,0.0,0.0,0.0,
M20856,M,300.5,310.2,1386.0,48.2,225.0,0,0.0,0.0,0.0,0.0,0.0,
M20857,M,300.5,310.2,1571.0,34.6,228.0,0,0.0,0.0,0.0,0.0,0.0,
M20858,M,300.4,310.2,1613.0,36.9,231.0,0,0.0,0.0,0.0,0.0,0.0,
M20859,M,300.4,310.2,1671.0,30.5,234.0,1,1.0,0.0,0.0,0.0,0.0,
H35414,H,300.4,310.2,1431.0,43.2,0.0,0,0.0,0.0,0.0,0.0,0.0,
M20861,M,300.4,310.2,1380.0,47.3,5.0,0,0.0,0.0,0.0,0.0,0.0,
L53182,L,300.5,310.3,1683.0,31.5,8.0,0,0.0,0.0,0.0,0.0,0.0,
L53183,L,300.4,310.2,1529.0,36.2,10.0,0,0.0,0.0,0.0,0.0,0.0,
L53184,L,300.5,310.4,1761.0,26.5,12.0,0,0.0,0.0,0.0,0.0,0.0,
L53185,L,300.6,310.5,1570.0,38.3,14.0,0,0.0,0.0,0.0,0.0,0.0,
M20866,M,300.6,310.5,2156.0,18.0,16.0,0,0.0,0.0,0.0,0.0,0.0,
M20867,M,300.7,310.6,1349.0,54.5,19.0,0,0.0,0.0,0.0,0.0,0.0,
L53188,L,300.7,310.7,1431.0,39.3,22.0,0,0.0,0.0,0.0,0.0,0.0,
L53189,L,300.6,310.6,1931.0,22.0,24.0,0,0.0,0.0,0.0,0.0,0.0,
H35424,H,300.7,310.7,1428.0,43.4,26.0,0,0.0,0.0,0.0,0.0,0.0,
L53191,L,300.8,310.8,1564.0,36.2,31.0,0,0.0,0.0,0.0,0.0,0.0,
H35426,H,300.8,310.9,1425.0,44.0,33.0,0,0.0,0.0,0.0,0.0,0.0,
L53193,L,300.7,310.8,1597.0,30.5,38.0,0,0.0,0.0,0.0,0.0,0.0,
H35428,H,300.8,310.8,1618.0,32.8,40.0,0,0.0,0.0,0.0,0.0,0.0,
M20875,M,300.8,310.8,1520.0,38.0,45.0,0,0.0,0.0,0.0,0.0,0.0,
L53196,L,300.7,310.7,1425.0,45.3,48.0,0,0.0,0.0,0.0,0.0,0.0,
L53197,L,300.8,310.9,1398.0,38.2,50.0,0,0.0,0.0,0.0,0.0,0.0,
M20878,M,300.8,310.9,1557.0,31.6,52.0,0,0.0,0.0,0.0,0.0,0.0,
L53199,L,300.7,310.8,1519.0,43.9,55.0,0,0.0,0.0,0.0,0.0,0.0,
L53200,L,300.7,310.8,1619.0,34.9,57.0,0,0.0,0.0,0.0,0.0,0.0,
L53201,L,300.7,310.8,1814.0,21.4,59.0,0,0.0,0.0,0.0,0.0,0.0,
L53202,L,300.7,310.9,1521.0,39.4,61.0,0,0.0,0.0,0.0,0.0,0.0,
M20883,M,300.7,310.9,1369.0,51.2,63.0,0,0.0,0.0,0.0,0.0,0.0,
L53204,L,300.7,310.9,1356.0,65.3,66.0,1,0.0,0.0,1.0,0.0,0.0,
L53205,L,300.7,311.0,1336.0,53.3,68.0,0,0.0,0.0,0.0,0.0,0.0,
L53206,L,300.7,311.0,1403.0,48.3,70.0,0,0.0,0.0,0.0,0.0,0.0,
M20887,M,300.7,311.0,1413.0,44.3,72.0,0,0.0,0.0,0.0,0.0,0.0,
L53208,L,300.6,310.9,1472.0,47.6,75.0,0,0.0,0.0,0.0,0.0,0.0,
M20889,M,300.7,310.8,1452.0,47.9,77.0,0,0.0,0.0,0.0,0.0,0.0,
L53210,L,300.6,310.7,1397.0,53.7,80.0,0,0.0,0.0,0.0,0.0,0.0,
L53211,L,300.6,310.7,1455.0,40.6,82.0,0,0.0,0.0,0.0,0.0,0.0,
L53212,L,300.7,310.8,1754.0,27.7,84.0,0,0.0,0.0,0.0,0.0,0.0,
L53213,L,300.6,310.9,1471.0,37.9,86.0,0,0.0,0.0,0.0,0.0,0.0,
M20894,M,300.6,310.8,1389.0,48.1,88.0,0,0.0,0.0,0.0,0.0,0.0,
M20895,M,300.6,310.9,1702.0,30.3,91.0,0,0.0,0.0,0.0,0.0,0.0,
M20896,M,300.6,311.0,1401.0,54.6,94.0,0,0.0,0.0,0.0,0.0,0.0,
L53217,L,300.7,311.1,1426.0,46.2,97.0,0,0.0,0.0,0.0,0.0,0.0,
L53218,L,300.7,311.0,1496.0,38.3,99.0,0,0.0,0.0,0.0,0.0,0.0,
L53219,L,300.6,310.9,1433.0,42.6,101.0,0,0.0,0.0,0.0,0.0,0.0,
M20900,M,300.7,311.1,1438.0,46.6,103.0,0,0.0,0.0,0.0,0.0,0.0,
M20901,M,300.7,311.0,1418.0,49.3,106.0,0,0.0,0.0,0.0,0.0,0.0,
M20902,M,300.8,311.0,1580.0,36.6,109.0,0,0.0,0.0,0.0,0.0,0.0,
M20903,M,300.7,310.9,1468.0,41.8,112.0,0,0.0,0.0,0.0,0.0,0.0,
M20904,M,300.8,310.9,1522.0,41.7,115.0,0,0.0,0.0,0.0,0.0,0.0,
L53225,L,300.8,310.9,1311.0,55.8,118.0,0,0.0,0.0,0.0,0.0,0.0,
L53226,L,300.9,311.0,1316.0,56.5,120.0,0,0.0,0.0,0.0,0.0,0.0,
H35461,H,300.9,311.0,1853.0,23.6,122.0,0,0.0,0.0,0.0,0.0,0.0,
M20908,M,300.9,311.0,1556.0,38.8,127.0,0,0.0,0.0,0.0,0.0,0.0,
M20909,M,300.9,311.0,1567.0,34.3,130.0,0,0.0,0.0,0.0,0.0,0.0,
M20910,M,300.9,311.1,1546.0,37.7,133.0,0,0.0,0.0,0.0,0.0,0.0,
L53231,L,300.9,311.0,1382.0,51.2,136.0,0,0.0,0.0,0.0,0.0,0.0,
L53232,L,300.9,311.0,2003.0,20.2,138.0,0,0.0,0.0,0.0,0.0,0.0,
L53233,L,300.8,310.9,1748.0,29.9,140.0,0,0.0,0.0,0.0,0.0,0.0,
H35468,H,300.7,310.8,1518.0,40.1,142.0,0,0.0,0.0,0.0,0.0,0.0,
L53235,L,300.7,310.8,1475.0,42.0,147.0,0,0.0,0.0,0.0,0.0,0.0,
L53236,L,300.8,310.8,1634.0,29.2,149.0,0,0.0,0.0,0.0,0.0,0.0,
L53237,L,300.8,310.8,1689.0,32.9,151.0,0,0.0,0.0,0.0,0.0,0.0,
M20918,M,300.9,310.9,1636.0,35.3,153.0,0,0.0,0.0,0.0,0.0,0.0,
L53239,L,300.9,311.0,2235.0,15.8,156.0,0,0.0,0.0,0.0,0.0,0.0,
L53240,L,301.0,311.1,1615.0,35.6,158.0,0,0.0,0.0,0.0,0.0,0.0,
H35475,H,301.1,311.1,1618.0,29.5,160.0,0,0.0,0.0,0.0,0.0,0.0,
M20922,M,301.1,311.2,1407.0,53.0,165.0,0,0.0,0.0,0.0,0.0,0.0,
L53243,L,301.1,311.1,1450.0,43.3,168.0,0,0.0,0.0,0.0,0.0,0.0,
L53244,L,301.1,311.1,1889.0,23.8,170.0,0,0.0,0.0,0.0,0.0,0.0,
L53245,L,301.0,310.9,1568.0,38.2,172.0,0,0.0,0.0,0.0,0.0,0.0,
L53246,L,301.0,311.0,1804.0,25.8,174.0,0,0.0,0.0,0.0,0.0,0.0,
L53247,L,301.0,311.0,1582.0,37.5,176.0,0,0.0,0.0,0.0,0.0,0.0,
M20928,M,301.0,310.9,2047.0,17.9,178.0,0,0.0,0.0,0.0,0.0,0.0,
L53249,L,300.9,310.9,1601.0,34.0,181.0,0,0.0,0.0,0.0,0.0,0.0,
L53250,L,300.9,310.9,1615.0,32.0,183.0,0,0.0,0.0,0.0,0.0,0.0,
M20931,M,300.9,310.8,1452.0,43.6,185.0,0,0.0,0.0,0.0,0.0,0.0,
M20932,M,300.9,310.8,1695.0,30.2,188.0,0,0.0,0.0,0.0,0.0,0.0,
M20933,M,300.9,310.8,1790.0,26.2,191.0,0,0.0,0.0,0.0,0.0,0.0,
M20934,M,301.0,310.8,1533.0,39.3,194.0,0,0.0,0.0,0.0,0.0,0.0,
L53255,L,301.0,310.9,1813.0,28.5,197.0,0,0.0,0.0,0.0,0.0,0.0,
L53256,L,301.0,310.9,1492.0,36.7,199.0,0,0.0,0.0,0.0,0.0,0.0,
L53257,L,300.9,310.7,1479.0,43.3,201.0,0,0.0,0.0,0.0,0.0,0.0,
L53258,L,300.8,310.7,1339.0,59.1,203.0,1,0.0,0.0,0.0,1.0,0.0,
M20939,M,300.8,310.7,1371.0,44.7,205.0,0,0.0,0.0,0.0,0.0,0.0,
L53260,L,300.9,310.7,1468.0,36.2,208.0,0,0.0,0.0,0.0,0.0,0.0,
L53261,L,300.9,310.7,1517.0,41.7,210.0,0,0.0,0.0,0.0,0.0,0.0,
L53262,L,300.9,310.7,1352.0,46.4,212.0,0,0.0,0.0,0.0,0.0,0.0,
L53263,L,300.9,310.7,1389.0,50.0,214.0,0,0.0,0.0,0.0,0.0,0.0,
M20944,M,300.8,310.6,1505.0,36.2,0.0,0,0.0,0.0,0.0,0.0,0.0,
L53265,L,300.9,310.6,1538.0,36.7,3.0,0,0.0,0.0,0.0,0.0,0.0,
L53266,L,300.9,310.8,1482.0,37.0,5.0,0,0.0,0.0,0.0,0.0,0.0,
M20947,M,300.9,310.8,1599.0,33.0,7.0,0,0.0,0.0,0.0,0.0,0.0,
L53268,L,300.9,310.8,1476.0,39.0,10.0,0,0.0,0.0,0.0,0.0,0.0,
L53269,L,300.9,310.7,1509.0,37.5,12.0,0,0.0,0.0,0.0,0.0,0.0,
L53270,L,300.9,310.8,1708.0,29.1,14.0,0,0.0,0.0,0.0,0.0,0.0,
L53271,L,300.9,310.7,1412.0,57.5,16.0,0,0.0,0.0,0.0,0.0,1.0,
L53272,L,300.9,310.7,1658.0,28.5,18.0,0,0.0,0.0,0.0,0.0,0.0,
L53273,L,301.0,310.8,1375.0,57.2,20.0,0,0.0,0.0,0.0,0.0,0.0,
M20954,M,300.9,310.8,1402.0,48.1,22.0,0,0.0,0.0,0.0,0.0,0.0,
M20955,M,300.9,310.7,1452.0,47.3,25.0,0,0.0,0.0,0.0,0.0,0.0,
M20956,M,300.8,310.7,1483.0,40.8,28.0,0,0.0,0.0,0.0,0.0,0.0,
H35511,H,300.9,310.8,1477.0,38.4,31.0,0,0.0,0.0,0.0,0.0,0.0,
M20958,M,300.8,310.7,1924.0,22.4,36.0,0,0.0,0.0,0.0,0.0,0.0,
H35513,H,300.9,310.7,1609.0,28.7,39.0,0,0.0,0.0,0.0,0.0,0.0,
M20960,M,300.8,310.7,1886.0,21.1,44.0,0,0.0,0.0,0.0,0.0,0.0,
L53281,L,300.7,310.6,1616.0,29.6,47.0,0,0.0,0.0,0.0,0.0,0.0,
L53282,L,300.7,310.7,1442.0,43.2,49.0,0,0.0,0.0,0.0,0.0,0.0,
L53283,L,300.8,310.8,1407.0,45.1,51.0,0,0.0,0.0,0.0,0.0,0.0,
M20964,M,300.8,310.8,1461.0,41.3,53.0,0,0.0,0.0,0.0,0.0,0.0,
M20965,M,300.8,310.9,1522.0,46.2,56.0,0,0.0,0.0,0.0,0.0,0.0,
L53286,L,300.9,311.0,1432.0,48.1,59.0,0,0.0,0.0,0.0,0.0,0.0,
L53287,L,300.9,311.0,1438.0,49.0,61.0,0,0.0,0.0,0.0,0.0,0.0,
M20968,M,300.8,310.9,1678.0,28.1,63.0,0,0.0,0.0,0.0,0.0,0.0,
M20969,M,300.8,310.9,1514.0,38.7,66.0,0,0.0,0.0,0.0,0.0,0.0,
L53290,L,300.7,310.8,1534.0,41.3,69.0,0,0.0,0.0,0.0,0.0,0.0,
M20971,M,300.7,310.8,1486.0,41.2,71.0,0,0.0,0.0,0.0,0.0,0.0,
L53292,L,300.7,310.8,1925.0,22.0,74.0,0,0.0,0.0,0.0,0.0,0.0,
M20973,M,300.7,310.8,1724.0,30.0,76.0,0,0.0,0.0,0.0,0.0,0.0,
M20974,M,300.8,310.8,1549.0,35.5,79.0,0,0.0,0.0,0.0,0.0,0.0,
L53295,L,300.8,310.9,1457.0,47.7,82.0,0,0.0,0.0,0.0,0.0,0.0,
L53296,L,300.8,310.9,1453.0,43.9,84.0,0,0.0,0.0,0.0,0.0,0.0,
L53297,L,300.8,311.0,1578.0,44.4,86.0,0,0.0,0.0,0.0,0.0,0.0,
M20978,M,300.9,311.1,1325.0,61.4,88.0,0,0.0,0.0,0.0,0.0,0.0,
L53299,L,300.9,311.1,1471.0,39.3,91.0,0,0.0,0.0,0.0,0.0,0.0,
M20980,M,300.9,311.2,1472.0,40.0,93.0,0,0.0,0.0,0.0,0.0,0.0,
L53301,L,300.9,311.1,1457.0,37.4,96.0,0,0.0,0.0,0.0,0.0,0.0,
L53302,L,301.0,311.0,1402.0,55.3,98.0,0,0.0,0.0,0.0,0.0,0.0,
L53303,L,300.9,310.9,1477.0,41.5,100.0,0,0.0,0.0,0.0,0.0,0.0,
M20984,M,300.9,310.9,1727.0,30.1,102.0,0,0.0,0.0,0.0,0.0,0.0,
L53305,L,300.9,310.9,1995.0,20.2,105.0,0,0.0,0.0,0.0,0.0,0.0,
L53306,L,300.9,310.9,1370.0,52.5,107.0,0,0.0,0.0,0.0,0.0,0.0,
L53307,L,300.9,310.9,1228.0,66.4,109.0,0,0.0,0.0,0.0,0.0,0.0,
L53308,L,300.9,311.0,1499.0,38.0,111.0,0,0.0,0.0,0.0,0.0,0.0,
M20989,M,301.0,311.0,1508.0,46.9,113.0,0,0.0,0.0,0.0,0.0,0.0,
L53310,L,301.0,310.9,1473.0,44.2,116.0,0,0.0,0.0,0.0,0.0,0.0,
H35545,H,301.0,311.0,1640.0,37.6,118.0,0,0.0,0.0,0.0,0.0,0.0,
L53312,L,301.1,311.1,1429.0,42.5,123.0,0,0.0,0.0,0.0,0.0,0.0,
L53313,L,301.1,311.1,1470.0,40.9,125.0,0,0.0,0.0,0.0,0.0,0.0,
L53314,L,301.0,311.0,1581.0,37.0,127.0,0,0.0,0.0,0.0,0.0,0.0,
L53315,L,301.0,310.9,1740.0,28.9,129.0,0,0.0,0.0,0.0,0.0,0.0,
H35550,H,300.9,310.8,1390.0,40.6,131.0,0,0.0,0.0,0.0,0.0,0.0,
M20997,M,300.9,310.8,1988.0,19.7,136.0,0,0.0,0.0,0.0,0.0,0.0,
M20998,M,300.8,310.7,1452.0,43.0,139.0,0,0.0,0.0,0.0,0.0,0.0,
L53319,L,300.8,310.7,1586.0,33.4,142.0,0,0.0,0.0,0.0,0.0,0.0,
L53320,L,300.8,310.7,1589.0,34.3,144.0,0,0.0,0.0,0.0,0.0,0.0,
L53321,L,300.8,310.8,1486.0,45.7,146.0,0,0.0,0.0,0.0,0.0,0.0,
L53322,L,300.9,310.9,1755.0,27.9,148.0,0,0.0,0.0,0.0,0.0,0.0,
M21003,M,301.0,310.9,1575.0,34.6,150.0,0,0.0,0.0,0.0,0.0,0.0,
M21004,M,301.1,311.1,1615.0,37.7,153.0,0,0.0,0.0,0.0,0.0,0.0,
M21005,M,301.1,311.1,1436.0,41.8,156.0,0,0.0,0.0,0.0,0.0,0.0,
M21006,M,301.1,311.1,1470.0,40.6,159.0,0,0.0,0.0,0.0,0.0,0.0,
M21007,M,301.1,311.1,2089.0,19.8,162.0,0,0.0,0.0,0.0,0.0,0.0,
L53328,L,301.1,311.2,1564.0,37.0,165.0,0,0.0,0.0,0.0,0.0,0.0,
M21009,M,301.0,311.1,1420.0,47.4,167.0,0,0.0,0.0,0.0,0.0,0.0,
L53330,L,301.1,311.1,1711.0,29.1,170.0,0,0.0,0.0,0.0,0.0,0.0,
L53331,L,301.1,311.2,1555.0,35.3,172.0,0,0.0,0.0,0.0,0.0,0.0,
M21012,M,301.1,311.1,1592.0,35.7,174.0,0,0.0,0.0,0.0,0.0,0.0,
L53333,L,301.0,311.1,1236.0,64.4,177.0,1,0.0,0.0,0.0,1.0,0.0,
M21014,M,301.0,310.9,1765.0,24.2,179.0,0,0.0,0.0,0.0,0.0,0.0,
L53335,L,301.0,311.0,1634.0,31.2,182.0,0,0.0,0.0,0.0,0.0,0.0,
L53336,L,301.1,311.1,1508.0,41.5,184.0,0,0.0,0.0,0.0,0.0,0.0,
L53337,L,301.1,311.2,1774.0,29.6,186.0,0,0.0,0.0,0.0,0.0,0.0,
L53338,L,301.1,311.0,1677.0,29.1,188.0,0,0.0,0.0,0.0,0.0,0.0,
L53339,L,301.0,311.0,1399.0,58.0,190.0,1,0.0,0.0,0.0,1.0,0.0,
L53340,L,301.0,310.9,1570.0,34.0,192.0,0,0.0,0.0,0.0,0.0,0.0,
L53341,L,301.0,310.9,1479.0,44.3,194.0,0,0.0,0.0,0.0,0.0,0.0,
L53342,L,301.0,310.8,1558.0,34.9,196.0,0,0.0,0.0,0.0,0.0,0.0,
L53343,L,300.8,310.7,1358.0,48.1,198.0,0,0.0,0.0,0.0,0.0,0.0,
H35578,H,300.9,310.7,1656.0,30.7,200.0,0,0.0,0.0,0.0,0.0,0.0,
L53345,L,300.9,310.7,1523.0,35.8,205.0,0,0.0,0.0,0.0,0.0,0.0,
H35580,H,300.9,310.7,1403.0,40.6,207.0,0,0.0,0.0,0.0,0.0,0.0,
M21027,M,300.9,310.7,1362.0,51.6,212.0,0,0.0,0.0,0.0,0.0,0.0,
M21028,M,300.7,310.6,1778.0,27.1,215.0,0,0.0,0.0,0.0,0.0,0.0,
L53349,L,300.7,310.5,1448.0,38.2,218.0,0,0.0,0.0,0.0,0.0,0.0,
H35584,H,300.8,310.5,1559.0,40.1,220.0,0,0.0,0.0,0.0,0.0,0.0,
L53351,L,300.8,310.6,1416.0,42.2,225.0,0,0.0,0.0,0.0,0.0,0.0,
L53352,L,300.8,310.6,1577.0,37.9,227.0,1,1.0,0.0,0.0,0.0,0.0,
L53353,L,300.8,310.7,1633.0,27.8,0.0,0,0.0,0.0,0.0,0.0,0.0,
L53354,L,300.9,310.7,1573.0,31.2,2.0,0,0.0,0.0,0.0,0.0,0.0,
L53355,L,300.9,310.8,1517.0,44.3,4.0,0,0.0,0.0,0.0,0.0,0.0,
L53356,L,301.0,310.9,1515.0,37.3,6.0,0,0.0,0.0,0.0,0.0,0.0,
L53357,L,301.0,310.8,1527.0,45.3,8.0,0,0.0,0.0,0.0,0.0,0.0,
L53358,L,301.1,310.9,1282.0,67.9,10.0,1,0.0,0.0,1.0,0.0,0.0,
M21039,M,301.1,310.9,1396.0,45.1,12.0,0,0.0,0.0,0.0,0.0,0.0,
L53360,L,301.0,310.9,1492.0,44.6,15.0,0,0.0,0.0,0.0,0.0,0.0,
L53361,L,301.0,310.8,1975.0,19.7,17.0,0,0.0,0.0,0.0,0.0,0.0,
L53362,L,301.0,310.8,1475.0,35.3,19.0,0,0.0,0.0,0.0,0.0,0.0,
H35597,H,301.0,310.9,1495.0,37.3,21.0,0,0.0,0.0,0.0,0.0,0.0,
L53364,L,301.0,311.0,1553.0,35.8,26.0,0,0.0,0.0,0.0,0.0,0.0,
L53365,L,301.1,311.0,1918.0,21.7,28.0,0,0.0,0.0,0.0,0.0,0.0,
M21046,M,301.1,311.0,1413.0,46.6,30.0,0,0.0,0.0,0.0,0.0,0.0,
L53367,L,301.0,311.0,1437.0,56.0,33.0,0,0.0,0.0,0.0,0.0,0.0,
L53368,L,301.0,310.9,1450.0,45.9,35.0,0,0.0,0.0,0.0,0.0,0.0,
M21049,M,301.0,310.9,1910.0,21.9,37.0,0,0.0,0.0,0.0,0.0,0.0,
L53370,L,300.9,310.9,1749.0,26.4,40.0,0,0.0,0.0,0.0,0.0,0.0,
H35605,H,301.0,310.9,1916.0,22.0,42.0,0,0.0,0.0,0.0,0.0,0.0,
L53372,L,301.0,310.9,1428.0,45.3,47.0,0,0.0,0.0,0.0,0.0,0.0,
L53373,L,301.0,310.9,1578.0,38.4,49.0,0,0.0,0.0,0.0,0.0,0.0,
L53374,L,300.9,310.8,1571.0,39.9,51.0,0,0.0,0.0,0.0,0.0,0.0,
L53375,L,300.9,310.8,1729.0,30.2,53.0,0,0.0,0.0,0.0,0.0,0.0,
L53376,L,300.9,310.8,1701.0,30.4,55.0,0,0.0,0.0,0.0,0.0,0.0,
L53377,L,300.9,310.8,1493.0,45.8,57.0,0,0.0,0.0,0.0,0.0,0.0,
M21058,M,301.0,310.9,1554.0,32.7,59.0,0,0.0,0.0,0.0,0.0,0.0,
L53379,L,300.9,310.9,1497.0,43.2,62.0,0,0.0,0.0,0.0,0.0,0.0,
L53380,L,301.0,310.9,1679.0,29.8,64.0,0,0.0,0.0,0.0,0.0,0.0,
M21061,M,301.0,310.9,1510.0,44.5,66.0,0,0.0,0.0,0.0,0.0,0.0,
L53382,L,301.0,310.9,1296.0,54.9,69.0,0,0.0,0.0,0.0,0.0,0.0,
L53383,L,301.0,310.9,1404.0,41.8,71.0,0,0.0,0.0,0.0,0.0,0.0,
M21064,M,300.9,310.8,1519.0,34.9,73.0,0,0.0,0.0,0.0,0.0,0.0,
M21065,M,300.9,310.7,1696.0,27.3,76.0,0,0.0,0.0,0.0,0.0,0.0,
M21066,M,300.8,310.6,1669.0,28.4,79.0,0,0.0,0.0,0.0,0.0,0.0,
L53387,L,300.7,310.6,1447.0,40.7,82.0,0,0.0,0.0,0.0,0.0,0.0,
M21068,M,300.7,310.6,1418.0,46.3,84.0,0,0.0,0.0,0.0,0.0,0.0,
L53389,L,300.7,310.6,1407.0,40.5,87.0,0,0.0,0.0,0.0,0.0,0.0,
L53390,L,300.8,310.5,1434.0,44.5,89.0,0,0.0,0.0,0.0,0.0,0.0,
L53391,L,300.8,310.6,1360.0,48.8,91.0,0,0.0,0.0,0.0,0.0,0.0,
L53392,L,300.8,310.6,1402.0,53.7,93.0,0,0.0,0.0,0.0,0.0,0.0,
L53393,L,300.9,310.6,1552.0,34.9,95.0,0,0.0,0.0,0.0,0.0,0.0,
L53394,L,300.9,310.7,1392.0,44.2,97.0,0,0.0,0.0,0.0,0.0,0.0,
L53395,L,301.1,310.8,1521.0,41.0,99.0,0,0.0,0.0,0.0,0.0,0.0,
L53396,L,301.1,310.8,1724.0,27.5,101.0,0,0.0,0.0,0.0,0.0,0.0,
M21077,M,301.0,310.7,1455.0,46.1,103.0,0,0.0,0.0,0.0,0.0,0.0,
H35632,H,301.0,310.6,1366.0,50.6,106.0,0,0.0,0.0,0.0,0.0,0.0,
H35633,H,301.1,310.6,1407.0,43.9,111.0,0,0.0,0.0,0.0,0.0,0.0,
L53400,L,301.1,310.8,1470.0,49.3,116.0,0,0.0,0.0,0.0,0.0,0.0,
M21081,M,301.2,310.9,1359.0,50.8,118.0,0,0.0,0.0,0.0,0.0,0.0,
H35636,H,301.1,310.8,1792.0,25.8,121.0,0,0.0,0.0,0.0,0.0,0.0,
M21083,M,301.1,310.9,1552.0,37.9,126.0,0,0.0,0.0,0.0,0.0,0.0,
L53404,L,301.2,311.0,1612.0,32.9,129.0,0,0.0,0.0,0.0,0.0,0.0,
M21085,M,301.2,311.0,1424.0,41.4,131.0,0,0.0,0.0,0.0,0.0,0.0,
H35640,H,301.3,311.0,1341.0,59.3,134.0,0,0.0,0.0,0.0,0.0,0.0,
L53407,L,301.2,310.8,1479.0,38.2,139.0,0,0.0,0.0,0.0,0.0,0.0,
L53408,L,301.2,310.9,1413.0,50.1,141.0,0,0.0,0.0,0.0,0.0,0.0,
L53409,L,301.3,310.9,2165.0,17.4,143.0,0,0.0,0.0,0.0,0.0,0.0,
M21090,M,301.3,311.0,1641.0,33.0,145.0,0,0.0,0.0,0.0,0.0,0.0,
M21091,M,301.3,311.0,1495.0,40.8,148.0,0,0.0,0.0,0.0,0.0,0.0,
L53412,L,301.3,311.0,1576.0,30.4,151.0,0,0.0,0.0,0.0,0.0,0.0,
L53413,L,301.2,310.9,1467.0,37.1,153.0,0,0.0,0.0,0.0,0.0,0.0,
L53414,L,301.2,310.8,1479.0,41.2,155.0,0,0.0,0.0,0.0,0.0,0.0,
L53415,L,301.3,310.9,1596.0,33.9,157.0,0,0.0,0.0,0.0,0.0,0.0,
M21096,M,301.3,310.9,1512.0,36.9,159.0,0,0.0,0.0,0.0,0.0,0.0,
L53417,L,301.4,310.9,1414.0,38.8,162.0,0,0.0,0.0,0.0,0.0,0.0,
L53418,L,301.3,310.8,1390.0,57.4,164.0,0,0.0,0.0,0.0,0.0,0.0,
L53419,L,301.2,310.7,1644.0,31.6,166.0,0,0.0,0.0,0.0,0.0,0.0,
M21100,M,301.2,310.7,1394.0,42.8,168.0,0,0.0,0.0,0.0,0.0,0.0,
L53421,L,301.1,310.5,1324.0,52.4,171.0,0,0.0,0.0,0.0,0.0,0.0,
L53422,L,301.0,310.4,1476.0,43.6,173.0,0,0.0,0.0,0.0,0.0,0.0,
L53423,L,301.0,310.4,2204.0,16.6,175.0,0,0.0,0.0,0.0,0.0,0.0,
M21104,M,301.0,310.4,1665.0,30.9,177.0,0,0.0,0.0,0.0,0.0,0.0,
L53425,L,300.9,310.4,1445.0,41.7,180.0,0,0.0,0.0,0.0,0.0,0.0,
H35660,H,300.8,310.3,1457.0,46.8,182.0,0,0.0,0.0,0.0,0.0,0.0,
L53427,L,300.8,310.2,1492.0,46.3,187.0,0,0.0,0.0,0.0,0.0,0.0,
L53428,L,300.8,310.1,1405.0,61.2,189.0,1,0.0,0.0,1.0,1.0,0.0,
L53429,L,300.7,310.1,1542.0,35.5,191.0,0,0.0,0.0,0.0,0.0,0.0,
L53430,L,300.8,310.2,1520.0,37.7,193.0,0,0.0,0.0,0.0,0.0,0.0,
M21111,M,300.8,310.2,1598.0,36.5,195.0,0,0.0,0.0,0.0,0.0,0.0,
L53432,L,300.8,310.3,1538.0,36.1,198.0,0,0.0,0.0,0.0,0.0,0.0,
L53433,L,300.9,310.4,1615.0,30.9,200.0,0,0.0,0.0,0.0,0.0,0.0,
L53434,L,301.0,310.5,1408.0,47.0,202.0,0,0.0,0.0,0.0,0.0,0.0,
L53435,L,301.0,310.5,1379.0,57.3,204.0,1,0.0,0.0,0.0,1.0,0.0,
L53436,L,301.0,310.6,1493.0,37.8,206.0,1,1.0,0.0,0.0,0.0,0.0,
L53437,L,301.1,310.7,1376.0,49.1,0.0,0,0.0,0.0,0.0,0.0,0.0,
M21118,M,301.1,310.7,1583.0,40.7,2.0,0,0.0,0.0,0.0,0.0,0.0,
M21119,M,301.2,310.8,1396.0,47.4,5.0,0,0.0,0.0,0.0,0.0,0.0,
L53440,L,301.1,310.7,1436.0,45.3,8.0,0,0.0,0.0,0.0,0.0,0.0,
L53441,L,301.1,310.6,1417.0,47.6,10.0,0,0.0,0.0,0.0,0.0,0.0,
L53442,L,301.0,310.6,1641.0,33.4,12.0,0,0.0,0.0,0.0,0.0,0.0,
M21123,M,301.0,310.6,1698.0,27.3,14.0,0,0.0,0.0,0.0,0.0,0.0,
L53444,L,300.9,310.4,1541.0,39.1,17.0,0,0.0,0.0,0.0,0.0,0.0,
L53445,L,300.8,310.3,1383.0,46.6,19.0,0,0.0,0.0,0.0,0.0,0.0,
L53446,L,300.8,310.4,1368.0,46.8,21.0,0,0.0,0.0,0.0,0.0,0.0,
L53447,L,300.8,310.4,1570.0,35.2,23.0,0,0.0,0.0,0.0,0.0,0.0,
L53448,L,300.9,310.5,1616.0,33.5,25.0,0,0.0,0.0,0.0,0.0,0.0,
M21129,M,300.9,310.5,1444.0,43.2,27.0,0,0.0,0.0,0.0,0.0,0.0,
L53450,L,300.9,310.4,2021.0,18.8,30.0,0,0.0,0.0,0.0,0.0,0.0,
M21131,M,300.9,310.5,1702.0,29.3,32.0,0,0.0,0.0,0.0,0.0,0.0,
M21132,M,301.1,310.6,1429.0,52.7,35.0,0,0.0,0.0,0.0,0.0,0.0,
L53453,L,301.2,310.8,1711.0,28.9,38.0,0,0.0,0.0,0.0,0.0,0.0,
M21134,M,301.2,310.7,1543.0,32.9,40.0,0,0.0,0.0,0.0,0.0,0.0,
L53455,L,301.3,310.8,1628.0,32.2,43.0,0,0.0,0.0,0.0,0.0,0.0,
L53456,L,301.2,310.8,1233.0,64.6,45.0,0,0.0,0.0,0.0,0.0,0.0,
L53457,L,301.2,310.8,1461.0,40.6,47.0,0,0.0,0.0,0.0,0.0,0.0,
L53458,L,301.2,310.7,1568.0,38.3,49.0,0,0.0,0.0,0.0,0.0,0.0,
L53459,L,301.3,310.8,1432.0,54.4,51.0,0,0.0,0.0,0.0,0.0,0.0,
M21140,M,301.2,310.7,1527.0,41.1,53.0,0,0.0,0.0,0.0,0.0,0.0,
M21141,M,301.3,310.8,1455.0,41.2,56.0,0,0.0,0.0,0.0,0.0,0.0,
M21142,M,301.3,310.8,1418.0,45.4,59.0,0,0.0,0.0,0.0,0.0,0.0,
L53463,L,301.3,310.8,1719.0,29.5,62.0,0,0.0,0.0,0.0,0.0,0.0,
M21144,M,301.2,310.8,1734.0,31.3,64.0,0,0.0,0.0,0.0,0.0,0.0,
M21145,M,301.2,310.7,1426.0,46.1,67.0,0,0.0,0.0,0.0,0.0,0.0,
L53466,L,301.1,310.6,1611.0,35.2,70.0,0,0.0,0.0,0.0,0.0,0.0,
M21147,M,301.1,310.6,1479.0,41.1,72.0,0,0.0,0.0,0.0,0.0,0.0,
L53468,L,301.0,310.5,1317.0,50.9,75.0,0,0.0,0.0,0.0,0.0,0.0,
L53469,L,301.0,310.5,1248.0,61.4,77.0,0,0.0,0.0,0.0,0.0,0.0,
L53470,L,301.0,310.5,1932.0,21.7,79.0,0,0.0,0.0,0.0,0.0,0.0,
M21151,M,301.1,310.5,1547.0,35.8,81.0,0,0.0,0.0,0.0,0.0,0.0,
L53472,L,301.0,310.4,1614.0,31.6,84.0,0,0.0,0.0,0.0,0.0,0.0,
H35707,H,301.0,310.4,1512.0,44.9,86.0,0,0.0,0.0,0.0,0.0,0.0,
L53474,L,301.1,310.5,1529.0,38.7,91.0,0,0.0,0.0,0.0,0.0,0.0,
H35709,H,301.1,310.6,1782.0,24.9,93.0,0,0.0,0.0,0.0,0.0,0.0,
L53476,L,301.0,310.5,1429.0,39.4,98.0,0,0.0,0.0,0.0,0.0,0.0,
M21157,M,301.1,310.5,1309.0,60.7,100.0,0,0.0,0.0,0.0,0.0,0.0,
L53478,L,301.1,310.5,1428.0,44.1,103.0,0,0.0,0.0,0.0,0.0,0.0,
L53479,L,301.2,310.6,1385.0,49.2,105.0,0,0.0,0.0,0.0,0.0,0.0,
L53480,L,301.2,310.7,1517.0,39.4,107.0,0,0.0,0.0,0.0,0.0,0.0,
M21161,M,301.2,310.6,1576.0,39.6,109.0,0,0.0,0.0,0.0,0.0,0.0,
L53482,L,301.2,310.6,1437.0,51.2,112.0,0,0.0,0.0,0.0,0.0,0.0,
H35717,H,301.2,310.6,1457.0,50.5,114.0,0,0.0,0.0,0.0,0.0,0.0,
L53484,L,301.1,310.5,1532.0,37.5,119.0,0,0.0,0.0,0.0,0.0,0.0,
M21165,M,301.1,310.5,1603.0,32.6,121.0,0,0.0,0.0,0.0,0.0,0.0,
L53486,L,301.0,310.4,1563.0,34.4,124.0,0,0.0,0.0,0.0,0.0,0.0,
L53487,L,301.0,310.3,1617.0,34.5,126.0,0,0.0,0.0,0.0,0.0,0.0,
M21168,M,300.8,310.1,1686.0,26.9,128.0,0,0.0,0.0,0.0,0.0,0.0,
L53489,L,300.9,310.2,1382.0,50.4,131.0,0,0.0,0.0,0.0,0.0,0.0,
L53490,L,300.9,310.1,2090.0,17.8,133.0,0,0.0,0.0,0.0,0.0,0.0,
L53491,L,300.9,310.3,1446.0,44.5,135.0,0,0.0,0.0,0.0,0.0,0.0,
M21172,M,300.9,310.2,1533.0,38.1,137.0,0,0.0,0.0,0.0,0.0,0.0,
L53493,L,300.9,310.3,1440.0,47.6,140.0,0,0.0,0.0,0.0,0.0,0.0,
M21174,M,301.0,310.4,1793.0,25.0,142.0,0,0.0,0.0,0.0,0.0,0.0,
M21175,M,301.0,310.4,1517.0,46.1,145.0,0,0.0,0.0,0.0,0.0,0.0,
L53496,L,300.9,310.4,1544.0,36.0,148.0,0,0.0,0.0,0.0,0.0,0.0,
L53497,L,300.9,310.3,1321.0,48.8,150.0,0,0.0,0.0,0.0,0.0,0.0,
M21178,M,300.9,310.3,1416.0,50.9,152.0,0,0.0,0.0,0.0,0.0,0.0,
L53499,L,300.8,310.2,1514.0,40.0,155.0,0,0.0,0.0,0.0,0.0,0.0,
M21180,M,300.8,310.2,1304.0,52.5,157.0,0,0.0,0.0,0.0,0.0,0.0,
L53501,L,300.7,310.2,1286.0,64.9,160.0,0,0.0,0.0,0.0,0.0,0.0,
M21182,M,300.7,310.1,1483.0,40.2,162.0,0,0.0,0.0,0.0,0.0,0.0,
L53503,L,300.7,310.1,1351.0,46.9,165.0,0,0.0,0.0,0.0,0.0,0.0,
M21184,M,300.7,310.1,1367.0,52.6,167.0,0,0.0,0.0,0.0,0.0,0.0,
L53505,L,300.7,310.1,1721.0,32.3,170.0,0,0.0,0.0,0.0,0.0,0.0,
L53506,L,300.6,310.0,1455.0,40.4,172.0,0,0.0,0.0,0.0,0.0,0.0,
L53507,L,300.6,310.0,1425.0,49.5,174.0,0,0.0,0.0,0.0,0.0,0.0,
L53508,L,300.7,310.0,1672.0,29.7,176.0,0,0.0,0.0,0.0,0.0,0.0,
M21189,M,300.7,310.0,1641.0,34.6,178.0,0,0.0,0.0,0.0,0.0,0.0,
M21190,M,300.5,310.0,1580.0,37.0,181.0,0,0.0,0.0,0.0,0.0,0.0,
H35745,H,300.5,310.0,1495.0,47.4,184.0,0,0.0,0.0,0.0,0.0,0.0,
M21192,M,300.5,309.9,1994.0,19.8,189.0,0,0.0,0.0,0.0,0.0,0.0,
M21193,M,300.4,309.9,1415.0,31.8,192.0,0,0.0,0.0,0.0,0.0,0.0,
M21194,M,300.4,309.8,1725.0,30.4,195.0,0,0.0,0.0,0.0,0.0,0.0,
M21195,M,300.4,309.8,1430.0,43.4,198.0,0,0.0,0.0,0.0,0.0,0.0,
L53516,L,300.4,309.8,1395.0,48.1,201.0,0,0.0,0.0,0.0,0.0,0.0,
M21197,M,300.4,309.8,1435.0,43.6,203.0,0,0.0,0.0,0.0,0.0,0.0,
L53518,L,300.4,309.9,1681.0,28.6,206.0,0,0.0,0.0,0.0,0.0,0.0,
L53519,L,300.5,310.0,1451.0,48.6,208.0,0,0.0,0.0,0.0,0.0,0.0,
H35754,H,300.5,309.9,1397.0,45.9,210.0,1,1.0,0.0,0.0,0.0,0.0,
M21201,M,300.4,309.8,1421.0,47.2,0.0,0,0.0,0.0,0.0,0.0,0.0,
M21202,M,300.3,309.8,1444.0,42.0,3.0,0,0.0,0.0,0.0,0.0,0.0,
L53523,L,300.2,309.8,1827.0,23.0,6.0,0,0.0,0.0,0.0,0.0,0.0,
H35758,H,300.2,309.8,1374.0,47.7,8.0,0,0.0,0.0,0.0,0.0,0.0,
L53525,L,300.2,309.8,1650.0,29.6,13.0,0,0.0,0.0,0.0,0.0,0.0,
L53526,L,300.2,309.7,1275.0,60.7,15.0,0,0.0,0.0,0.0,0.0,0.0,
L53527,L,300.2,309.7,1421.0,44.6,17.0,0,0.0,0.0,0.0,0.0,0.0,
L53528,L,300.2,309.8,1557.0,33.8,19.0,0,0.0,0.0,0.0,0.0,0.0,
L53529,L,300.1,309.8,1506.0,35.2,21.0,0,0.0,0.0,0.0,0.0,0.0,
L53530,L,300.1,309.7,1362.0,49.1,23.0,0,0.0,0.0,0.0,0.0,0.0,
L53531,L,300.0,309.7,1542.0,47.1,25.0,0,0.0,0.0,0.0,0.0,0.0,
L53532,L,300.0,309.6,1496.0,38.8,27.0,0,0.0,0.0,0.0,0.0,0.0,
M21213,M,300.0,309.6,1491.0,42.0,29.0,0,0.0,0.0,0.0,0.0,0.0,
L53534,L,300.1,309.6,1565.0,34.8,32.0,0,0.0,0.0,0.0,0.0,0.0,
L53535,L,300.1,309.7,1481.0,37.9,34.0,0,0.0,0.0,0.0,0.0,0.0,
M21216,M,300.1,309.7,1420.0,48.4,36.0,0,0.0,0.0,0.0,0.0,0.0,
L53537,L,300.2,309.8,1398.0,54.8,39.0,0,0.0,0.0,0.0,0.0,0.0,
M21218,M,300.2,309.8,1466.0,45.7,41.0,0,0.0,0.0,0.0,0.0,0.0,
L53539,L,300.1,309.8,1430.0,56.7,44.0,0,0.0,0.0,0.0,0.0,0.0,
L53540,L,300.1,309.7,1441.0,40.1,46.0,0,0.0,0.0,0.0,0.0,0.0,
M21221,M,300.1,309.7,1348.0,57.3,48.0,0,0.0,0.0,0.0,0.0,0.0,
L53542,L,300.0,309.6,1738.0,28.7,51.0,0,0.0,0.0,0.0,0.0,0.0,
M21223,M,300.0,309.6,1618.0,36.2,53.0,0,0.0,0.0,0.0,0.0,0.0,
M21224,M,299.9,309.6,1489.0,41.7,56.0,0,0.0,0.0,0.0,0.0,0.0,
M21225,M,299.9,309.5,1412.0,57.9,59.0,0,0.0,0.0,0.0,0.0,0.0,
M21226,M,299.9,309.5,2065.0,18.1,62.0,0,0.0,0.0,0.0,0.0,0.0,
L53547,L,300.0,309.6,1571.0,33.1,65.0,0,0.0,0.0,0.0,0.0,0.0,
M21228,M,300.0,309.6,1423.0,48.7,67.0,0,0.0,0.0,0.0,0.0,0.0,
H35783,H,300.0,309.5,1781.0,24.9,70.0,0,0.0,0.0,0.0,0.0,0.0,
L53550,L,300.1,309.6,1321.0,46.9,75.0,0,0.0,0.0,0.0,0.0,0.0,
L53551,L,300.1,309.6,1546.0,36.7,77.0,0,0.0,0.0,0.0,0.0,0.0,
M21232,M,300.0,309.5,1879.0,22.4,79.0,0,0.0,0.0,0.0,0.0,0.0,
H35787,H,300.0,309.5,1735.0,28.9,82.0,0,0.0,0.0,0.0,0.0,0.0,
L53554,L,300.0,309.5,1506.0,38.8,87.0,0,0.0,0.0,0.0,0.0,0.0,
H35789,H,300.0,309.6,1629.0,32.3,89.0,0,0.0,0.0,0.0,0.0,0.0,
L53556,L,300.0,309.6,1694.0,28.7,94.0,0,0.0,0.0,0.0,0.0,0.0,
L53557,L,300.1,309.6,1541.0,37.0,96.0,0,0.0,0.0,0.0,0.0,0.0,
L53558,L,300.0,309.6,1514.0,44.6,98.0,0,0.0,0.0,0.0,0.0,0.0,
L53559,L,300.1,309.7,1485.0,45.9,100.0,0,0.0,0.0,0.0,0.0,0.0,
L53560,L,300.2,309.8,1430.0,55.0,102.0,0,0.0,0.0,0.0,0.0,0.0,
L53561,L,300.2,309.7,1771.0,27.1,104.0,0,0.0,0.0,0.0,0.0,0.0,
L53562,L,300.2,309.8,1481.0,41.9,106.0,0,0.0,0.0,0.0,0.0,0.0,
H35797,H,300.2,309.7,1483.0,43.8,108.0,0,0.0,0.0,0.0,0.0,0.0,
H35798,H,300.1,309.6,1463.0,45.1,113.0,0,0.0,0.0,0.0,0.0,0.0,
L53565,L,300.1,309.7,1410.0,48.3,118.0,0,0.0,0.0,0.0,0.0,0.0,
L53566,L,300.2,309.7,1656.0,34.3,120.0,0,0.0,0.0,0.0,0.0,0.0,
M21247,M,300.2,309.8,1487.0,39.2,122.0,0,0.0,0.0,0.0,0.0,0.0,
H35802,H,300.3,309.9,1509.0,46.6,125.0,0,0.0,0.0,0.0,0.0,0.0,
H35803,H,300.3,309.9,1677.0,30.1,130.0,0,0.0,0.0,0.0,0.0,0.0,
L53570,L,300.3,309.8,1450.0,55.0,135.0,0,0.0,0.0,0.0,0.0,0.0,
M21251,M,300.2,309.7,1413.0,43.0,137.0,0,0.0,0.0,0.0,0.0,0.0,
L53572,L,300.1,309.7,1680.0,33.8,140.0,0,0.0,0.0,0.0,0.0,0.0,
L53573,L,300.2,309.7,1678.0,30.5,142.0,0,0.0,0.0,0.0,0.0,0.0,
M21254,M,300.2,309.7,1408.0,44.0,144.0,0,0.0,0.0,0.0,0.0,0.0,
M21255,M,300.1,309.6,1376.0,52.1,147.0,0,0.0,0.0,0.0,0.0,0.0,
L53576,L,300.0,309.6,1526.0,46.4,150.0,0,0.0,0.0,0.0,0.0,0.0,
M21257,M,300.0,309.6,1587.0,32.6,152.0,0,0.0,0.0,0.0,0.0,0.0,
L53578,L,300.1,309.7,1351.0,58.2,155.0,0,0.0,0.0,0.0,0.0,0.0,
M21259,M,300.1,309.6,1501.0,38.0,157.0,0,0.0,0.0,0.0,0.0,0.0,
L53580,L,300.1,309.7,1601.0,35.8,160.0,0,0.0,0.0,0.0,0.0,0.0,
M21261,M,300.0,309.6,1573.0,39.7,162.0,0,0.0,0.0,0.0,0.0,0.0,
M21262,M,300.1,309.6,1584.0,36.7,165.0,0,0.0,0.0,0.0,0.0,0.0,
L53583,L,300.1,309.6,1649.0,33.6,168.0,0,0.0,0.0,0.0,0.0,0.0,
M21264,M,300.2,309.7,1183.0,61.4,170.0,0,0.0,0.0,0.0,0.0,0.0,
L53585,L,300.1,309.7,2151.0,17.5,173.0,0,0.0,0.0,0.0,0.0,0.0,
L53586,L,300.2,309.8,1526.0,45.6,175.0,0,0.0,0.0,0.0,0.0,0.0,
M21267,M,300.3,309.9,1611.0,29.0,177.0,0,0.0,0.0,0.0,0.0,0.0,
L53588,L,300.3,309.9,1601.0,31.7,180.0,0,0.0,0.0,0.0,0.0,0.0,
L53589,L,300.3,310.0,1560.0,40.8,182.0,0,0.0,0.0,0.0,0.0,0.0,
L53590,L,300.4,310.1,1544.0,41.9,184.0,0,0.0,0.0,0.0,0.0,0.0,
M21271,M,300.4,310.0,1560.0,42.3,186.0,0,0.0,0.0,0.0,0.0,0.0,
L53592,L,300.4,310.0,1423.0,44.2,189.0,0,0.0,0.0,0.0,0.0,0.0,
L53593,L,300.4,310.1,1614.0,33.5,191.0,0,0.0,0.0,0.0,0.0,0.0,
M21274,M,300.4,310.1,1457.0,35.1,193.0,0,0.0,0.0,0.0,0.0,0.0,
L53595,L,300.4,310.1,1503.0,42.2,196.0,0,0.0,0.0,0.0,0.0,0.0,
H35830,H,300.4,310.1,1484.0,38.0,198.0,0,0.0,0.0,0.0,0.0,0.0,
L53597,L,300.3,309.9,1540.0,39.9,203.0,0,0.0,0.0,0.0,0.0,0.0,
H35832,H,300.3,309.9,1405.0,52.1,205.0,0,0.0,0.0,0.0,0.0,0.0,
H35833,H,300.3,309.9,1394.0,46.7,210.0,1,1.0,0.0,0.0,0.0,0.0,
L53600,L,300.3,309.9,1518.0,36.4,0.0,0,0.0,0.0,0.0,0.0,0.0,
L53601,L,300.3,309.9,1527.0,41.4,2.0,0,0.0,0.0,0.0,0.0,0.0,
L53602,L,300.3,309.9,1377.0,55.3,4.0,0,0.0,0.0,0.0,0.0,0.0,
M21283,M,300.3,310.0,1537.0,37.5,6.0,0,0.0,0.0,0.0,0.0,0.0,
M21284,M,300.3,310.0,1409.0,43.2,9.0,0,0.0,0.0,0.0,0.0,0.0,
L53605,L,300.3,309.9,1393.0,56.1,12.0,0,0.0,0.0,0.0,0.0,0.0,
L53606,L,300.2,309.7,1448.0,36.8,14.0,0,0.0,0.0,0.0,0.0,0.0,
L53607,L,300.2,309.8,1418.0,49.3,16.0,0,0.0,0.0,0.0,0.0,0.0,
M21288,M,300.2,309.8,1743.0,24.1,18.0,0,0.0,0.0,0.0,0.0,0.0,
M21289,M,300.2,309.8,1394.0,47.4,21.0,0,0.0,0.0,0.0,0.0,0.0,
L53610,L,300.3,309.8,1523.0,39.2,24.0,0,0.0,0.0,0.0,0.0,0.0,
L53611,L,300.2,309.8,1353.0,59.4,26.0,0,0.0,0.0,0.0,0.0,0.0,
M21292,M,300.3,309.9,1447.0,46.5,28.0,0,0.0,0.0,0.0,0.0,0.0,
L53613,L,300.3,309.9,1570.0,34.0,31.0,0,0.0,0.0,0.0,0.0,0.0,
M21294,M,300.3,309.9,1494.0,38.5,33.0,0,0.0,0.0,0.0,0.0,0.0,
L53615,L,300.3,309.9,1621.0,34.1,36.0,0,0.0,0.0,0.0,0.0,0.0,
L53616,L,300.4,310.0,1769.0,26.1,38.0,0,0.0,0.0,0.0,0.0,0.0,
L53617,L,300.4,310.0,1282.0,66.1,40.0,0,0.0,0.0,0.0,0.0,0.0,
L53618,L,300.4,310.0,1581.0,30.3,42.0,0,0.0,0.0,0.0,0.0,0.0,
L53619,L,300.6,310.1,1656.0,32.7,44.0,0,0.0,0.0,0.0,0.0,0.0,
L53620,L,300.6,310.2,1648.0,31.7,46.0,0,0.0,0.0,0.0,0.0,0.0,
L53621,L,300.7,310.2,1639.0,31.4,48.0,0,0.0,0.0,0.0,0.0,0.0,
L53622,L,300.7,310.2,1348.0,54.8,50.0,0,0.0,0.0,0.0,0.0,0.0,
L53623,L,300.8,310.3,1537.0,33.3,52.0,0,0.0,0.0,0.0,0.0,0.0,
M21304,M,300.8,310.3,1270.0,61.0,54.0,0,0.0,0.0,0.0,0.0,0.0,
L53625,L,300.7,310.3,1662.0,34.4,57.0,0,0.0,0.0,0.0,0.0,0.0,
M21306,M,300.7,310.3,1471.0,40.2,59.0,0,0.0,0.0,0.0,0.0,0.0,
L53627,L,300.6,310.1,1337.0,45.8,62.0,0,0.0,0.0,0.0,0.0,0.0,
H35862,H,300.7,310.2,1877.0,24.8,64.0,0,0.0,0.0,0.0,0.0,0.0,
L53629,L,300.6,310.2,1519.0,44.6,69.0,0,0.0,0.0,0.0,0.0,0.0,
L53630,L,300.6,310.2,1378.0,47.3,71.0,0,0.0,0.0,0.0,0.0,0.0,
L53631,L,300.7,310.2,1696.0,27.5,73.0,0,0.0,0.0,0.0,0.0,0.0,
L53632,L,300.7,310.1,1376.0,50.8,75.0,0,0.0,0.0,0.0,0.0,0.0,
L53633,L,300.7,310.2,1807.0,24.2,77.0,0,0.0,0.0,0.0,0.0,0.0,
L53634,L,300.7,310.1,1598.0,32.8,79.0,0,0.0,0.0,0.0,0.0,0.0,
L53635,L,300.7,310.1,1565.0,40.2,81.0,0,0.0,0.0,0.0,0.0,0.0,
L53636,L,300.7,310.2,1387.0,50.6,83.0,0,0.0,0.0,0.0,0.0,0.0,
L53637,L,300.7,310.0,1395.0,48.0,85.0,0,0.0,0.0,0.0,0.0,0.0,
M21318,M,300.6,310.0,1302.0,62.9,87.0,0,0.0,0.0,0.0,0.0,0.0,
M21319,M,300.6,310.0,1397.0,55.2,90.0,0,0.0,0.0,0.0,0.0,0.0,
L53640,L,300.6,310.0,1313.0,52.9,93.0,0,0.0,0.0,0.0,0.0,0.0,
L53641,L,300.6,310.0,1505.0,35.9,95.0,0,0.0,0.0,0.0,0.0,0.0,
H35876,H,300.6,310.0,1483.0,44.0,97.0,0,0.0,0.0,0.0,0.0,0.0,
H35877,H,300.5,310.0,1358.0,60.4,102.0,0,0.0,0.0,0.0,0.0,0.0,
M21324,M,300.5,309.9,1735.0,27.0,107.0,0,0.0,0.0,0.0,0.0,0.0,
M21325,M,300.5,309.8,1416.0,48.5,110.0,0,0.0,0.0,0.0,0.0,0.0,
L53646,L,300.4,309.7,1740.0,31.1,113.0,0,0.0,0.0,0.0,0.0,0.0,
L53647,L,300.4,309.7,1692.0,27.4,115.0,0,0.0,0.0,0.0,0.0,0.0,
L53648,L,300.5,309.8,1507.0,42.5,117.0,0,0.0,0.0,0.0,0.0,0.0,
M21329,M,300.4,309.6,1521.0,35.0,119.0,0,0.0,0.0,0.0,0.0,0.0,
L53650,L,300.4,309.6,1379.0,54.5,122.0,0,0.0,0.0,0.0,0.0,0.0,
L53651,L,300.4,309.6,1523.0,38.5,124.0,0,0.0,0.0,0.0,0.0,0.0,
H35886,H,300.4,309.6,1571.0,33.6,126.0,0,0.0,0.0,0.0,0.0,0.0,
H35887,H,300.4,309.5,1547.0,50.7,131.0,0,0.0,0.0,0.0,0.0,0.0,
M21334,M,300.5,309.7,1347.0,54.3,136.0,0,0.0,0.0,0.0,0.0,0.0,
L53655,L,300.5,309.7,1560.0,30.2,139.0,0,0.0,0.0,0.0,0.0,0.0,
L53656,L,300.5,309.7,1384.0,48.6,141.0,0,0.0,0.0,0.0,0.0,0.0,
L53657,L,300.5,309.7,1841.0,24.6,143.0,0,0.0,0.0,0.0,0.0,0.0,
L53658,L,300.5,309.8,1663.0,29.1,145.0,1,0.0,0.0,0.0,0.0,0.0,
L53659,L,300.6,309.8,1418.0,42.7,147.0,0,0.0,0.0,0.0,0.0,0.0,
L53660,L,300.7,309.9,1775.0,26.6,149.0,0,0.0,0.0,0.0,0.0,0.0,
L53661,L,300.7,309.8,1406.0,48.4,151.0,0,0.0,0.0,0.0,0.0,0.0,
L53662,L,300.6,309.9,1480.0,43.7,153.0,0,0.0,0.0,0.0,0.0,0.0,
L53663,L,300.7,309.9,1412.0,45.3,155.0,0,0.0,0.0,0.0,0.0,0.0,
H35898,H,300.6,309.8,1913.0,22.5,157.0,0,0.0,0.0,0.0,0.0,0.0,
L53665,L,300.6,309.8,1629.0,37.6,162.0,0,0.0,0.0,0.0,0.0,0.0,
L53666,L,300.5,309.8,1939.0,21.4,164.0,0,0.0,0.0,0.0,0.0,0.0,
H35901,H,300.6,309.8,1541.0,36.2,166.0,0,0.0,0.0,0.0,0.0,0.0,
L53668,L,300.7,309.8,1330.0,54.4,171.0,0,0.0,0.0,0.0,0.0,0.0,
M21349,M,300.7,309.8,1490.0,38.8,173.0,0,0.0,0.0,0.0,0.0,0.0,
L53670,L,300.7,309.9,1383.0,44.5,176.0,0,0.0,0.0,0.0,0.0,0.0,
L53671,L,300.8,310.0,1468.0,52.7,178.0,0,0.0,0.0,0.0,0.0,0.0,
M21352,M,300.8,309.9,1444.0,46.0,180.0,0,0.0,0.0,0.0,0.0,0.0,
L53673,L,300.7,309.8,1363.0,53.1,183.0,0,0.0,0.0,0.0,0.0,0.0,
L53674,L,300.6,309.7,1617.0,33.2,185.0,0,0.0,0.0,0.0,0.0,0.0,
M21355,M,300.6,309.8,1694.0,31.1,187.0,0,0.0,0.0,0.0,0.0,0.0,
L53676,L,300.7,309.9,1815.0,27.0,190.0,0,0.0,0.0,0.0,0.0,0.0,
L53677,L,300.8,309.9,1312.0,65.3,192.0,1,0.0,0.0,0.0,1.0,0.0,
H35912,H,300.8,309.9,2041.0,19.2,194.0,0,0.0,0.0,0.0,0.0,0.0,
L53679,L,300.9,310.0,1671.0,26.8,199.0,0,0.0,0.0,0.0,0.0,0.0,
M21360,M,300.9,310.0,1416.0,46.6,201.0,0,0.0,0.0,0.0,0.0,0.0,
M21361,M,300.9,310.0,1600.0,36.0,204.0,0,0.0,0.0,0.0,0.0,0.0,
L53682,L,300.9,310.0,2595.0,13.7,207.0,0,0.0,0.0,0.0,0.0,0.0,
M21363,M,300.9,309.9,1465.0,42.9,209.0,0,0.0,0.0,0.0,0.0,0.0,
M21364,M,301.0,310.1,1681.0,27.4,212.0,0,0.0,0.0,0.0,0.0,0.0,
L53685,L,301.1,310.1,1457.0,39.6,215.0,0,0.0,0.0,0.0,0.0,0.0,
H35920,H,301.0,310.1,1454.0,44.1,217.0,0,0.0,0.0,0.0,0.0,0.0,
L53687,L,301.0,310.1,1558.0,32.6,0.0,0,0.0,0.0,0.0,0.0,0.0,
H35922,H,301.0,310.1,1756.0,30.7,2.0,0,0.0,0.0,0.0,0.0,0.0,
L53689,L,301.1,310.1,1564.0,36.8,7.0,0,0.0,0.0,0.0,0.0,0.0,
L53690,L,301.1,310.2,1455.0,55.3,9.0,0,0.0,0.0,0.0,0.0,0.0,
M21371,M,301.2,310.1,2280.0,15.7,11.0,0,0.0,0.0,0.0,0.0,0.0,
M21372,M,301.1,310.0,1433.0,48.1,14.0,0,0.0,0.0,0.0,0.0,0.0,
L53693,L,301.1,310.0,1513.0,38.0,17.0,0,0.0,0.0,0.0,0.0,0.0,
L53694,L,301.0,309.9,1507.0,41.8,19.0,0,0.0,0.0,0.0,0.0,0.0,
L53695,L,301.0,310.0,1480.0,43.5,21.0,0,0.0,0.0,0.0,0.0,0.0,
H35930,H,301.1,310.0,1470.0,40.1,23.0,0,0.0,0.0,0.0,0.0,0.0,
L53697,L,301.1,310.1,1540.0,36.6,28.0,0,0.0,0.0,0.0,0.0,0.0,
H35932,H,301.0,310.0,1212.0,67.9,30.0,0,0.0,0.0,0.0,0.0,0.0,
L53699,L,301.1,310.1,1417.0,46.9,35.0,0,0.0,0.0,0.0,0.0,0.0,
M21380,M,301.2,310.1,1666.0,34.9,37.0,0,0.0,0.0,0.0,0.0,0.0,
L53701,L,301.1,310.1,1666.0,27.2,40.0,0,0.0,0.0,0.0,0.0,0.0,
L53702,L,301.1,310.1,1489.0,45.8,42.0,0,0.0,0.0,0.0,0.0,0.0,
M21383,M,301.1,310.2,1850.0,27.7,44.0,0,0.0,0.0,0.0,0.0,0.0,
L53704,L,301.1,310.4,1874.0,24.8,47.0,0,0.0,0.0,0.0,0.0,0.0,
L53705,L,301.1,310.4,1312.0,73.6,49.0,1,0.0,0.0,1.0,0.0,0.0,
L53706,L,301.2,310.4,1515.0,38.4,51.0,0,0.0,0.0,0.0,0.0,0.0,
L53707,L,301.2,310.4,1516.0,44.4,53.0,0,0.0,0.0,0.0,0.0,0.0,
L53708,L,301.2,310.5,1546.0,40.0,55.0,0,0.0,0.0,0.0,0.0,0.0,
L53709,L,301.3,310.6,1481.0,40.9,57.0,0,0.0,0.0,0.0,0.0,0.0,
H35944,H,301.3,310.6,1605.0,32.5,59.0,0,0.0,0.0,0.0,0.0,0.0,
H35945,H,301.2,310.7,1656.0,26.2,64.0,0,0.0,0.0,0.0,0.0,0.0,
H35946,H,301.2,310.6,1352.0,52.0,69.0,0,0.0,0.0,0.0,0.0,0.0,
L53713,L,301.3,310.7,1504.0,47.2,74.0,0,0.0,0.0,0.0,0.0,0.0,
L53714,L,301.3,310.6,1436.0,44.2,76.0,0,0.0,0.0,0.0,0.0,0.0,
H35949,H,301.2,310.5,1505.0,43.6,78.0,0,0.0,0.0,0.0,0.0,0.0,
L53716,L,301.3,310.5,1406.0,47.1,83.0,0,0.0,0.0,0.0,0.0,0.0,
M21397,M,301.3,310.5,1481.0,39.7,85.0,0,0.0,0.0,0.0,0.0,0.0,
L53718,L,301.4,310.7,1487.0,44.6,88.0,0,0.0,0.0,0.0,0.0,0.0,
L53719,L,301.4,310.7,1436.0,54.1,90.0,0,0.0,0.0,0.0,0.0,0.0,
M21400,M,301.4,310.7,1368.0,63.7,92.0,1,0.0,0.0,1.0,0.0,0.0,
L53721,L,301.4,310.7,1509.0,38.3,95.0,0,0.0,0.0,0.0,0.0,0.0,
L53722,L,301.4,310.8,1543.0,36.9,97.0,0,0.0,0.0,0.0,0.0,0.0,
L53723,L,301.4,310.8,1698.0,29.6,99.0,0,0.0,0.0,0.0,0.0,0.0,
M21404,M,301.4,310.7,1470.0,46.5,101.0,0,0.0,0.0,0.0,0.0,0.0,
M21405,M,301.4,310.8,1738.0,30.3,104.0,0,0.0,0.0,0.0,0.0,0.0,
M21406,M,301.4,310.8,1530.0,39.9,107.0,0,0.0,0.0,0.0,0.0,0.0,
L53727,L,301.4,310.8,1740.0,29.2,110.0,0,0.0,0.0,0.0,0.0,0.0,
L53728,L,301.4,310.8,1770.0,24.1,112.0,0,0.0,0.0,0.0,0.0,0.0,
H35963,H,301.3,310.6,1527.0,44.0,114.0,0,0.0,0.0,0.0,0.0,0.0,
L53730,L,301.3,310.7,1516.0,46.0,119.0,0,0.0,0.0,0.0,0.0,0.0,
L53731,L,301.4,310.7,1616.0,36.5,121.0,0,0.0,0.0,0.0,0.0,0.0,
L53732,L,301.4,310.7,1786.0,26.1,123.0,0,0.0,0.0,0.0,0.0,0.0,
L53733,L,301.4,310.8,1389.0,52.7,125.0,0,0.0,0.0,0.0,0.0,0.0,
M21414,M,301.4,310.7,1639.0,29.8,127.0,0,0.0,0.0,0.0,0.0,0.0,
H35969,H,301.5,310.7,1394.0,46.7,130.0,0,0.0,0.0,0.0,0.0,0.0,
L53736,L,301.5,310.7,1686.0,27.9,135.0,0,0.0,0.0,0.0,0.0,0.0,
M21417,M,301.5,310.6,1638.0,31.9,137.0,0,0.0,0.0,0.0,0.0,0.0,
M21418,M,301.5,310.6,1447.0,41.9,140.0,0,0.0,0.0,0.0,0.0,0.0,
H35973,H,301.5,310.6,1512.0,39.0,143.0,0,0.0,0.0,0.0,0.0,0.0,
L53740,L,301.6,310.8,1961.0,21.8,148.0,0,0.0,0.0,0.0,0.0,0.0,
L53741,L,301.5,310.7,1596.0,35.4,150.0,0,0.0,0.0,0.0,0.0,0.0,
M21422,M,301.5,310.7,1871.0,21.3,152.0,0,0.0,0.0,0.0,0.0,0.0,
L53743,L,301.5,310.7,1942.0,20.5,155.0,0,0.0,0.0,0.0,0.0,0.0,
L53744,L,301.4,310.6,1557.0,38.2,157.0,0,0.0,0.0,0.0,0.0,0.0,
L53745,L,301.4,310.6,1550.0,36.8,159.0,0,0.0,0.0,0.0,0.0,0.0,
L53746,L,301.3,310.6,1966.0,22.6,161.0,0,0.0,0.0,0.0,0.0,0.0,
M21427,M,301.3,310.6,1499.0,36.1,163.0,0,0.0,0.0,0.0,0.0,0.0,
L53748,L,301.3,310.6,1521.0,36.3,166.0,0,0.0,0.0,0.0,0.0,0.0,
M21429,M,301.4,310.7,1375.0,42.0,168.0,0,0.0,0.0,0.0,0.0,0.0,
L53750,L,301.4,310.6,1634.0,31.1,171.0,0,0.0,0.0,0.0,0.0,0.0,
M21431,M,301.3,310.6,1378.0,49.4,173.0,0,0.0,0.0,0.0,0.0,0.0,
L53752,L,301.4,310.7,1428.0,53.7,176.0,0,0.0,0.0,0.0,0.0,0.0,
M21433,M,301.4,310.6,1855.0,25.3,178.0,0,0.0,0.0,0.0,0.0,0.0,
L53754,L,301.4,310.6,1578.0,33.0,181.0,0,0.0,0.0,0.0,0.0,0.0,
M21435,M,301.4,310.5,1451.0,45.3,183.0,0,0.0,0.0,0.0,0.0,0.0,
L53756,L,301.5,310.5,1644.0,34.9,186.0,0,0.0,0.0,0.0,0.0,0.0,
L53757,L,301.4,310.4,1388.0,45.3,188.0,0,0.0,0.0,0.0,0.0,0.0,
L53758,L,301.4,310.4,1543.0,40.9,190.0,0,0.0,0.0,0.0,0.0,0.0,
L53759,L,301.3,310.4,1501.0,41.6,192.0,0,0.0,0.0,0.0,0.0,0.0,
L53760,L,301.3,310.4,1507.0,39.1,194.0,0,0.0,0.0,0.0,0.0,0.0,
L53761,L,301.4,310.4,1559.0,36.0,196.0,0,0.0,0.0,0.0,0.0,0.0,
L53762,L,301.5,310.5,1528.0,35.7,198.0,0,0.0,0.0,0.0,0.0,0.0,
M21443,M,301.5,310.5,1503.0,38.2,200.0,0,0.0,0.0,0.0,0.0,0.0,
L53764,L,301.5,310.5,1372.0,44.0,203.0,0,0.0,0.0,0.0,0.0,0.0,
M21445,M,301.5,310.5,1600.0,32.8,205.0,0,0.0,0.0,0.0,0.0,0.0,
L53766,L,301.5,310.6,1453.0,44.0,208.0,0,0.0,0.0,0.0,0.0,0.0,
M21447,M,301.6,310.7,1813.0,24.6,210.0,0,0.0,0.0,0.0,0.0,0.0,
L53768,L,301.6,310.7,1457.0,40.4,213.0,0,0.0,0.0,0.0,0.0,0.0,
M21449,M,301.6,310.6,1553.0,38.9,0.0,0,0.0,0.0,0.0,0.0,0.0,
L53770,L,301.7,310.7,1763.0,25.9,3.0,0,0.0,0.0,0.0,0.0,0.0,
L53771,L,301.7,310.7,2023.0,20.9,5.0,0,0.0,0.0,0.0,0.0,0.0,
M21452,M,301.6,310.7,1457.0,47.8,7.0,0,0.0,0.0,0.0,0.0,0.0,
L53773,L,301.6,310.7,1679.0,29.5,10.0,0,0.0,0.0,0.0,0.0,0.0,
L53774,L,301.6,310.6,2103.0,19.7,12.0,0,0.0,0.0,0.0,0.0,0.0,
M21455,M,301.5,310.7,1460.0,38.6,14.0,0,0.0,0.0,0.0,0.0,0.0,
M21456,M,301.5,310.7,1454.0,39.4,17.0,0,0.0,0.0,0.0,0.0,0.0,
L53777,L,301.5,310.6,1481.0,46.8,20.0,0,0.0,0.0,0.0,0.0,0.0,
L53778,L,301.5,310.7,1424.0,51.1,22.0,0,0.0,0.0,0.0,0.0,0.0,
L53779,L,301.6,310.7,1494.0,39.5,24.0,0,0.0,0.0,0.0,0.0,0.0,
M21460,M,301.5,310.6,1424.0,47.0,26.0,0,0.0,0.0,0.0,0.0,0.0,
M21461,M,301.5,310.7,1347.0,47.9,29.0,0,0.0,0.0,0.0,0.0,0.0,
L53782,L,301.5,310.6,1374.0,46.7,32.0,0,0.0,0.0,0.0,0.0,0.0,
M21463,M,301.5,310.6,1403.0,47.4,34.0,0,0.0,0.0,0.0,0.0,0.0,
M21464,M,301.5,310.6,1573.0,37.4,37.0,0,0.0,0.0,0.0,0.0,0.0,
M21465,M,301.6,310.6,1691.0,30.1,40.0,0,0.0,0.0,0.0,0.0,0.0,
H36020,H,301.5,310.5,1538.0,44.3,43.0,0,0.0,0.0,0.0,0.0,0.0,
L53787,L,301.5,310.5,1556.0,39.1,48.0,0,0.0,0.0,0.0,0.0,0.0,
M21468,M,301.5,310.4,1593.0,36.8,50.0,0,0.0,0.0,0.0,0.0,0.0,
L53789,L,301.5,310.4,1474.0,39.9,53.0,0,0.0,0.0,0.0,0.0,0.0,
L53790,L,301.5,310.4,1543.0,34.0,55.0,0,0.0,0.0,0.0,0.0,0.0,
H36025,H,301.5,310.5,1587.0,33.8,57.0,0,0.0,0.0,0.0,0.0,0.0,
L53792,L,301.6,310.6,1222.0,70.0,62.0,0,0.0,0.0,0.0,0.0,0.0,
L53793,L,301.7,310.6,1513.0,41.1,64.0,0,0.0,0.0,0.0,0.0,0.0,
L53794,L,301.7,310.6,1660.0,28.7,66.0,0,0.0,0.0,0.0,0.0,0.0,
L53795,L,301.7,310.6,1545.0,42.1,68.0,0,0.0,0.0,0.0,0.0,0.0,
M21476,M,301.7,310.6,1380.0,45.8,70.0,0,0.0,0.0,0.0,0.0,0.0,
L53797,L,301.6,310.6,1321.0,60.8,73.0,0,0.0,0.0,0.0,0.0,0.0,
M21478,M,301.6,310.6,1309.0,65.8,75.0,1,0.0,0.0,1.0,0.0,0.0,
M21479,M,301.7,310.7,1627.0,31.3,78.0,0,0.0,0.0,0.0,0.0,0.0,
M21480,M,301.6,310.7,1791.0,23.8,81.0,0,0.0,0.0,0.0,0.0,0.0,
M21481,M,301.7,310.7,1861.0,21.8,84.0,0,0.0,0.0,0.0,0.0,0.0,
L53802,L,301.7,310.7,1493.0,51.1,87.0,0,0.0,0.0,0.0,0.0,0.0,
M21483,M,301.7,310.7,1442.0,41.1,89.0,0,0.0,0.0,0.0,0.0,0.0,
L53804,L,301.7,310.7,1532.0,39.8,92.0,0,0.0,0.0,0.0,0.0,0.0,
M21485,M,301.6,310.7,1421.0,44.4,94.0,0,0.0,0.0,0.0,0.0,0.0,
L53806,L,301.6,310.6,1613.0,42.5,97.0,0,0.0,0.0,0.0,0.0,0.0,
M21487,M,301.7,310.6,1876.0,22.1,99.0,0,0.0,0.0,0.0,0.0,0.0,
L53808,L,301.6,310.5,1593.0,34.5,102.0,0,0.0,0.0,0.0,0.0,0.0,
L53809,L,301.6,310.5,1397.0,49.4,104.0,0,0.0,0.0,0.0,0.0,0.0,
M21490,M,301.6,310.5,1414.0,49.3,106.0,0,0.0,0.0,0.0,0.0,0.0,
M21491,M,301.5,310.4,1378.0,55.3,109.0,0,0.0,0.0,0.0,0.0,0.0,
L53812,L,301.4,310.4,1301.0,51.2,112.0,0,0.0,0.0,0.0,0.0,0.0,
M21493,M,301.5,310.5,1737.0,29.3,114.0,0,0.0,0.0,0.0,0.0,0.0,
L53814,L,301.5,310.5,1396.0,44.5,117.0,0,0.0,0.0,0.0,0.0,0.0,
L53815,L,301.5,310.5,1534.0,39.3,119.0,0,0.0,0.0,0.0,0.0,0.0,
M21496,M,301.5,310.5,1774.0,25.5,121.0,0,0.0,0.0,0.0,0.0,0.0,
H36051,H,301.5,310.5,1453.0,48.0,124.0,0,0.0,0.0,0.0,0.0,0.0,
L53818,L,301.5,310.5,1453.0,44.2,129.0,0,0.0,0.0,0.0,0.0,0.0,
L53819,L,301.4,310.5,1380.0,48.4,131.0,0,0.0,0.0,0.0,0.0,0.0,
L53820,L,301.4,310.4,1334.0,43.2,133.0,0,0.0,0.0,0.0,0.0,0.0,
L53821,L,301.5,310.5,1702.0,28.7,135.0,0,0.0,0.0,0.0,0.0,0.0,
L53822,L,301.6,310.6,1431.0,37.5,137.0,0,0.0,0.0,0.0,0.0,0.0,
M21503,M,301.5,310.5,1308.0,60.5,139.0,0,0.0,0.0,0.0,0.0,0.0,
L53824,L,301.5,310.6,1565.0,43.9,142.0,0,0.0,0.0,0.0,0.0,0.0,
M21505,M,301.5,310.4,1486.0,39.6,144.0,0,0.0,0.0,0.0,0.0,0.0,
L53826,L,301.5,310.5,1479.0,34.2,147.0,0,0.0,0.0,0.0,0.0,0.0,
L53827,L,301.5,310.5,1927.0,22.4,149.0,0,0.0,0.0,0.0,0.0,0.0,
L53828,L,301.5,310.4,1488.0,41.1,151.0,0,0.0,0.0,0.0,0.0,0.0,
M21509,M,301.5,310.4,1350.0,54.9,153.0,0,0.0,0.0,0.0,0.0,0.0,
L53830,L,301.6,310.4,1561.0,35.3,156.0,0,0.0,0.0,0.0,0.0,0.0,
M21511,M,301.5,310.4,1276.0,55.6,158.0,0,0.0,0.0,0.0,0.0,0.0,
H36066,H,301.5,310.4,1580.0,35.7,161.0,0,0.0,0.0,0.0,0.0,0.0,
M21513,M,301.4,310.3,1610.0,29.1,166.0,0,0.0,0.0,0.0,0.0,0.0,
L53834,L,301.4,310.3,2203.0,16.6,169.0,0,0.0,0.0,0.0,0.0,0.0,
L53835,L,301.4,310.3,1639.0,32.7,171.0,0,0.0,0.0,0.0,0.0,0.0,
M21516,M,301.4,310.4,1553.0,44.7,173.0,0,0.0,0.0,0.0,0.0,0.0,
L53837,L,301.4,310.3,1374.0,47.6,176.0,0,0.0,0.0,0.0,0.0,0.0,
L53838,L,301.4,310.4,1430.0,50.9,178.0,0,0.0,0.0,0.0,0.0,0.0,
L53839,L,301.3,310.3,1626.0,31.3,180.0,0,0.0,0.0,0.0,0.0,0.0,
H36074,H,301.4,310.5,1421.0,43.8,182.0,0,0.0,0.0,0.0,0.0,0.0,
M21521,M,301.3,310.4,1501.0,39.8,187.0,0,0.0,0.0,0.0,0.0,0.0,
M21522,M,301.3,310.4,2093.0,18.7,190.0,0,0.0,0.0,0.0,0.0,0.0,
L53843,L,301.3,310.4,1504.0,47.2,193.0,0,0.0,0.0,0.0,0.0,0.0,
L53844,L,301.3,310.4,1538.0,38.4,195.0,0,0.0,0.0,0.0,0.0,0.0,
L53845,L,301.3,310.4,1440.0,41.5,197.0,0,0.0,0.0,0.0,0.0,0.0,
L53846,L,301.3,310.4,1414.0,51.4,199.0,0,0.0,0.0,0.0,0.0,0.0,
H36081,H,301.4,310.5,1536.0,39.9,201.0,0,0.0,0.0,0.0,0.0,0.0,
L53848,L,301.4,310.5,1476.0,39.2,206.0,0,0.0,0.0,0.0,0.0,0.0,
L53849,L,301.4,310.5,1571.0,33.9,208.0,0,0.0,0.0,0.0,0.0,0.0,
L53850,L,301.5,310.6,1998.0,20.2,210.0,0,0.0,0.0,0.0,0.0,0.0,
L53851,L,301.5,310.6,1357.0,42.1,212.0,0,0.0,0.0,0.0,0.0,0.0,
L53852,L,301.6,310.7,1424.0,50.5,214.0,0,0.0,0.0,0.0,0.0,0.0,
L53853,L,301.6,310.7,1380.0,51.8,216.0,1,0.0,0.0,0.0,1.0,0.0,
L53854,L,301.5,310.7,1618.0,35.5,218.0,0,0.0,0.0,0.0,0.0,0.0,
L53855,L,301.5,310.6,1579.0,28.0,220.0,0,0.0,0.0,0.0,0.0,0.0,
L53856,L,301.5,310.7,1423.0,44.0,222.0,0,0.0,0.0,0.0,0.0,0.0,
L53857,L,301.5,310.7,1435.0,38.5,224.0,0,0.0,0.0,0.0,0.0,0.0,
M21538,M,301.5,310.7,1336.0,65.6,0.0,1,0.0,0.0,1.0,0.0,0.0,
L53859,L,301.6,310.8,1392.0,42.4,3.0,0,0.0,0.0,0.0,0.0,0.0,
L53860,L,301.5,310.8,1417.0,49.7,5.0,0,0.0,0.0,0.0,0.0,0.0,
L53861,L,301.4,310.7,1425.0,45.1,7.0,0,0.0,0.0,0.0,0.0,0.0,
L53862,L,301.5,310.8,1512.0,38.9,9.0,0,0.0,0.0,0.0,0.0,0.0,
L53863,L,301.5,310.9,1318.0,50.6,11.0,0,0.0,0.0,0.0,0.0,0.0,
L53864,L,301.6,310.9,1538.0,40.4,13.0,0,0.0,0.0,0.0,0.0,0.0,
L53865,L,301.6,310.9,1532.0,43.6,15.0,0,0.0,0.0,0.0,0.0,0.0,
L53866,L,301.7,311.0,1715.0,24.8,17.0,0,0.0,0.0,0.0,0.0,0.0,
L53867,L,301.7,311.0,1700.0,28.7,19.0,0,0.0,0.0,0.0,0.0,0.0,
L53868,L,301.7,311.0,1548.0,40.3,21.0,0,0.0,0.0,0.0,0.0,0.0,
L53869,L,301.7,311.0,1546.0,43.0,23.0,0,0.0,0.0,0.0,0.0,0.0,
L53870,L,301.7,311.0,1343.0,49.2,25.0,0,0.0,0.0,0.0,0.0,0.0,
M21551,M,301.7,311.0,1510.0,47.8,27.0,0,0.0,0.0,0.0,0.0,0.0,
M21552,M,301.8,311.0,1839.0,23.6,30.0,0,0.0,0.0,0.0,0.0,0.0,
M21553,M,301.8,311.0,1756.0,26.7,33.0,0,0.0,0.0,0.0,0.0,0.0,
M21554,M,301.7,310.9,1300.0,62.7,36.0,0,0.0,0.0,0.0,0.0,0.0,
M21555,M,301.7,311.0,1311.0,55.8,39.0,0,0.0,0.0,0.0,0.0,0.0,
L53876,L,301.7,310.9,1636.0,31.3,42.0,0,0.0,0.0,0.0,0.0,0.0,
L53877,L,301.6,310.9,1643.0,34.1,44.0,0,0.0,0.0,0.0,0.0,0.0,
L53878,L,301.6,310.8,1418.0,44.7,46.0,0,0.0,0.0,0.0,0.0,0.0,
M21559,M,301.7,310.8,1516.0,40.4,48.0,0,0.0,0.0,0.0,0.0,0.0,
H36114,H,301.6,310.9,1419.0,50.2,51.0,0,0.0,0.0,0.0,0.0,0.0,
L53881,L,301.6,310.9,1623.0,34.1,56.0,0,0.0,0.0,0.0,0.0,0.0,
M21562,M,301.6,310.8,1664.0,32.0,58.0,0,0.0,0.0,0.0,0.0,0.0,
M21563,M,301.5,310.7,1744.0,28.2,61.0,0,0.0,0.0,0.0,0.0,0.0,
M21564,M,301.5,310.7,1510.0,36.0,64.0,0,0.0,0.0,0.0,0.0,0.0,
M21565,M,301.5,310.6,1382.0,58.1,67.0,0,0.0,0.0,0.0,0.0,0.0,
L53886,L,301.4,310.6,1381.0,46.1,70.0,0,0.0,0.0,0.0,0.0,0.0,
L53887,L,301.3,310.6,1556.0,39.0,72.0,0,0.0,0.0,0.0,0.0,0.0,
M21568,M,301.4,310.6,1464.0,37.4,74.0,0,0.0,0.0,0.0,0.0,0.0,
L53889,L,301.4,310.6,1481.0,37.6,77.0,0,0.0,0.0,0.0,0.0,0.0,
L53890,L,301.5,310.7,1323.0,49.7,79.0,0,0.0,0.0,0.0,0.0,0.0,
L53891,L,301.5,310.7,1426.0,46.1,81.0,0,0.0,0.0,0.0,0.0,0.0,
H36126,H,301.4,310.7,1516.0,36.4,83.0,0,0.0,0.0,0.0,0.0,0.0,
L53893,L,301.3,310.6,1416.0,45.2,88.0,0,0.0,0.0,0.0,0.0,0.0,
L53894,L,301.3,310.6,1440.0,53.8,90.0,0,0.0,0.0,0.0,0.0,0.0,
L53895,L,301.3,310.6,1576.0,30.4,92.0,0,0.0,0.0,0.0,0.0,0.0,
L53896,L,301.3,310.6,1387.0,53.6,94.0,0,0.0,0.0,0.0,0.0,0.0,
M21577,M,301.4,310.6,1464.0,48.6,96.0,0,0.0,0.0,0.0,0.0,0.0,
L53898,L,301.4,310.6,2137.0,18.0,99.0,0,0.0,0.0,0.0,0.0,0.0,
M21579,M,301.4,310.6,1431.0,40.6,101.0,0,0.0,0.0,0.0,0.0,0.0,
L53900,L,301.3,310.6,1458.0,48.0,104.0,0,0.0,0.0,0.0,0.0,0.0,
L53901,L,301.4,310.7,1280.0,61.0,106.0,0,0.0,0.0,0.0,0.0,0.0,
L53902,L,301.4,310.7,1657.0,28.7,108.0,0,0.0,0.0,0.0,0.0,0.0,
M21583,M,301.4,310.6,1565.0,36.1,110.0,0,0.0,0.0,0.0,0.0,0.0,
L53904,L,301.3,310.6,1560.0,36.8,113.0,0,0.0,0.0,0.0,0.0,0.0,
M21585,M,301.5,310.7,1359.0,47.1,115.0,0,0.0,0.0,0.0,0.0,0.0,
L53906,L,301.5,310.8,1500.0,41.0,118.0,0,0.0,0.0,0.0,0.0,0.0,
L53907,L,301.5,310.8,1785.0,25.5,120.0,0,0.0,0.0,0.0,0.0,0.0,
L53908,L,301.5,310.9,1891.0,23.2,122.0,0,0.0,0.0,0.0,0.0,0.0,
H36143,H,301.5,310.9,1524.0,40.4,124.0,0,0.0,0.0,0.0,0.0,0.0,
M21590,M,301.6,311.0,1431.0,42.3,129.0,0,0.0,0.0,0.0,0.0,0.0,
L53911,L,301.6,310.9,1385.0,51.2,132.0,0,0.0,0.0,0.0,0.0,0.0,
L53912,L,301.7,311.0,1503.0,44.8,134.0,0,0.0,0.0,0.0,0.0,0.0,
M21593,M,301.7,311.0,1311.0,46.8,136.0,0,0.0,0.0,0.0,0.0,0.0,
M21594,M,301.6,310.9,1575.0,40.1,139.0,0,0.0,0.0,0.0,0.0,0.0,
L53915,L,301.6,311.0,1485.0,40.1,142.0,0,0.0,0.0,0.0,0.0,0.0,
L53916,L,301.7,311.0,1527.0,42.2,144.0,0,0.0,0.0,0.0,0.0,0.0,
M21597,M,301.7,311.0,1537.0,33.5,146.0,0,0.0,0.0,0.0,0.0,0.0,
H36152,H,301.8,311.1,1463.0,50.1,149.0,0,0.0,0.0,0.0,0.0,0.0,
L53919,L,301.7,311.2,1482.0,43.6,154.0,0,0.0,0.0,0.0,0.0,0.0,
L53920,L,301.8,311.2,1417.0,55.9,156.0,0,0.0,0.0,0.0,0.0,0.0,
M21601,M,301.7,311.1,1506.0,39.5,158.0,0,0.0,0.0,0.0,0.0,0.0,
H36156,H,301.7,311.2,1639.0,30.0,161.0,0,0.0,0.0,0.0,0.0,0.0,
L53923,L,301.7,311.2,1418.0,38.0,166.0,0,0.0,0.0,0.0,0.0,0.0,
M21604,M,301.7,311.0,1298.0,58.1,168.0,0,0.0,0.0,0.0,0.0,0.0,
M21605,M,301.8,311.1,1395.0,44.6,171.0,0,0.0,0.0,0.0,0.0,0.0,
M21606,M,301.7,311.1,1578.0,40.5,174.0,0,0.0,0.0,0.0,0.0,0.0,
M21607,M,301.8,311.1,1597.0,29.8,177.0,0,0.0,0.0,0.0,0.0,0.0,
H36162,H,301.7,311.0,2016.0,19.3,180.0,0,0.0,0.0,0.0,0.0,0.0,
L53929,L,301.7,311.0,1585.0,35.9,185.0,0,0.0,0.0,0.0,0.0,0.0,
M21610,M,301.7,311.0,1505.0,44.0,187.0,0,0.0,0.0,0.0,0.0,0.0,
M21611,M,301.7,311.0,1505.0,37.1,190.0,0,0.0,0.0,0.0,0.0,0.0,
L53932,L,301.6,310.9,1706.0,29.5,193.0,0,0.0,0.0,0.0,0.0,0.0,
L53933,L,301.6,310.9,1385.0,50.7,195.0,0,0.0,0.0,0.0,0.0,0.0,
L53934,L,301.8,311.1,1495.0,36.9,197.0,0,0.0,0.0,0.0,0.0,0.0,
M21615,M,301.8,311.1,1663.0,31.6,199.0,0,0.0,0.0,0.0,0.0,0.0,
L53936,L,301.8,311.2,1840.0,26.6,202.0,0,0.0,0.0,0.0,0.0,0.0,
L53937,L,301.8,311.2,1822.0,26.2,204.0,0,0.0,0.0,0.0,0.0,0.0,
L53938,L,301.7,311.1,1644.0,32.8,206.0,0,0.0,0.0,0.0,0.0,0.0,
L53939,L,301.7,311.0,1441.0,44.3,208.0,1,1.0,0.0,0.0,0.0,0.0,
L53940,L,301.5,310.9,1451.0,40.6,0.0,0,0.0,0.0,0.0,0.0,0.0,
L53941,L,301.5,310.9,1400.0,50.8,2.0,0,0.0,0.0,0.0,0.0,0.0,
L53942,L,301.4,310.8,1362.0,53.2,4.0,0,0.0,0.0,0.0,0.0,0.0,
M21623,M,301.4,310.8,1782.0,26.5,6.0,0,0.0,0.0,0.0,0.0,0.0,
L53944,L,301.4,310.9,1536.0,38.3,9.0,0,0.0,0.0,0.0,0.0,0.0,
L53945,L,301.5,310.9,1580.0,32.3,11.0,0,0.0,0.0,0.0,0.0,0.0,
M21626,M,301.4,311.0,1427.0,43.2,13.0,0,0.0,0.0,0.0,0.0,0.0,
L53947,L,301.3,310.9,1509.0,41.7,16.0,0,0.0,0.0,0.0,0.0,0.0,
H36182,H,301.3,310.8,1434.0,39.5,18.0,0,0.0,0.0,0.0,0.0,0.0,
L53949,L,301.2,310.8,1392.0,52.6,23.0,0,0.0,0.0,0.0,0.0,0.0,
M21630,M,301.3,310.8,1509.0,40.1,25.0,0,0.0,0.0,0.0,0.0,0.0,
M21631,M,301.2,310.7,1962.0,22.5,28.0,0,0.0,0.0,0.0,0.0,0.0,
L53952,L,301.3,310.7,1536.0,39.3,31.0,0,0.0,0.0,0.0,0.0,0.0,
L53953,L,301.3,310.8,1381.0,47.9,33.0,0,0.0,0.0,0.0,0.0,0.0,
H36188,H,301.2,310.7,1747.0,27.3,35.0,0,0.0,0.0,0.0,0.0,0.0,
L53955,L,301.2,310.6,1670.0,30.0,40.0,0,0.0,0.0,0.0,0.0,0.0,
L53956,L,301.3,310.6,1451.0,47.5,42.0,0,0.0,0.0,0.0,0.0,0.0,
L53957,L,301.2,310.7,1951.0,21.3,44.0,0,0.0,0.0,0.0,0.0,0.0,
M21638,M,301.3,310.7,1819.0,25.5,46.0,0,0.0,0.0,0.0,0.0,0.0,
M21639,M,301.3,310.8,1372.0,54.2,49.0,0,0.0,0.0,0.0,0.0,0.0,
L53960,L,301.3,310.8,1560.0,38.5,52.0,0,0.0,0.0,0.0,0.0,0.0,
M21641,M,301.3,310.8,1494.0,35.3,54.0,0,0.0,0.0,0.0,0.0,0.0,
L53962,L,301.3,310.8,1531.0,53.4,57.0,0,0.0,0.0,0.0,0.0,0.0,
L53963,L,301.3,310.8,1450.0,46.9,59.0,0,0.0,0.0,0.0,0.0,0.0,
M21644,M,301.3,310.7,1391.0,52.5,61.0,0,0.0,0.0,0.0,0.0,0.0,
L53965,L,301.2,310.6,1389.0,45.3,64.0,0,0.0,0.0,0.0,0.0,0.0,
L53966,L,301.2,310.6,1409.0,50.9,66.0,0,0.0,0.0,0.0,0.0,0.0,
H36201,H,301.1,310.6,1388.0,58.5,68.0,0,0.0,0.0,0.0,0.0,0.0,
M21648,M,301.1,310.6,1410.0,43.9,73.0,0,0.0,0.0,0.0,0.0,0.0,
M21649,M,301.1,310.5,1646.0,30.7,76.0,0,0.0,0.0,0.0,0.0,0.0,
M21650,M,301.1,310.7,2219.0,16.7,79.0,0,0.0,0.0,0.0,0.0,0.0,
L53971,L,301.2,310.7,1551.0,41.2,82.0,0,0.0,0.0,0.0,0.0,0.0,
L53972,L,301.2,310.6,1811.0,24.0,84.0,0,0.0,0.0,0.0,0.0,0.0,
L53973,L,301.3,310.7,1608.0,31.4,86.0,0,0.0,0.0,0.0,0.0,0.0,
L53974,L,301.3,310.8,1428.0,55.2,88.0,0,0.0,0.0,0.0,0.0,0.0,
L53975,L,301.4,310.8,1477.0,50.4,90.0,0,0.0,0.0,0.0,0.0,0.0,
M21656,M,301.3,310.7,1300.0,58.3,92.0,0,0.0,0.0,0.0,0.0,0.0,
M21657,M,301.2,310.7,1615.0,34.9,95.0,0,0.0,0.0,0.0,0.0,0.0,
L53978,L,301.2,310.7,1676.0,32.4,98.0,0,0.0,0.0,0.0,0.0,0.0,
M21659,M,301.1,310.7,2636.0,12.2,100.0,1,0.0,0.0,1.0,0.0,0.0,
M21660,M,301.1,310.6,1310.0,48.8,103.0,0,0.0,0.0,0.0,0.0,0.0,
L53981,L,301.1,310.7,1334.0,48.2,106.0,0,0.0,0.0,0.0,0.0,0.0,
M21662,M,301.1,310.7,1621.0,31.0,108.0,0,0.0,0.0,0.0,0.0,0.0,
M21663,M,301.1,310.7,1367.0,43.4,111.0,0,0.0,0.0,0.0,0.0,0.0,
L53984,L,301.0,310.6,1588.0,33.7,114.0,0,0.0,0.0,0.0,0.0,0.0,
M21665,M,301.0,310.7,1497.0,37.6,116.0,0,0.0,0.0,0.0,0.0,0.0,
L53986,L,301.1,310.8,1608.0,32.9,119.0,0,0.0,0.0,0.0,0.0,0.0,
L53987,L,301.0,310.8,1549.0,41.4,121.0,0,0.0,0.0,0.0,0.0,0.0,
L53988,L,301.0,310.7,1391.0,45.0,123.0,0,0.0,0.0,0.0,0.0,0.0,
L53989,L,300.9,310.8,1490.0,38.1,125.0,0,0.0,0.0,0.0,0.0,0.0,
L53990,L,301.0,310.7,1727.0,34.5,127.0,0,0.0,0.0,0.0,0.0,0.0,
L53991,L,300.9,310.6,1504.0,46.4,129.0,0,0.0,0.0,0.0,0.0,0.0,
L53992,L,300.9,310.6,1350.0,53.8,131.0,0,0.0,0.0,0.0,0.0,0.0,
M21673,M,300.9,310.7,1420.0,43.0,133.0,0,0.0,0.0,0.0,0.0,0.0,
H36228,H,300.8,310.6,1465.0,44.1,136.0,0,0.0,0.0,0.0,0.0,0.0,
L53995,L,300.9,310.7,1427.0,44.1,141.0,0,0.0,0.0,0.0,0.0,0.0,
L53996,L,300.9,310.7,1477.0,43.2,143.0,0,0.0,0.0,0.0,0.0,0.0,
M21677,M,301.0,310.7,1493.0,48.1,145.0,0,0.0,0.0,0.0,0.0,0.0,
M21678,M,301.0,310.7,1657.0,29.9,148.0,0,0.0,0.0,0.0,0.0,0.0,
L53999,L,300.9,310.7,1359.0,46.0,151.0,0,0.0,0.0,0.0,0.0,0.0,
L54000,L,300.8,310.6,1551.0,34.5,153.0,0,0.0,0.0,0.0,0.0,0.0,
M21681,M,300.8,310.6,1545.0,37.5,155.0,0,0.0,0.0,0.0,0.0,0.0,
M21682,M,300.9,310.6,1709.0,29.2,158.0,0,0.0,0.0,0.0,0.0,0.0,
M21683,M,300.9,310.7,1268.0,56.3,161.0,0,0.0,0.0,0.0,0.0,0.0,
L54004,L,300.9,310.7,1740.0,25.3,164.0,0,0.0,0.0,0.0,0.0,0.0,
L54005,L,301.0,310.9,1828.0,25.1,166.0,0,0.0,0.0,0.0,0.0,0.0,
L54006,L,301.0,310.9,1822.0,21.6,168.0,0,0.0,0.0,0.0,0.0,0.0,
M21687,M,301.0,310.9,1515.0,41.8,170.0,0,0.0,0.0,0.0,0.0,0.0,
L54008,L,301.0,310.9,1392.0,52.9,173.0,0,0.0,0.0,0.0,0.0,0.0,
H36243,H,300.9,310.9,1474.0,35.7,175.0,0,0.0,0.0,0.0,0.0,0.0,
M21690,M,301.0,310.9,1359.0,53.4,180.0,0,0.0,0.0,0.0,0.0,0.0,
L54011,L,301.1,311.0,1565.0,52.3,183.0,0,0.0,0.0,0.0,0.0,0.0,
M21692,M,301.1,311.1,1384.0,42.5,185.0,0,0.0,0.0,0.0,0.0,0.0,
L54013,L,301.1,311.1,1387.0,53.1,188.0,0,0.0,0.0,0.0,0.0,0.0,
L54014,L,301.1,311.0,1378.0,51.1,190.0,0,0.0,0.0,0.0,0.0,0.0,
L54015,L,301.0,310.9,1809.0,25.7,192.0,0,0.0,0.0,0.0,0.0,0.0,
H36250,H,301.1,311.0,1339.0,52.8,194.0,0,0.0,0.0,0.0,0.0,0.0,
M21697,M,301.0,311.0,1423.0,38.6,199.0,0,0.0,0.0,0.0,0.0,0.0,
L54018,L,301.1,311.1,1570.0,41.6,202.0,0,0.0,0.0,0.0,0.0,0.0,
L54019,L,301.2,311.2,1558.0,34.1,204.0,0,0.0,0.0,0.0,0.0,0.0,
L54020,L,301.1,311.1,1799.0,21.7,206.0,0,0.0,0.0,0.0,0.0,0.0,
M21701,M,301.1,311.2,1591.0,35.0,208.0,0,0.0,0.0,0.0,0.0,0.0,
L54022,L,301.2,311.2,1635.0,29.6,211.0,0,0.0,0.0,0.0,0.0,0.0,
L54023,L,301.3,311.3,1509.0,42.5,213.0,0,0.0,0.0,0.0,0.0,0.0,
M21704,M,301.3,311.4,1838.0,23.2,215.0,0,0.0,0.0,0.0,0.0,0.0,
M21705,M,301.3,311.5,1648.0,32.4,0.0,0,0.0,0.0,0.0,0.0,0.0,
M21706,M,301.2,311.5,1498.0,49.5,3.0,0,0.0,0.0,0.0,0.0,0.0,
L54027,L,301.2,311.4,1757.0,28.0,6.0,0,0.0,0.0,0.0,0.0,0.0,
M21708,M,301.1,311.3,1389.0,53.3,8.0,0,0.0,0.0,0.0,0.0,0.0,
L54029,L,301.1,311.3,1498.0,37.6,11.0,0,0.0,0.0,0.0,0.0,0.0,
M21710,M,301.0,311.2,1521.0,35.8,13.0,0,0.0,0.0,0.0,0.0,0.0,
M21711,M,301.0,311.2,1394.0,41.3,16.0,0,0.0,0.0,0.0,0.0,0.0,
H36266,H,301.0,311.2,1602.0,32.7,19.0,0,0.0,0.0,0.0,0.0,0.0,
L54033,L,300.9,311.1,1417.0,40.7,24.0,0,0.0,0.0,0.0,0.0,0.0,
L54034,L,301.0,311.2,1511.0,42.9,26.0,0,0.0,0.0,0.0,0.0,0.0,
M21715,M,301.1,311.3,1654.0,30.7,28.0,0,0.0,0.0,0.0,0.0,0.0,
M21716,M,301.1,311.3,1836.0,22.8,31.0,0,0.0,0.0,0.0,0.0,0.0,
L54037,L,301.1,311.3,1622.0,35.6,34.0,0,0.0,0.0,0.0,0.0,0.0,
L54038,L,301.0,311.2,1467.0,45.4,36.0,0,0.0,0.0,0.0,0.0,0.0,
M21719,M,301.1,311.3,1909.0,22.7,38.0,0,0.0,0.0,0.0,0.0,0.0,
L54040,L,301.1,311.2,1910.0,20.2,41.0,0,0.0,0.0,0.0,0.0,0.0,
H36275,H,301.1,311.3,2207.0,16.6,43.0,0,0.0,0.0,0.0,0.0,0.0,
M21722,M,301.1,311.2,1384.0,49.4,48.0,0,0.0,0.0,0.0,0.0,0.0,
L54043,L,301.1,311.3,1630.0,29.5,51.0,0,0.0,0.0,0.0,0.0,0.0,
L54044,L,301.1,311.3,1268.0,60.0,53.0,0,0.0,0.0,0.0,0.0,0.0,
L54045,L,301.1,311.4,1531.0,38.7,55.0,0,0.0,0.0,0.0,0.0,0.0,
M21726,M,301.0,311.3,1454.0,41.5,57.0,0,0.0,0.0,0.0,0.0,0.0,
L54047,L,301.0,311.3,1342.0,50.9,60.0,0,0.0,0.0,0.0,0.0,0.0,
L54048,L,301.0,311.2,1363.0,46.3,62.0,0,0.0,0.0,0.0,0.0,0.0,
L54049,L,301.0,311.2,1412.0,42.1,64.0,0,0.0,0.0,0.0,0.0,0.0,
H36284,H,301.0,311.3,1597.0,39.2,66.0,0,0.0,0.0,0.0,0.0,0.0,
L54051,L,301.0,311.3,1349.0,47.0,71.0,0,0.0,0.0,0.0,0.0,0.0,
L54052,L,301.0,311.3,1472.0,35.3,73.0,0,0.0,0.0,0.0,0.0,0.0,
L54053,L,301.0,311.4,1478.0,39.5,75.0,0,0.0,0.0,0.0,0.0,0.0,
H36288,H,300.9,311.3,1295.0,58.9,77.0,0,0.0,0.0,0.0,0.0,0.0,
M21735,M,300.8,311.2,1592.0,32.9,82.0,0,0.0,0.0,0.0,0.0,0.0,
L54056,L,300.8,311.2,1430.0,54.4,85.0,0,0.0,0.0,0.0,0.0,0.0,
M21737,M,300.8,311.2,1488.0,40.1,87.0,0,0.0,0.0,0.0,0.0,0.0,
H36292,H,300.9,311.2,1518.0,35.0,90.0,0,0.0,0.0,0.0,0.0,0.0,
H36293,H,300.8,311.2,2237.0,17.0,95.0,0,0.0,0.0,0.0,0.0,0.0,
M21740,M,300.9,311.3,1801.0,24.6,100.0,0,0.0,0.0,0.0,0.0,0.0,
L54061,L,301.0,311.4,1573.0,37.6,103.0,0,0.0,0.0,0.0,0.0,0.0,
L54062,L,300.9,311.4,2073.0,21.4,105.0,0,0.0,0.0,0.0,0.0,0.0,
L54063,L,300.9,311.3,1953.0,19.4,107.0,0,0.0,0.0,0.0,0.0,0.0,
L54064,L,300.8,311.2,1492.0,39.0,109.0,0,0.0,0.0,0.0,0.0,0.0,
L54065,L,300.8,311.2,1397.0,48.7,111.0,0,0.0,0.0,0.0,0.0,0.0,
M21746,M,300.8,311.3,1465.0,43.2,113.0,0,0.0,0.0,0.0,0.0,0.0,
L54067,L,300.8,311.3,1782.0,26.9,116.0,0,0.0,0.0,0.0,0.0,0.0,
M21748,M,300.9,311.4,1434.0,45.4,118.0,0,0.0,0.0,0.0,0.0,0.0,
H36303,H,300.9,311.4,1387.0,42.7,121.0,0,0.0,0.0,0.0,0.0,0.0,
M21750,M,300.9,311.4,1532.0,41.5,126.0,0,0.0,0.0,0.0,0.0,0.0,
L54071,L,300.9,311.5,1505.0,41.1,129.0,0,0.0,0.0,0.0,0.0,0.0,
L54072,L,301.0,311.6,1440.0,43.3,131.0,0,0.0,0.0,0.0,0.0,0.0,
L54073,L,301.0,311.6,1470.0,43.4,133.0,0,0.0,0.0,0.0,0.0,0.0,
L54074,L,301.1,311.7,1408.0,46.3,135.0,0,0.0,0.0,0.0,0.0,0.0,
M21755,M,301.0,311.6,1357.0,45.6,137.0,0,0.0,0.0,0.0,0.0,0.0,
M21756,M,301.0,311.6,1454.0,40.0,140.0,0,0.0,0.0,0.0,0.0,0.0,
L54077,L,301.0,311.6,1352.0,63.5,143.0,0,0.0,0.0,0.0,0.0,0.0,
M21758,M,301.0,311.6,1448.0,43.9,145.0,0,0.0,0.0,0.0,0.0,0.0,
L54079,L,300.9,311.6,1671.0,33.5,148.0,0,0.0,0.0,0.0,0.0,0.0,
L54080,L,301.0,311.7,1670.0,31.3,150.0,0,0.0,0.0,0.0,0.0,0.0,
L54081,L,301.0,311.7,1547.0,34.5,152.0,0,0.0,0.0,0.0,0.0,0.0,
L54082,L,301.0,311.6,1461.0,40.6,154.0,0,0.0,0.0,0.0,0.0,0.0,
M21763,M,301.0,311.6,1609.0,35.8,156.0,0,0.0,0.0,0.0,0.0,0.0,
M21764,M,300.9,311.5,1704.0,31.3,159.0,0,0.0,0.0,0.0,0.0,0.0,
M21765,M,301.0,311.5,1550.0,34.9,162.0,0,0.0,0.0,0.0,0.0,0.0,
M21766,M,301.0,311.5,1530.0,43.9,165.0,0,0.0,0.0,0.0,0.0,0.0,
L54087,L,300.9,311.3,1449.0,40.2,168.0,0,0.0,0.0,0.0,0.0,0.0,
L54088,L,300.9,311.3,1613.0,32.7,170.0,0,0.0,0.0,0.0,0.0,0.0,
L54089,L,300.8,311.2,1376.0,48.1,172.0,0,0.0,0.0,0.0,0.0,0.0,
L54090,L,300.8,311.2,1434.0,45.6,174.0,0,0.0,0.0,0.0,0.0,0.0,
L54091,L,300.8,311.1,1480.0,41.1,176.0,0,0.0,0.0,0.0,0.0,0.0,
M21772,M,300.8,311.2,1634.0,31.9,178.0,0,0.0,0.0,0.0,0.0,0.0,
L54093,L,300.8,311.2,1481.0,38.5,181.0,0,0.0,0.0,0.0,0.0,1.0,
H36328,H,300.9,311.3,1668.0,28.9,183.0,0,0.0,0.0,0.0,0.0,0.0,
L54095,L,301.0,311.4,1484.0,36.2,188.0,0,0.0,0.0,0.0,0.0,0.0,
M21776,M,300.9,311.3,1603.0,31.8,190.0,0,0.0,0.0,0.0,0.0,0.0,
L54097,L,301.0,311.4,1481.0,37.5,193.0,0,0.0,0.0,0.0,0.0,0.0,
L54098,L,301.0,311.5,1559.0,31.8,195.0,0,0.0,0.0,0.0,0.0,0.0,
L54099,L,301.0,311.5,1444.0,39.8,197.0,0,0.0,0.0,0.0,0.0,0.0,
M21780,M,301.2,311.6,1423.0,48.0,199.0,0,0.0,0.0,0.0,0.0,0.0,
L54101,L,301.1,311.6,1432.0,48.1,202.0,0,0.0,0.0,0.0,0.0,0.0,
L54102,L,301.2,311.7,1463.0,48.3,204.0,0,0.0,0.0,0.0,0.0,0.0,
L54103,L,301.2,311.7,1433.0,49.3,206.0,0,0.0,0.0,0.0,0.0,0.0,
L54104,L,301.2,311.6,1461.0,52.9,208.0,1,0.0,0.0,0.0,1.0,0.0,
M21785,M,301.1,311.6,1266.0,55.5,210.0,0,0.0,0.0,0.0,0.0,0.0,
H36340,H,301.1,311.6,1417.0,53.4,0.0,0,0.0,0.0,0.0,0.0,0.0,
L54107,L,301.1,311.6,1488.0,43.4,5.0,0,0.0,0.0,0.0,0.0,0.0,
L54108,L,301.1,311.7,1816.0,24.5,7.0,0,0.0,0.0,0.0,0.0,0.0,
M21789,M,301.0,311.6,1301.0,55.0,9.0,0,0.0,0.0,0.0,0.0,0.0,
M21790,M,300.9,311.5,1836.0,21.8,12.0,0,0.0,0.0,0.0,0.0,0.0,
M21791,M,300.8,311.4,1521.0,39.9,15.0,0,0.0,0.0,0.0,0.0,0.0,
L54112,L,300.8,311.4,1322.0,67.2,18.0,1,0.0,0.0,1.0,0.0,0.0,
L54113,L,300.8,311.4,1492.0,40.6,20.0,0,0.0,0.0,0.0,0.0,0.0,
L54114,L,300.8,311.4,1536.0,40.9,22.0,0,0.0,0.0,0.0,0.0,0.0,
L54115,L,300.7,311.2,1878.0,24.3,24.0,0,0.0,0.0,0.0,0.0,0.0,
L54116,L,300.6,311.1,1471.0,40.7,26.0,0,0.0,0.0,0.0,0.0,0.0,
H36351,H,300.6,311.1,1452.0,40.2,28.0,0,0.0,0.0,0.0,0.0,0.0,
L54118,L,300.7,311.2,1452.0,44.4,33.0,0,0.0,0.0,0.0,0.0,0.0,
M21799,M,300.7,311.3,1348.0,53.0,35.0,0,0.0,0.0,0.0,0.0,0.0,
H36354,H,300.8,311.4,1453.0,44.6,38.0,0,0.0,0.0,0.0,0.0,0.0,
L54121,L,300.8,311.4,1316.0,57.6,43.0,0,0.0,0.0,0.0,0.0,0.0,
M21802,M,300.8,311.4,1732.0,26.9,45.0,0,0.0,0.0,0.0,0.0,0.0,
L54123,L,300.7,311.3,1522.0,35.2,48.0,0,0.0,0.0,0.0,0.0,0.0,
M21804,M,300.7,311.3,1487.0,39.8,50.0,0,0.0,0.0,0.0,0.0,0.0,
M21805,M,300.8,311.4,1852.0,22.2,53.0,0,0.0,0.0,0.0,0.0,0.0,
L54126,L,300.7,311.2,1486.0,46.8,56.0,0,0.0,0.0,0.0,0.0,0.0,
M21807,M,300.7,311.3,1562.0,37.1,58.0,0,0.0,0.0,0.0,0.0,0.0,
L54128,L,300.7,311.2,1457.0,51.4,61.0,0,0.0,0.0,0.0,0.0,0.0,
M21809,M,300.7,311.2,1769.0,26.5,63.0,0,0.0,0.0,0.0,0.0,0.0,
H36364,H,300.7,311.3,1374.0,53.1,66.0,0,0.0,0.0,0.0,0.0,0.0,
L54131,L,300.8,311.3,1524.0,43.5,71.0,0,0.0,0.0,0.0,0.0,0.0,
L54132,L,300.8,311.3,1498.0,40.2,73.0,0,0.0,0.0,0.0,0.0,0.0,
L54133,L,300.8,311.3,1462.0,41.4,75.0,0,0.0,0.0,0.0,0.0,0.0,
M21814,M,300.8,311.2,1429.0,52.3,77.0,0,0.0,0.0,0.0,0.0,0.0,
L54135,L,300.7,311.2,1399.0,47.9,80.0,0,0.0,0.0,0.0,0.0,0.0,
M21816,M,300.8,311.2,1434.0,39.1,82.0,0,0.0,0.0,0.0,0.0,0.0,
L54137,L,300.7,311.1,1324.0,52.2,85.0,0,0.0,0.0,0.0,0.0,0.0,
L54138,L,300.6,311.0,1563.0,40.7,87.0,0,0.0,0.0,0.0,0.0,0.0,
L54139,L,300.6,311.0,1543.0,34.7,89.0,0,0.0,0.0,0.0,0.0,0.0,
L54140,L,300.7,311.0,1413.0,52.0,91.0,0,0.0,0.0,0.0,0.0,1.0,
M21821,M,300.7,311.0,1378.0,41.2,93.0,0,0.0,0.0,0.0,0.0,0.0,
M21822,M,300.7,311.1,1373.0,49.9,96.0,0,0.0,0.0,0.0,0.0,0.0,
H36377,H,300.7,311.0,1981.0,19.9,99.0,0,0.0,0.0,0.0,0.0,0.0,
M21824,M,300.7,311.0,1263.0,52.3,104.0,0,0.0,0.0,0.0,0.0,0.0,
L54145,L,300.7,311.0,1312.0,52.1,107.0,0,0.0,0.0,0.0,0.0,0.0,
L54146,L,300.7,311.0,1969.0,20.7,109.0,0,0.0,0.0,0.0,0.0,0.0,
M21827,M,300.8,311.2,1365.0,51.7,111.0,0,0.0,0.0,0.0,0.0,0.0,
L54148,L,300.9,311.2,1789.0,25.5,114.0,0,0.0,0.0,0.0,0.0,0.0,
M21829,M,300.8,311.1,1583.0,32.1,116.0,0,0.0,0.0,0.0,0.0,0.0,
L54150,L,300.7,311.0,1436.0,44.9,119.0,0,0.0,0.0,0.0,0.0,0.0,
M21831,M,300.7,311.0,1559.0,42.8,121.0,0,0.0,0.0,0.0,0.0,0.0,
L54152,L,300.7,311.0,1377.0,49.9,124.0,0,0.0,0.0,0.0,0.0,0.0,
L54153,L,300.7,311.0,1462.0,41.9,126.0,0,0.0,0.0,0.0,0.0,0.0,
L54154,L,300.7,311.0,1318.0,48.2,128.0,0,0.0,0.0,0.0,0.0,0.0,
M21835,M,300.7,311.0,1378.0,51.6,130.0,0,0.0,0.0,0.0,0.0,0.0,
L54156,L,300.6,310.9,1344.0,46.7,133.0,0,0.0,0.0,0.0,0.0,0.0,
L54157,L,300.7,311.1,2377.0,14.3,135.0,0,0.0,0.0,0.0,0.0,0.0,
L54158,L,300.7,311.1,1427.0,50.3,137.0,0,0.0,0.0,0.0,0.0,0.0,
L54159,L,300.9,311.2,1353.0,60.4,139.0,0,0.0,0.0,0.0,0.0,0.0,
L54160,L,300.8,311.3,1505.0,45.5,141.0,0,0.0,0.0,0.0,0.0,0.0,
H36395,H,300.8,311.2,1612.0,32.5,143.0,0,0.0,0.0,0.0,0.0,0.0,
L54162,L,300.7,311.1,1440.0,43.0,148.0,0,0.0,0.0,0.0,0.0,0.0,
M21843,M,300.7,311.0,1334.0,53.9,150.0,0,0.0,0.0,0.0,0.0,0.0,
M21844,M,300.7,311.0,1706.0,25.0,153.0,0,0.0,0.0,0.0,0.0,0.0,
H36399,H,300.8,311.1,1698.0,24.8,156.0,0,0.0,0.0,0.0,0.0,0.0,
L54166,L,300.7,311.1,1688.0,30.7,161.0,0,0.0,0.0,0.0,0.0,0.0,
L54167,L,300.7,311.1,2437.0,13.8,163.0,0,0.0,0.0,0.0,0.0,0.0,
L54168,L,300.7,311.1,1478.0,46.8,165.0,0,0.0,0.0,0.0,0.0,0.0,
M21849,M,300.7,311.1,1608.0,35.3,167.0,0,0.0,0.0,0.0,0.0,0.0,
L54170,L,300.7,311.1,2478.0,13.4,170.0,1,0.0,0.0,1.0,0.0,0.0,
L54171,L,300.8,311.1,1509.0,33.4,172.0,0,0.0,0.0,0.0,0.0,0.0,
L54172,L,300.7,311.0,1596.0,36.9,174.0,0,0.0,0.0,0.0,0.0,0.0,
M21853,M,300.7,311.0,1740.0,25.6,176.0,0,0.0,0.0,0.0,0.0,0.0,
L54174,L,300.6,310.8,1375.0,53.2,179.0,0,0.0,0.0,0.0,0.0,0.0,
M21855,M,300.6,310.7,1705.0,31.2,181.0,0,0.0,0.0,0.0,0.0,0.0,
M21856,M,300.5,310.6,1621.0,32.0,184.0,0,0.0,0.0,0.0,0.0,0.0,
M21857,M,300.6,310.7,1566.0,38.2,187.0,0,0.0,0.0,0.0,0.0,0.0,
M21858,M,300.6,310.7,1388.0,42.9,190.0,0,0.0,0.0,0.0,0.0,0.0,
M21859,M,300.6,310.7,1457.0,36.7,193.0,0,0.0,0.0,0.0,0.0,0.0,
M21860,M,300.6,310.6,1463.0,45.5,196.0,0,0.0,0.0,0.0,0.0,0.0,
L54181,L,300.5,310.5,1564.0,38.2,199.0,0,0.0,0.0,0.0,0.0,0.0,
H36416,H,300.5,310.6,1411.0,47.2,201.0,0,0.0,0.0,0.0,0.0,0.0,
L54183,L,300.5,310.6,1540.0,46.7,206.0,0,0.0,0.0,0.0,0.0,0.0,
L54184,L,300.5,310.6,1950.0,20.3,208.0,0,0.0,0.0,0.0,0.0,0.0,
M21865,M,300.6,310.7,1339.0,52.9,0.0,0,0.0,0.0,0.0,0.0,0.0,
H36420,H,300.6,310.6,1419.0,39.6,3.0,0,0.0,0.0,0.0,0.0,0.0,
L54187,L,300.5,310.6,1499.0,45.2,8.0,0,0.0,0.0,0.0,0.0,0.0,
L54188,L,300.5,310.6,1368.0,49.6,10.0,0,0.0,0.0,0.0,0.0,0.0,
L54189,L,300.5,310.5,1536.0,36.2,12.0,0,0.0,0.0,0.0,0.0,0.0,
M21870,M,300.5,310.5,1469.0,42.9,14.0,0,0.0,0.0,0.0,0.0,0.0,
L54191,L,300.5,310.5,2633.0,12.2,17.0,1,0.0,0.0,1.0,0.0,0.0,
L54192,L,300.4,310.4,1298.0,61.4,19.0,0,0.0,0.0,0.0,0.0,0.0,
M21873,M,300.4,310.4,1544.0,36.3,21.0,0,0.0,0.0,0.0,0.0,0.0,
H36428,H,300.5,310.5,1403.0,47.7,24.0,0,0.0,0.0,0.0,0.0,0.0,
L54195,L,300.5,310.5,1452.0,42.9,29.0,0,0.0,0.0,0.0,0.0,0.0,
L54196,L,300.6,310.5,1509.0,43.1,31.0,0,0.0,0.0,0.0,0.0,0.0,
M21877,M,300.7,310.6,1474.0,37.0,33.0,0,0.0,0.0,0.0,0.0,0.0,
M21878,M,300.7,310.7,1377.0,46.7,36.0,0,0.0,0.0,0.0,0.0,0.0,
L54199,L,300.8,310.8,1741.0,27.1,39.0,0,0.0,0.0,0.0,0.0,0.0,
L54200,L,300.8,310.8,1460.0,53.8,41.0,0,0.0,0.0,0.0,0.0,0.0,
H36435,H,300.7,310.6,1631.0,32.6,43.0,0,0.0,0.0,0.0,0.0,0.0,
L54202,L,300.7,310.5,1561.0,33.2,48.0,0,0.0,0.0,0.0,0.0,0.0,
M21883,M,300.7,310.6,1572.0,38.5,50.0,0,0.0,0.0,0.0,0.0,0.0,
L54204,L,300.6,310.6,2127.0,18.7,53.0,0,0.0,0.0,0.0,0.0,0.0,
H36439,H,300.6,310.6,1448.0,44.7,55.0,0,0.0,0.0,0.0,0.0,0.0,
L54206,L,300.6,310.7,1543.0,39.6,60.0,0,0.0,0.0,0.0,0.0,0.0,
L54207,L,300.6,310.6,1508.0,34.8,62.0,0,0.0,0.0,0.0,0.0,0.0,
M21888,M,300.6,310.6,1403.0,50.4,64.0,0,0.0,0.0,0.0,0.0,0.0,
L54209,L,300.6,310.6,1454.0,39.7,67.0,0,0.0,0.0,0.0,0.0,0.0,
L54210,L,300.7,310.8,1772.0,27.3,69.0,0,0.0,0.0,0.0,0.0,0.0,
L54211,L,300.7,310.8,1479.0,49.1,71.0,0,0.0,0.0,0.0,0.0,0.0,
L54212,L,300.7,310.9,1723.0,31.0,73.0,0,0.0,0.0,0.0,0.0,0.0,
M21893,M,300.7,310.8,1469.0,46.4,75.0,0,0.0,0.0,0.0,0.0,0.0,
H36448,H,300.6,310.6,1830.0,26.2,78.0,0,0.0,0.0,0.0,0.0,0.0,
L54215,L,300.6,310.6,1497.0,38.2,83.0,0,0.0,0.0,0.0,0.0,0.0,
L54216,L,300.7,310.6,1540.0,52.7,85.0,0,0.0,0.0,0.0,0.0,0.0,
L54217,L,300.6,310.6,1514.0,39.5,87.0,0,0.0,0.0,0.0,0.0,0.0,
L54218,L,300.7,310.6,1654.0,34.2,89.0,0,0.0,0.0,0.0,0.0,0.0,
H36453,H,300.6,310.5,1519.0,37.0,91.0,0,0.0,0.0,0.0,0.0,0.0,
L54220,L,300.7,310.6,1720.0,30.3,96.0,0,0.0,0.0,0.0,0.0,0.0,
L54221,L,300.6,310.5,1470.0,37.7,98.0,0,0.0,0.0,0.0,0.0,0.0,
L54222,L,300.6,310.5,1642.0,29.9,100.0,0,0.0,0.0,0.0,0.0,0.0,
M21903,M,300.7,310.6,2006.0,19.1,102.0,0,0.0,0.0,0.0,0.0,0.0,
M21904,M,300.7,310.6,1505.0,35.6,105.0,0,0.0,0.0,0.0,0.0,0.0,
M21905,M,300.7,310.6,1609.0,27.6,108.0,0,0.0,0.0,0.0,0.0,0.0,
M21906,M,300.7,310.5,1863.0,22.2,111.0,0,0.0,0.0,0.0,0.0,0.0,
L54227,L,300.6,310.4,1401.0,42.6,114.0,0,0.0,0.0,0.0,0.0,0.0,
L54228,L,300.6,310.4,2007.0,19.8,116.0,0,0.0,0.0,0.0,0.0,0.0,
L54229,L,300.6,310.4,1494.0,47.3,118.0,0,0.0,0.0,0.0,0.0,0.0,
L54230,L,300.6,310.4,1457.0,47.7,120.0,0,0.0,0.0,0.0,0.0,0.0,
L54231,L,300.6,310.4,1556.0,37.7,122.0,0,0.0,0.0,0.0,0.0,0.0,
H36466,H,300.6,310.4,1510.0,42.8,124.0,0,0.0,0.0,0.0,0.0,0.0,
H36467,H,300.7,310.5,1567.0,38.7,129.0,0,0.0,0.0,0.0,0.0,0.0,
H36468,H,300.7,310.5,1476.0,43.1,134.0,0,0.0,0.0,0.0,0.0,0.0,
L54235,L,300.8,310.6,1663.0,30.6,139.0,0,0.0,0.0,0.0,0.0,0.0,
M21916,M,300.8,310.5,1409.0,50.6,141.0,0,0.0,0.0,0.0,0.0,0.0,
L54237,L,300.8,310.6,1666.0,36.2,144.0,0,0.0,0.0,0.0,0.0,0.0,
L54238,L,300.7,310.6,1520.0,45.9,146.0,0,0.0,0.0,0.0,0.0,0.0,
L54239,L,300.6,310.5,1644.0,33.8,148.0,0,0.0,0.0,0.0,0.0,0.0,
H36474,H,300.6,310.4,1479.0,35.6,150.0,0,0.0,0.0,0.0,0.0,0.0,
L54241,L,300.6,310.4,1446.0,49.7,155.0,0,0.0,0.0,0.0,0.0,0.0,
M21922,M,300.6,310.4,1407.0,51.1,157.0,0,0.0,0.0,0.0,0.0,0.0,
L54243,L,300.7,310.4,1234.0,51.7,160.0,0,0.0,0.0,0.0,0.0,0.0,
M21924,M,300.8,310.5,1696.0,29.7,162.0,0,0.0,0.0,0.0,0.0,0.0,
L54245,L,300.8,310.6,1384.0,52.9,165.0,0,0.0,0.0,0.0,0.0,0.0,
M21926,M,300.8,310.7,1572.0,36.2,167.0,0,0.0,0.0,0.0,0.0,0.0,
M21927,M,300.8,310.7,1386.0,42.1,170.0,0,0.0,0.0,0.0,0.0,0.0,
L54248,L,300.8,310.7,1461.0,42.8,173.0,0,0.0,0.0,0.0,0.0,0.0,
L54249,L,300.8,310.7,1525.0,39.4,175.0,0,0.0,0.0,0.0,0.0,0.0,
L54250,L,300.7,310.7,1333.0,61.0,177.0,0,0.0,0.0,0.0,0.0,0.0,
H36485,H,300.7,310.6,1505.0,40.6,179.0,0,0.0,0.0,0.0,0.0,0.0,
M21932,M,300.7,310.6,1439.0,41.7,184.0,0,0.0,0.0,0.0,0.0,0.0,
L54253,L,300.7,310.6,1491.0,43.2,187.0,0,0.0,0.0,0.0,0.0,0.0,
M21934,M,300.7,310.6,1488.0,39.2,189.0,0,0.0,0.0,0.0,0.0,0.0,
L54255,L,300.7,310.5,1536.0,47.4,192.0,0,0.0,0.0,0.0,0.0,0.0,
L54256,L,300.7,310.5,1960.0,21.0,194.0,0,0.0,0.0,0.0,0.0,0.0,
M21937,M,300.7,310.5,1594.0,31.0,196.0,0,0.0,0.0,0.0,0.0,0.0,
L54258,L,300.7,310.5,1357.0,52.6,199.0,0,0.0,0.0,0.0,0.0,0.0,
L54259,L,300.7,310.5,1445.0,41.1,201.0,0,0.0,0.0,0.0,0.0,0.0,
L54260,L,300.7,310.4,1543.0,47.3,203.0,0,0.0,0.0,0.0,0.0,0.0,
L54261,L,300.7,310.4,1366.0,52.6,205.0,0,0.0,0.0,0.0,0.0,0.0,
L54262,L,300.7,310.3,1458.0,40.0,207.0,0,0.0,0.0,0.0,0.0,0.0,
L54263,L,300.7,310.4,1416.0,61.8,209.0,1,0.0,0.0,1.0,1.0,0.0,
L54264,L,300.6,310.3,1794.0,24.4,211.0,0,0.0,0.0,0.0,0.0,0.0,
L54265,L,300.6,310.3,1484.0,41.0,213.0,0,0.0,0.0,0.0,0.0,0.0,
L54266,L,300.6,310.4,2514.0,13.4,215.0,0,0.0,0.0,0.0,0.0,0.0,
L54267,L,300.6,310.3,1648.0,30.5,217.0,1,1.0,0.0,0.0,0.0,0.0,
M21948,M,300.6,310.3,1614.0,32.7,0.0,0,0.0,0.0,0.0,0.0,0.0,
L54269,L,300.6,310.2,1622.0,34.1,3.0,0,0.0,0.0,0.0,0.0,0.0,
M21950,M,300.6,310.2,1478.0,40.1,5.0,0,0.0,0.0,0.0,0.0,0.0,
L54271,L,300.6,310.2,1318.0,51.0,8.0,0,0.0,0.0,0.0,0.0,0.0,
L54272,L,300.7,310.2,1493.0,35.9,10.0,0,0.0,0.0,0.0,0.0,0.0,
H36507,H,300.7,310.3,1369.0,50.7,12.0,0,0.0,0.0,0.0,0.0,0.0,
L54274,L,300.6,310.2,1447.0,45.9,17.0,0,0.0,0.0,0.0,0.0,0.0,
L54275,L,300.6,310.1,1485.0,49.9,19.0,0,0.0,0.0,0.0,0.0,0.0,
L54276,L,300.6,310.2,1489.0,47.8,21.0,0,0.0,0.0,0.0,0.0,0.0,
M21957,M,300.6,310.2,1233.0,52.3,23.0,0,0.0,0.0,0.0,0.0,0.0,
L54278,L,300.7,310.2,1642.0,32.6,26.0,0,0.0,0.0,0.0,0.0,0.0,
M21959,M,300.7,310.2,1373.0,44.1,28.0,0,0.0,0.0,0.0,0.0,0.0,
L54280,L,300.7,310.2,1569.0,32.8,31.0,0,0.0,0.0,0.0,0.0,0.0,
L54281,L,300.8,310.2,1850.0,22.8,33.0,0,0.0,0.0,0.0,0.0,0.0,
M21962,M,300.8,310.3,1494.0,42.2,35.0,0,0.0,0.0,0.0,0.0,0.0,
H36517,H,300.8,310.3,1777.0,30.1,38.0,0,0.0,0.0,0.0,0.0,0.0,
L54284,L,300.9,310.4,1454.0,43.1,43.0,0,0.0,0.0,0.0,0.0,0.0,
L54285,L,300.9,310.4,1536.0,34.2,45.0,0,0.0,0.0,0.0,0.0,0.0,
L54286,L,300.8,310.5,1482.0,39.0,47.0,0,0.0,0.0,0.0,0.0,0.0,
H36521,H,300.9,310.5,1512.0,41.2,49.0,0,0.0,0.0,0.0,0.0,0.0,
M21968,M,300.8,310.5,1511.0,35.8,54.0,0,0.0,0.0,0.0,0.0,0.0,
L54289,L,300.9,310.5,1599.0,40.5,57.0,0,0.0,0.0,0.0,0.0,0.0,
M21970,M,300.8,310.4,1518.0,36.0,59.0,0,0.0,0.0,0.0,0.0,0.0,
M21971,M,300.8,310.4,1450.0,39.4,62.0,0,0.0,0.0,0.0,0.0,0.0,
L54292,L,300.9,310.4,1427.0,47.0,65.0,0,0.0,0.0,0.0,0.0,0.0,
L54293,L,300.9,310.4,1561.0,32.7,67.0,0,0.0,0.0,0.0,0.0,0.0,
H36528,H,300.9,310.4,1457.0,43.8,69.0,0,0.0,0.0,0.0,0.0,0.0,
M21975,M,301.0,310.6,1460.0,53.6,74.0,0,0.0,0.0,0.0,0.0,0.0,
L54296,L,301.0,310.5,1601.0,33.2,77.0,0,0.0,0.0,0.0,0.0,0.0,
L54297,L,300.9,310.5,1570.0,40.1,79.0,0,0.0,0.0,0.0,0.0,0.0,
L54298,L,300.9,310.5,1565.0,35.9,81.0,0,0.0,0.0,0.0,0.0,0.0,
L54299,L,301.0,310.5,1378.0,44.4,83.0,0,0.0,0.0,0.0,0.0,0.0,
L54300,L,300.9,310.5,2288.0,16.1,85.0,0,0.0,0.0,0.0,0.0,0.0,
M21981,M,300.9,310.4,1375.0,44.7,87.0,0,0.0,0.0,0.0,0.0,0.0,
L54302,L,300.9,310.4,1788.0,27.8,90.0,0,0.0,0.0,0.0,0.0,0.0,
M21983,M,300.9,310.4,1576.0,40.4,92.0,0,0.0,0.0,0.0,0.0,0.0,
M21984,M,300.8,310.3,1868.0,24.5,95.0,0,0.0,0.0,0.0,0.0,0.0,
L54305,L,300.7,310.1,1261.0,56.6,98.0,0,0.0,0.0,0.0,0.0,0.0,
M21986,M,300.6,310.0,1542.0,33.9,100.0,0,0.0,0.0,0.0,0.0,0.0,
L54307,L,300.6,310.0,1438.0,53.8,103.0,0,0.0,0.0,0.0,0.0,0.0,
L54308,L,300.6,310.0,1511.0,36.9,105.0,0,0.0,0.0,0.0,0.0,0.0,
L54309,L,300.6,310.0,1635.0,31.0,107.0,0,0.0,0.0,0.0,0.0,0.0,
L54310,L,300.6,309.9,1428.0,48.8,109.0,0,0.0,0.0,0.0,0.0,0.0,
M21991,M,300.5,309.8,1410.0,44.4,111.0,0,0.0,0.0,0.0,0.0,0.0,
L54312,L,300.5,309.9,1423.0,47.9,114.0,0,0.0,0.0,0.0,0.0,0.0,
M21993,M,300.5,309.9,1552.0,41.3,116.0,0,0.0,0.0,0.0,0.0,0.0,
M21994,M,300.5,310.0,1406.0,50.2,119.0,0,0.0,0.0,0.0,0.0,0.0,
L54315,L,300.5,309.9,1443.0,48.3,122.0,0,0.0,0.0,0.0,0.0,0.0,
M21996,M,300.5,309.9,1343.0,63.7,124.0,0,0.0,0.0,0.0,0.0,0.0,
M21997,M,300.6,310.0,1486.0,41.2,127.0,0,0.0,0.0,0.0,0.0,0.0,
L54318,L,300.6,310.1,1297.0,50.0,130.0,0,0.0,0.0,0.0,0.0,0.0,
L54319,L,300.6,310.1,1495.0,42.3,132.0,0,0.0,0.0,0.0,0.0,0.0,
L54320,L,300.5,309.9,1382.0,46.5,134.0,0,0.0,0.0,0.0,0.0,0.0,
M22001,M,300.4,309.8,1356.0,44.4,136.0,0,0.0,0.0,0.0,0.0,0.0,
H36556,H,300.3,309.7,1452.0,41.5,139.0,0,0.0,0.0,0.0,0.0,0.0,
H36557,H,300.3,309.7,1582.0,30.8,144.0,0,0.0,0.0,0.0,0.0,0.0,
M22004,M,300.4,309.8,1517.0,40.3,149.0,0,0.0,0.0,0.0,0.0,0.0,
L54325,L,300.5,310.0,1413.0,44.5,152.0,0,0.0,0.0,0.0,0.0,0.0,
L54326,L,300.4,309.9,1496.0,31.8,154.0,0,0.0,0.0,0.0,0.0,0.0,
L54327,L,300.3,309.8,1466.0,41.2,156.0,0,0.0,0.0,0.0,0.0,0.0,
M22008,M,300.3,309.8,1617.0,40.8,158.0,0,0.0,0.0,0.0,0.0,0.0,
L54329,L,300.2,309.8,1506.0,41.8,161.0,0,0.0,0.0,0.0,0.0,0.0,
L54330,L,300.2,309.8,1401.0,49.3,163.0,0,0.0,0.0,0.0,0.0,0.0,
H36565,H,300.2,309.9,1906.0,22.9,165.0,0,0.0,0.0,0.0,0.0,0.0,
L54332,L,300.2,309.9,1566.0,36.4,170.0,0,0.0,0.0,0.0,0.0,0.0,
L54333,L,300.2,310.0,1493.0,47.3,172.0,0,0.0,0.0,0.0,0.0,0.0,
L54334,L,300.3,310.1,1483.0,39.9,174.0,0,0.0,0.0,0.0,0.0,0.0,
M22015,M,300.2,309.9,1569.0,31.2,176.0,0,0.0,0.0,0.0,0.0,0.0,
M22016,M,300.2,310.0,1664.0,30.7,179.0,0,0.0,0.0,0.0,0.0,0.0,
L54337,L,300.2,310.0,1486.0,40.1,182.0,0,0.0,0.0,0.0,0.0,0.0,
L54338,L,300.2,310.0,1389.0,53.6,184.0,0,0.0,0.0,0.0,0.0,0.0,
L54339,L,300.1,310.0,1511.0,41.7,186.0,0,0.0,0.0,0.0,0.0,0.0,
M22020,M,300.2,310.1,1485.0,40.5,188.0,0,0.0,0.0,0.0,0.0,0.0,
L54341,L,300.2,310.2,1440.0,42.9,191.0,0,0.0,0.0,0.0,0.0,0.0,
L54342,L,300.2,310.2,1378.0,43.9,193.0,0,0.0,0.0,0.0,0.0,0.0,
M22023,M,300.1,310.1,1501.0,39.3,195.0,0,0.0,0.0,0.0,0.0,0.0,
M22024,M,300.2,310.1,1474.0,44.0,198.0,0,0.0,0.0,0.0,0.0,0.0,
L54345,L,300.2,310.1,1392.0,47.9,201.0,0,0.0,0.0,0.0,0.0,0.0,
M22026,M,300.3,310.2,1429.0,44.7,203.0,0,0.0,0.0,0.0,0.0,0.0,
L54347,L,300.3,310.3,1362.0,60.3,206.0,1,0.0,0.0,0.0,1.0,0.0,
L54348,L,300.3,310.3,1704.0,29.5,0.0,0,0.0,0.0,0.0,0.0,0.0,
L54349,L,300.3,310.2,1492.0,52.3,2.0,0,0.0,0.0,0.0,0.0,0.0,
M22030,M,300.3,310.2,1442.0,39.5,4.0,0,0.0,0.0,0.0,0.0,0.0,
M22031,M,300.2,310.2,1438.0,51.5,7.0,0,0.0,0.0,0.0,0.0,0.0,
M22032,M,300.1,310.1,1402.0,46.6,10.0,0,0.0,0.0,0.0,0.0,0.0,
L54353,L,300.1,310.1,1684.0,30.8,13.0,0,0.0,0.0,0.0,0.0,0.0,
L54354,L,300.2,310.2,1530.0,48.5,15.0,0,0.0,0.0,0.0,0.0,0.0,
L54355,L,300.1,310.1,1569.0,43.5,17.0,0,0.0,0.0,0.0,0.0,0.0,
L54356,L,300.1,310.1,1650.0,31.6,19.0,0,0.0,0.0,0.0,0.0,0.0,
L54357,L,300.2,310.2,1415.0,49.6,21.0,0,0.0,0.0,0.0,0.0,0.0,
L54358,L,300.2,310.2,1600.0,31.5,23.0,0,0.0,0.0,0.0,0.0,0.0,
L54359,L,300.2,310.1,1523.0,42.3,25.0,0,0.0,0.0,0.0,0.0,0.0,
M22040,M,300.2,310.2,1628.0,30.3,27.0,0,0.0,0.0,0.0,0.0,0.0,
L54361,L,300.2,310.3,1331.0,52.1,30.0,0,0.0,0.0,0.0,0.0,0.0,
L54362,L,300.3,310.3,2158.0,16.8,32.0,0,0.0,0.0,0.0,0.0,0.0,
L54363,L,300.2,310.3,1445.0,50.9,34.0,0,0.0,0.0,0.0,0.0,0.0,
M22044,M,300.2,310.3,1593.0,36.1,36.0,0,0.0,0.0,0.0,0.0,0.0,
L54365,L,300.3,310.4,1672.0,29.2,39.0,0,0.0,0.0,0.0,0.0,0.0,
M22046,M,300.4,310.5,1644.0,31.4,41.0,0,0.0,0.0,0.0,0.0,0.0,
L54367,L,300.4,310.5,1402.0,54.3,44.0,0,0.0,0.0,0.0,0.0,0.0,
L54368,L,300.4,310.4,1286.0,56.8,46.0,0,0.0,0.0,0.0,0.0,0.0,
L54369,L,300.4,310.4,1486.0,46.3,48.0,0,0.0,0.0,0.0,0.0,0.0,
L54370,L,300.3,310.3,1345.0,46.3,50.0,0,0.0,0.0,0.0,0.0,0.0,
L54371,L,300.3,310.3,1629.0,34.1,52.0,0,0.0,0.0,0.0,0.0,0.0,
M22052,M,300.2,310.2,1429.0,43.8,54.0,0,0.0,0.0,0.0,0.0,0.0,
L54373,L,300.1,310.1,1306.0,64.7,57.0,0,0.0,0.0,0.0,0.0,0.0,
L54374,L,300.1,310.1,1380.0,52.6,59.0,0,0.0,0.0,0.0,0.0,0.0,
M22055,M,300.1,310.1,1443.0,49.3,61.0,0,0.0,0.0,0.0,0.0,0.0,
H36610,H,300.1,310.1,1426.0,42.7,64.0,0,0.0,0.0,0.0,0.0,0.0,
L54377,L,300.0,310.0,1486.0,41.8,69.0,0,0.0,0.0,0.0,0.0,0.0,
M22058,M,300.0,309.9,1530.0,34.5,71.0,0,0.0,0.0,0.0,0.0,0.0,
L54379,L,300.0,309.9,1507.0,41.4,74.0,0,0.0,0.0,0.0,0.0,0.0,
L54380,L,300.0,309.9,1608.0,33.4,76.0,0,0.0,0.0,0.0,0.0,0.0,
L54381,L,300.0,309.8,1474.0,40.6,78.0,0,0.0,0.0,0.0,0.0,0.0,
L54382,L,300.0,309.7,1326.0,61.9,80.0,0,0.0,0.0,0.0,0.0,0.0,
M22063,M,299.8,309.6,1434.0,48.0,82.0,0,0.0,0.0,0.0,0.0,0.0,
L54384,L,299.8,309.6,1526.0,41.7,85.0,0,0.0,0.0,0.0,0.0,0.0,
L54385,L,299.8,309.7,1483.0,39.6,87.0,0,0.0,0.0,0.0,0.0,0.0,
L54386,L,299.8,309.7,1457.0,51.9,89.0,0,0.0,0.0,0.0,0.0,0.0,
M22067,M,299.7,309.6,1540.0,34.4,91.0,0,0.0,0.0,0.0,0.0,0.0,
L54388,L,299.8,309.7,1707.0,29.1,94.0,0,0.0,0.0,0.0,0.0,0.0,
L54389,L,299.8,309.7,1624.0,34.2,96.0,0,0.0,0.0,0.0,0.0,0.0,
M22070,M,299.8,309.6,1331.0,50.2,98.0,0,0.0,0.0,0.0,0.0,0.0,
L54391,L,299.8,309.7,1431.0,40.3,101.0,0,0.0,0.0,0.0,0.0,0.0,
M22072,M,299.8,309.7,1705.0,28.5,103.0,0,0.0,0.0,0.0,0.0,0.0,
M22073,M,299.8,309.8,1427.0,45.2,106.0,0,0.0,0.0,0.0,0.0,0.0,
M22074,M,299.9,309.8,1625.0,41.2,109.0,0,0.0,0.0,0.0,0.0,0.0,
L54395,L,299.9,309.8,1477.0,47.7,112.0,0,0.0,0.0,0.0,0.0,0.0,
M22076,M,300.0,309.9,1651.0,28.1,114.0,0,0.0,0.0,0.0,0.0,0.0,
L54397,L,299.9,309.8,1716.0,28.2,117.0,0,0.0,0.0,0.0,0.0,0.0,
H36632,H,299.9,309.8,1400.0,48.7,119.0,0,0.0,0.0,0.0,0.0,0.0,
M22079,M,299.8,309.7,1556.0,37.7,124.0,0,0.0,0.0,0.0,0.0,0.0,
L54400,L,299.8,309.7,1429.0,42.6,127.0,0,0.0,0.0,0.0,0.0,0.0,
H36635,H,299.7,309.6,1433.0,49.6,129.0,0,0.0,0.0,0.0,0.0,0.0,
M22082,M,299.8,309.7,1320.0,61.7,134.0,0,0.0,0.0,0.0,0.0,0.0,
L54403,L,299.8,309.6,1374.0,51.6,137.0,0,0.0,0.0,0.0,0.0,0.0,
L54404,L,299.8,309.6,1598.0,31.0,139.0,0,0.0,0.0,0.0,0.0,0.0,
M22085,M,299.8,309.7,1910.0,21.8,141.0,0,0.0,0.0,0.0,0.0,0.0,
L54406,L,299.7,309.6,1399.0,51.3,144.0,0,0.0,0.0,0.0,0.0,0.0,
L54407,L,299.7,309.6,1720.0,27.1,146.0,0,0.0,0.0,0.0,0.0,0.0,
H36642,H,299.8,309.7,1368.0,47.4,148.0,0,0.0,0.0,0.0,0.0,0.0,
L54409,L,299.8,309.8,1749.0,33.4,153.0,0,0.0,0.0,0.0,0.0,0.0,
L54410,L,299.8,309.8,1542.0,39.4,155.0,0,0.0,0.0,0.0,0.0,0.0,
L54411,L,299.8,309.9,1553.0,36.6,157.0,0,0.0,0.0,0.0,0.0,0.0,
M22092,M,299.9,309.9,1639.0,42.1,159.0,0,0.0,0.0,0.0,0.0,0.0,
L54413,L,299.9,310.0,1447.0,45.9,162.0,0,0.0,0.0,0.0,0.0,0.0,
M22094,M,299.8,310.0,1397.0,48.1,164.0,0,0.0,0.0,0.0,0.0,0.0,
L54415,L,299.8,310.0,1361.0,53.8,167.0,0,0.0,0.0,0.0,0.0,0.0,
M22096,M,299.8,310.0,1460.0,37.1,169.0,0,0.0,0.0,0.0,0.0,0.0,
M22097,M,299.8,310.0,1632.0,33.7,172.0,0,0.0,0.0,0.0,0.0,0.0,
L54418,L,299.8,310.0,1697.0,36.0,175.0,0,0.0,0.0,0.0,0.0,0.0,
L54419,L,299.8,310.1,1553.0,42.0,177.0,0,0.0,0.0,0.0,0.0,0.0,
M22100,M,299.9,310.1,1362.0,56.3,179.0,0,0.0,0.0,0.0,0.0,0.0,
M22101,M,299.9,310.0,1484.0,42.1,182.0,0,0.0,0.0,0.0,0.0,0.0,
H36656,H,299.9,310.1,1447.0,51.4,185.0,0,0.0,0.0,0.0,0.0,0.0,
M22103,M,300.0,310.2,1393.0,51.2,190.0,0,0.0,0.0,0.0,0.0,0.0,
L54424,L,300.0,310.2,1760.0,26.9,193.0,0,0.0,0.0,0.0,0.0,0.0,
L54425,L,300.0,310.1,1477.0,34.6,195.0,0,0.0,0.0,0.0,0.0,0.0,
L54426,L,299.9,310.1,1681.0,29.1,197.0,0,0.0,0.0,0.0,0.0,0.0,
M22107,M,300.0,310.1,1314.0,53.5,199.0,0,0.0,0.0,0.0,0.0,0.0,
L54428,L,300.0,310.1,1762.0,28.0,202.0,0,0.0,0.0,0.0,0.0,0.0,
L54429,L,299.9,310.0,1402.0,44.7,204.0,0,0.0,0.0,0.0,0.0,0.0,
M22110,M,300.1,310.2,1429.0,42.0,206.0,0,0.0,0.0,0.0,0.0,0.0,
M22111,M,300.2,310.3,1448.0,40.1,209.0,0,0.0,0.0,0.0,0.0,0.0,
H36666,H,300.2,310.4,1501.0,42.9,212.0,0,0.0,0.0,0.0,0.0,0.0,
L54433,L,300.3,310.5,1522.0,39.1,217.0,0,0.0,0.0,0.0,0.0,0.0,
L54434,L,300.3,310.4,1493.0,37.5,219.0,0,0.0,0.0,0.0,0.0,0.0,
M22115,M,300.2,310.3,1704.0,29.4,221.0,0,0.0,0.0,0.0,0.0,0.0,
H36670,H,300.2,310.3,1408.0,42.5,0.0,0,0.0,0.0,0.0,0.0,0.0,
L54437,L,300.2,310.4,1518.0,41.8,5.0,0,0.0,0.0,0.0,0.0,0.0,
L54438,L,300.3,310.4,1742.0,25.9,7.0,0,0.0,0.0,0.0,0.0,0.0,
M22119,M,300.4,310.5,1500.0,43.0,9.0,0,0.0,0.0,0.0,0.0,0.0,
L54440,L,300.4,310.5,2424.0,14.5,12.0,0,0.0,0.0,0.0,0.0,0.0,
L54441,L,300.4,310.5,1818.0,25.1,14.0,0,0.0,0.0,0.0,0.0,0.0,
M22122,M,300.4,310.6,1545.0,35.6,16.0,0,0.0,0.0,0.0,0.0,0.0,
L54443,L,300.4,310.6,1429.0,46.9,19.0,0,0.0,0.0,0.0,0.0,0.0,
M22124,M,300.4,310.6,1448.0,44.9,21.0,0,0.0,0.0,0.0,0.0,0.0,
L54445,L,300.4,310.6,1384.0,48.7,24.0,0,0.0,0.0,0.0,0.0,0.0,
L54446,L,300.4,310.5,1578.0,32.8,26.0,0,0.0,0.0,0.0,0.0,0.0,
L54447,L,300.5,310.5,1695.0,26.7,28.0,0,0.0,0.0,0.0,0.0,0.0,
L54448,L,300.5,310.6,1543.0,36.2,30.0,0,0.0,0.0,0.0,0.0,0.0,
M22129,M,300.4,310.5,1540.0,33.4,32.0,0,0.0,0.0,0.0,0.0,0.0,
L54450,L,300.2,310.4,1808.0,25.8,35.0,0,0.0,0.0,0.0,0.0,0.0,
M22131,M,300.3,310.4,1293.0,49.7,37.0,0,0.0,0.0,0.0,0.0,0.0,
L54452,L,300.2,310.3,1202.0,59.5,40.0,0,0.0,0.0,0.0,0.0,0.0,
M22133,M,300.2,310.3,1704.0,29.2,42.0,0,0.0,0.0,0.0,0.0,0.0,
M22134,M,300.2,310.3,1478.0,38.1,45.0,0,0.0,0.0,0.0,0.0,0.0,
L54455,L,300.2,310.3,1514.0,38.7,48.0,0,0.0,0.0,0.0,0.0,0.0,
M22136,M,300.1,310.3,1350.0,48.8,50.0,0,0.0,0.0,0.0,0.0,0.0,
L54457,L,300.1,310.2,1475.0,54.2,53.0,0,0.0,0.0,0.0,0.0,0.0,
H36692,H,300.0,310.1,1714.0,28.7,55.0,0,0.0,0.0,0.0,0.0,0.0,
L54459,L,300.0,310.1,1465.0,40.9,60.0,0,0.0,0.0,0.0,0.0,0.0,
L54460,L,299.9,310.2,1288.0,69.6,62.0,1,0.0,0.0,1.0,0.0,0.0,
L54461,L,300.0,310.2,1675.0,29.7,64.0,0,0.0,0.0,0.0,0.0,0.0,
L54462,L,300.0,310.2,1486.0,36.4,66.0,0,0.0,0.0,0.0,0.0,0.0,
M22143,M,300.0,310.2,1443.0,58.7,68.0,0,0.0,0.0,0.0,0.0,0.0,
M22144,M,300.1,310.3,1345.0,57.1,71.0,0,0.0,0.0,0.0,0.0,0.0,
M22145,M,300.2,310.4,1202.0,61.7,74.0,0,0.0,0.0,0.0,0.0,0.0,
M22146,M,300.1,310.4,1480.0,37.1,77.0,0,0.0,0.0,0.0,0.0,0.0,
M22147,M,300.2,310.4,1530.0,35.7,80.0,0,0.0,0.0,0.0,0.0,0.0,
M22148,M,300.2,310.6,1983.0,20.8,83.0,0,0.0,0.0,0.0,0.0,0.0,
L54469,L,300.3,310.6,1433.0,53.8,86.0,0,0.0,0.0,0.0,0.0,0.0,
L54470,L,300.3,310.6,1806.0,24.4,88.0,0,0.0,0.0,0.0,0.0,0.0,
L54471,L,300.2,310.5,1416.0,46.7,90.0,0,0.0,0.0,0.0,0.0,0.0,
M22152,M,300.1,310.4,1556.0,38.1,92.0,0,0.0,0.0,0.0,0.0,0.0,
L54473,L,300.1,310.5,1627.0,29.2,95.0,0,0.0,0.0,0.0,0.0,0.0,
L54474,L,300.1,310.6,1809.0,24.3,97.0,0,0.0,0.0,0.0,0.0,0.0,
M22155,M,300.1,310.5,1329.0,57.4,99.0,0,0.0,0.0,0.0,0.0,0.0,
H36710,H,300.0,310.4,1881.0,21.9,102.0,0,0.0,0.0,0.0,0.0,0.0,
L54477,L,300.1,310.5,1500.0,39.8,107.0,0,0.0,0.0,0.0,0.0,0.0,
L54478,L,300.1,310.5,1532.0,36.0,109.0,0,0.0,0.0,0.0,0.0,0.0,
L54479,L,300.1,310.5,1492.0,50.9,111.0,0,0.0,0.0,0.0,0.0,0.0,
L54480,L,300.2,310.6,1431.0,42.3,113.0,0,0.0,0.0,0.0,0.0,0.0,
L54481,L,300.1,310.4,1554.0,39.4,115.0,0,0.0,0.0,0.0,0.0,0.0,
L54482,L,300.1,310.5,1494.0,44.2,117.0,0,0.0,0.0,0.0,0.0,0.0,
L54483,L,300.1,310.6,1374.0,45.4,119.0,0,0.0,0.0,0.0,0.0,0.0,
L54484,L,300.1,310.5,1394.0,44.3,121.0,0,0.0,0.0,0.0,0.0,0.0,
M22165,M,300.0,310.5,1790.0,25.7,123.0,0,0.0,0.0,0.0,0.0,0.0,
L54486,L,300.1,310.5,1356.0,45.8,126.0,0,0.0,0.0,0.0,0.0,0.0,
M22167,M,300.0,310.4,1385.0,52.1,128.0,0,0.0,0.0,0.0,0.0,0.0,
L54488,L,300.0,310.4,1333.0,49.1,131.0,0,0.0,0.0,0.0,0.0,0.0,
L54489,L,300.0,310.4,1505.0,44.9,133.0,0,0.0,0.0,0.0,0.0,0.0,
L54490,L,300.0,310.5,1606.0,33.5,135.0,0,0.0,0.0,0.0,0.0,0.0,
H36725,H,300.0,310.5,1558.0,36.7,137.0,0,0.0,0.0,0.0,0.0,0.0,
L54492,L,300.0,310.5,1412.0,52.4,142.0,0,0.0,0.0,0.0,0.0,0.0,
L54493,L,299.9,310.4,1408.0,38.4,144.0,0,0.0,0.0,0.0,0.0,0.0,
L54494,L,299.9,310.3,1268.0,53.3,146.0,0,0.0,0.0,0.0,0.0,0.0,
L54495,L,299.9,310.4,1470.0,50.0,148.0,0,0.0,0.0,0.0,0.0,0.0,
L54496,L,299.9,310.4,1497.0,47.0,150.0,0,0.0,0.0,0.0,0.0,0.0,
L54497,L,299.9,310.3,1638.0,29.1,152.0,0,0.0,0.0,0.0,0.0,0.0,
H36732,H,299.9,310.3,1535.0,43.9,154.0,0,0.0,0.0,0.0,0.0,0.0,
L54499,L,299.8,310.2,1654.0,32.7,159.0,0,0.0,0.0,0.0,0.0,0.0,
H36734,H,299.8,310.2,1411.0,49.7,161.0,0,0.0,0.0,0.0,0.0,0.0,
L54501,L,299.8,310.2,1911.0,23.5,166.0,0,0.0,0.0,0.0,0.0,0.0,
H36736,H,299.8,310.2,1573.0,33.3,168.0,0,0.0,0.0,0.0,0.0,0.0,
L54503,L,299.9,310.2,1479.0,46.3,173.0,0,0.0,0.0,0.0,0.0,0.0,
M22184,M,299.9,310.4,1820.0,26.6,175.0,0,0.0,0.0,0.0,0.0,0.0,
L54505,L,299.9,310.4,1419.0,45.7,178.0,0,0.0,0.0,0.0,0.0,0.0,
M22186,M,299.9,310.5,1335.0,52.9,180.0,0,0.0,0.0,0.0,0.0,0.0,
M22187,M,299.9,310.5,1576.0,39.4,183.0,0,0.0,0.0,0.0,0.0,0.0,
L54508,L,300.0,310.5,1517.0,42.2,186.0,0,0.0,0.0,0.0,0.0,0.0,
M22189,M,299.9,310.4,1576.0,34.3,188.0,0,0.0,0.0,0.0,0.0,0.0,
H36744,H,299.8,310.2,1537.0,36.6,191.0,0,0.0,0.0,0.0,0.0,0.0,
L54511,L,299.8,310.3,1524.0,34.2,196.0,0,0.0,0.0,0.0,0.0,0.0,
M22192,M,299.8,310.3,1805.0,23.7,198.0,0,0.0,0.0,0.0,0.0,0.0,
M22193,M,299.9,310.4,1367.0,53.3,201.0,0,0.0,0.0,0.0,0.0,0.0,
L54514,L,299.8,310.4,1694.0,30.3,204.0,0,0.0,0.0,0.0,0.0,0.0,
L54515,L,299.9,310.4,1328.0,49.9,206.0,0,0.0,0.0,0.0,0.0,0.0,
H36750,H,299.9,310.5,1549.0,42.8,208.0,0,0.0,0.0,0.0,0.0,0.0,
L54517,L,299.9,310.5,1539.0,32.8,213.0,0,0.0,0.0,0.0,0.0,0.0,
L54518,L,299.8,310.5,1496.0,38.8,215.0,0,0.0,0.0,0.0,0.0,0.0,
L54519,L,299.8,310.4,1579.0,36.4,0.0,0,0.0,0.0,0.0,0.0,0.0,
L54520,L,299.7,310.3,1386.0,46.6,2.0,0,0.0,0.0,0.0,0.0,0.0,
L54521,L,299.7,310.3,1505.0,37.7,4.0,0,0.0,0.0,0.0,0.0,0.0,
M22202,M,299.7,310.3,1661.0,34.5,6.0,0,0.0,0.0,0.0,0.0,0.0,
L54523,L,299.6,310.2,1468.0,48.0,9.0,0,0.0,0.0,0.0,0.0,0.0,
L54524,L,299.6,310.1,1384.0,49.8,11.0,0,0.0,0.0,0.0,0.0,0.0,
L54525,L,299.6,310.2,1381.0,60.5,13.0,0,0.0,0.0,0.0,0.0,0.0,
L54526,L,299.6,310.2,1469.0,47.0,15.0,0,0.0,0.0,0.0,0.0,0.0,
L54527,L,299.6,310.2,1627.0,36.6,17.0,0,0.0,0.0,0.0,0.0,0.0,
H36762,H,299.7,310.3,1462.0,40.4,19.0,0,0.0,0.0,0.0,0.0,0.0,
L54529,L,299.7,310.2,1633.0,36.5,24.0,0,0.0,0.0,0.0,0.0,0.0,
L54530,L,299.7,310.2,1469.0,39.5,26.0,0,0.0,0.0,0.0,0.0,0.0,
L54531,L,299.7,310.2,1458.0,43.4,28.0,0,0.0,0.0,0.0,0.0,0.0,
M22212,M,299.7,310.2,1440.0,42.8,30.0,0,0.0,0.0,0.0,0.0,0.0,
L54533,L,299.8,310.3,1687.0,30.4,33.0,0,0.0,0.0,0.0,0.0,0.0,
M22214,M,299.7,310.3,1429.0,47.7,35.0,0,0.0,0.0,0.0,0.0,0.0,
L54535,L,299.6,310.2,1588.0,34.1,38.0,0,0.0,0.0,0.0,0.0,0.0,
L54536,L,299.6,310.2,1333.0,51.2,40.0,0,0.0,0.0,0.0,0.0,0.0,
L54537,L,299.6,310.1,1487.0,42.9,42.0,0,0.0,0.0,0.0,0.0,0.0,
M22218,M,299.5,310.1,1659.0,31.5,44.0,0,0.0,0.0,0.0,0.0,0.0,
M22219,M,299.4,310.0,1512.0,43.2,47.0,0,0.0,0.0,0.0,0.0,0.0,
L54540,L,299.5,310.1,1585.0,35.2,50.0,0,0.0,0.0,0.0,0.0,0.0,
L54541,L,299.5,310.0,1502.0,38.5,52.0,0,0.0,0.0,0.0,0.0,0.0,
L54542,L,299.5,310.0,1594.0,35.1,54.0,0,0.0,0.0,0.0,0.0,0.0,
L54543,L,299.5,310.0,1412.0,48.9,56.0,0,0.0,0.0,0.0,0.0,0.0,
L54544,L,299.5,309.9,1402.0,51.7,58.0,0,0.0,0.0,0.0,0.0,0.0,
L54545,L,299.6,310.1,2057.0,20.4,60.0,0,0.0,0.0,0.0,0.0,0.0,
H36780,H,299.6,310.1,1531.0,36.8,62.0,0,0.0,0.0,0.0,0.0,0.0,
M22227,M,299.5,310.1,1359.0,61.1,67.0,0,0.0,0.0,0.0,0.0,0.0,
M22228,M,299.6,310.2,1620.0,30.0,70.0,0,0.0,0.0,0.0,0.0,0.0,
M22229,M,299.6,310.1,1646.0,29.6,73.0,0,0.0,0.0,0.0,0.0,0.0,
M22230,M,299.6,310.1,1455.0,46.1,76.0,0,0.0,0.0,0.0,0.0,0.0,
L54551,L,299.6,310.2,1512.0,44.0,79.0,0,0.0,0.0,0.0,0.0,0.0,
L54552,L,299.6,310.2,1473.0,42.7,81.0,0,0.0,0.0,0.0,0.0,0.0,
L54553,L,299.6,310.1,1553.0,38.0,83.0,0,0.0,0.0,0.0,0.0,0.0,
L54554,L,299.5,310.0,1379.0,50.4,85.0,0,0.0,0.0,0.0,0.0,0.0,
M22235,M,299.4,309.9,1567.0,40.6,87.0,0,0.0,0.0,0.0,0.0,0.0,
L54556,L,299.5,310.0,1481.0,43.1,90.0,0,0.0,0.0,0.0,0.0,0.0,
L54557,L,299.5,310.0,1349.0,52.7,92.0,0,0.0,0.0,0.0,0.0,0.0,
L54558,L,299.5,310.0,1388.0,52.4,94.0,0,0.0,0.0,0.0,0.0,0.0,
M22239,M,299.6,310.1,1357.0,48.7,96.0,0,0.0,0.0,0.0,0.0,0.0,
L54560,L,299.6,310.2,1743.0,24.8,99.0,0,0.0,0.0,0.0,0.0,0.0,
L54561,L,299.7,310.3,1495.0,43.1,101.0,0,0.0,0.0,0.0,0.0,0.0,
L54562,L,299.8,310.4,1698.0,28.3,103.0,0,0.0,0.0,0.0,0.0,0.0,
M22243,M,299.7,310.4,1410.0,44.5,105.0,0,0.0,0.0,0.0,0.0,0.0,
L54564,L,299.7,310.4,1614.0,36.2,108.0,0,0.0,0.0,0.0,0.0,0.0,
M22245,M,299.8,310.5,1375.0,53.9,110.0,0,0.0,0.0,0.0,0.0,0.0,
M22246,M,299.8,310.6,1574.0,31.8,113.0,0,0.0,0.0,0.0,0.0,0.0,
H36801,H,299.8,310.6,1423.0,44.6,116.0,0,0.0,0.0,0.0,0.0,0.0,
M22248,M,299.8,310.6,1694.0,31.3,121.0,0,0.0,0.0,0.0,0.0,0.0,
L54569,L,299.8,310.6,1707.0,32.5,124.0,0,0.0,0.0,0.0,0.0,0.0,
M22250,M,299.7,310.5,1490.0,41.2,126.0,0,0.0,0.0,0.0,0.0,0.0,
L54571,L,299.7,310.6,1675.0,31.3,129.0,0,0.0,0.0,0.0,0.0,0.0,
M22252,M,299.7,310.5,1492.0,39.3,131.0,0,0.0,0.0,0.0,0.0,0.0,
M22253,M,299.7,310.5,1594.0,35.4,134.0,0,0.0,0.0,0.0,0.0,0.0,
L54574,L,299.7,310.6,1479.0,38.0,137.0,0,0.0,0.0,0.0,0.0,0.0,
M22255,M,299.7,310.6,1572.0,38.0,139.0,0,0.0,0.0,0.0,0.0,0.0,
L54576,L,299.7,310.6,1616.0,35.1,142.0,0,0.0,0.0,0.0,0.0,0.0,
L54577,L,299.7,310.6,1737.0,26.1,144.0,0,0.0,0.0,0.0,0.0,0.0,
M22258,M,299.7,310.7,1498.0,37.8,146.0,0,0.0,0.0,0.0,0.0,0.0,
L54579,L,299.6,310.6,1642.0,35.1,149.0,0,0.0,0.0,0.0,0.0,0.0,
M22260,M,299.6,310.6,1633.0,34.2,151.0,0,0.0,0.0,0.0,0.0,0.0,
L54581,L,299.8,310.8,1409.0,51.9,154.0,0,0.0,0.0,0.0,0.0,0.0,
M22262,M,299.8,310.8,1463.0,43.5,156.0,0,0.0,0.0,0.0,0.0,0.0,
L54583,L,299.8,310.8,1376.0,48.6,159.0,0,0.0,0.0,0.0,0.0,0.0,
L54584,L,299.8,310.8,1553.0,32.2,161.0,0,0.0,0.0,0.0,0.0,0.0,
M22265,M,299.8,310.8,1530.0,35.2,163.0,0,0.0,0.0,0.0,0.0,0.0,
L54586,L,299.8,310.9,1545.0,40.7,166.0,0,0.0,0.0,0.0,0.0,0.0,
H36821,H,299.8,310.9,1427.0,47.2,168.0,0,0.0,0.0,0.0,0.0,0.0,
L54588,L,299.9,310.9,1292.0,51.1,173.0,0,0.0,0.0,0.0,0.0,0.0,
L54589,L,299.8,310.9,2084.0,17.6,175.0,0,0.0,0.0,0.0,0.0,0.0,
L54590,L,299.9,311.0,1747.0,27.6,177.0,0,0.0,0.0,0.0,0.0,0.0,
L54591,L,300.0,311.1,1425.0,47.8,179.0,0,0.0,0.0,0.0,0.0,0.0,
L54592,L,300.0,311.0,1637.0,33.6,181.0,0,0.0,0.0,0.0,0.0,0.0,
M22273,M,300.1,311.1,1616.0,35.2,183.0,0,0.0,0.0,0.0,0.0,0.0,
L54594,L,300.1,311.1,1619.0,33.4,186.0,0,0.0,0.0,0.0,0.0,0.0,
L54595,L,300.1,311.2,1489.0,39.1,188.0,0,0.0,0.0,0.0,0.0,0.0,
M22276,M,300.1,311.2,1452.0,42.4,190.0,0,0.0,0.0,0.0,0.0,0.0,
M22277,M,300.1,311.3,1495.0,41.0,193.0,0,0.0,0.0,0.0,0.0,0.0,
M22278,M,300.2,311.4,1427.0,39.7,196.0,0,0.0,0.0,0.0,0.0,0.0,
L54599,L,300.1,311.4,1572.0,36.2,199.0,0,0.0,0.0,0.0,0.0,0.0,
L54600,L,300.1,311.3,1547.0,40.0,201.0,0,0.0,0.0,0.0,0.0,0.0,
M22281,M,300.1,311.4,1342.0,48.5,203.0,0,0.0,0.0,0.0,0.0,0.0,
L54602,L,300.0,311.2,1351.0,44.1,206.0,0,0.0,0.0,0.0,0.0,0.0,
L54603,L,300.0,311.3,1407.0,47.3,208.0,0,0.0,0.0,0.0,0.0,0.0,
M22284,M,300.1,311.4,1575.0,29.8,210.0,0,0.0,0.0,0.0,0.0,0.0,
M22285,M,300.0,311.4,1791.0,24.1,213.0,0,0.0,0.0,0.0,0.0,0.0,
M22286,M,300.0,311.4,1692.0,29.0,216.0,1,1.0,0.0,0.0,0.0,0.0,
L54607,L,300.0,311.4,1634.0,31.9,0.0,0,0.0,0.0,0.0,0.0,0.0,
M22288,M,300.0,311.4,1864.0,23.3,2.0,0,0.0,0.0,0.0,0.0,0.0,
L54609,L,300.0,311.4,1590.0,33.6,5.0,0,0.0,0.0,0.0,0.0,0.0,
M22290,M,300.0,311.4,1384.0,46.1,7.0,0,0.0,0.0,0.0,0.0,0.0,
M22291,M,300.0,311.4,1352.0,61.8,10.0,0,0.0,0.0,0.0,0.0,0.0,
L54612,L,300.1,311.4,1484.0,43.1,13.0,0,0.0,0.0,0.0,0.0,0.0,
M22293,M,300.1,311.4,1913.0,21.9,15.0,0,0.0,0.0,0.0,0.0,0.0,
L54614,L,300.0,311.4,1508.0,38.2,18.0,0,0.0,0.0,0.0,0.0,0.0,
L54615,L,299.9,311.3,1504.0,40.7,20.0,0,0.0,0.0,0.0,0.0,0.0,
L54616,L,300.0,311.4,1487.0,41.2,22.0,0,0.0,0.0,0.0,0.0,0.0,
L54617,L,299.8,311.3,1727.0,30.0,24.0,0,0.0,0.0,0.0,0.0,0.0,
L54618,L,299.9,311.3,1647.0,27.5,26.0,0,0.0,0.0,0.0,0.0,0.0,
L54619,L,300.0,311.3,1493.0,41.4,28.0,0,0.0,0.0,0.0,0.0,0.0,
L54620,L,300.0,311.4,1655.0,29.6,30.0,0,0.0,0.0,0.0,0.0,0.0,
M22301,M,299.9,311.4,1337.0,54.8,32.0,0,0.0,0.0,0.0,0.0,0.0,
L54622,L,300.0,311.5,1601.0,36.9,35.0,0,0.0,0.0,0.0,0.0,0.0,
H36857,H,300.1,311.6,1589.0,37.9,37.0,0,0.0,0.0,0.0,0.0,0.0,
L54624,L,300.2,311.7,1286.0,55.1,42.0,0,0.0,0.0,0.0,0.0,0.0,
L54625,L,300.2,311.7,1553.0,41.3,44.0,0,0.0,0.0,0.0,0.0,0.0,
L54626,L,300.2,311.8,1379.0,51.0,46.0,0,0.0,0.0,0.0,0.0,0.0,
M22307,M,300.3,311.9,1677.0,30.8,48.0,0,0.0,0.0,0.0,0.0,0.0,
L54628,L,300.3,311.8,1488.0,38.4,51.0,0,0.0,0.0,0.0,0.0,0.0,
L54629,L,300.3,311.8,1418.0,45.9,53.0,0,0.0,0.0,0.0,0.0,0.0,
L54630,L,300.3,311.8,1451.0,41.0,55.0,0,0.0,0.0,0.0,0.0,0.0,
L54631,L,300.3,311.8,1508.0,43.1,57.0,0,0.0,0.0,0.0,0.0,0.0,
L54632,L,300.3,311.7,1579.0,33.6,59.0,0,0.0,0.0,0.0,0.0,0.0,
H36867,H,300.3,311.7,1432.0,47.7,61.0,0,0.0,0.0,0.0,0.0,0.0,
L54634,L,300.2,311.6,1446.0,47.3,66.0,0,0.0,0.0,0.0,0.0,0.0,
M22315,M,300.2,311.7,1597.0,39.5,68.0,0,0.0,0.0,0.0,0.0,0.0,
M22316,M,300.2,311.7,1397.0,50.2,71.0,0,0.0,0.0,0.0,0.0,0.0,
L54637,L,300.1,311.6,1530.0,36.6,74.0,0,0.0,0.0,0.0,0.0,0.0,
M22318,M,300.1,311.6,1433.0,51.4,76.0,0,0.0,0.0,0.0,0.0,0.0,
L54639,L,300.0,311.5,1591.0,32.0,79.0,0,0.0,0.0,0.0,0.0,0.0,
L54640,L,300.0,311.5,1445.0,41.6,81.0,0,0.0,0.0,0.0,0.0,0.0,
L54641,L,300.0,311.5,1749.0,28.3,83.0,0,0.0,0.0,0.0,0.0,0.0,
L54642,L,300.0,311.3,1703.0,30.4,85.0,0,0.0,0.0,0.0,0.0,0.0,
H36877,H,300.1,311.4,1518.0,46.9,87.0,0,0.0,0.0,0.0,0.0,0.0,
L54644,L,300.1,311.3,1535.0,42.3,92.0,0,0.0,0.0,0.0,0.0,0.0,
M22325,M,300.1,311.4,1390.0,52.1,94.0,0,0.0,0.0,0.0,0.0,0.0,
H36880,H,300.3,311.6,1801.0,23.6,97.0,0,0.0,0.0,0.0,0.0,0.0,
H36881,H,300.3,311.6,1463.0,41.6,102.0,0,0.0,0.0,0.0,0.0,0.0,
L54648,L,300.3,311.6,1560.0,37.7,107.0,0,0.0,0.0,0.0,0.0,0.0,
L54649,L,300.3,311.6,1607.0,33.5,109.0,0,0.0,0.0,0.0,0.0,0.0,
L54650,L,300.4,311.6,1332.0,54.6,111.0,0,0.0,0.0,0.0,0.0,0.0,
L54651,L,300.3,311.7,1365.0,53.3,113.0,0,0.0,0.0,0.0,0.0,0.0,
M22332,M,300.3,311.6,1617.0,32.5,115.0,0,0.0,0.0,0.0,0.0,0.0,
M22333,M,300.3,311.6,1304.0,62.8,118.0,0,0.0,0.0,0.0,0.0,0.0,
L54654,L,300.3,311.7,1989.0,22.3,121.0,0,0.0,0.0,0.0,0.0,0.0,
H36889,H,300.3,311.6,1339.0,53.4,123.0,0,0.0,0.0,0.0,0.0,0.0,
L54656,L,300.2,311.5,1492.0,41.8,128.0,0,0.0,0.0,0.0,0.0,0.0,
M22337,M,300.1,311.3,1518.0,40.2,130.0,0,0.0,0.0,0.0,0.0,0.0,
L54658,L,300.1,311.3,1479.0,39.5,133.0,0,0.0,0.0,0.0,0.0,0.0,
M22339,M,300.1,311.3,1523.0,34.1,135.0,0,0.0,0.0,0.0,0.0,0.0,
M22340,M,300.2,311.4,1570.0,35.3,138.0,0,0.0,0.0,0.0,0.0,0.0,
H36895,H,300.2,311.4,1506.0,36.1,141.0,0,0.0,0.0,0.0,0.0,0.0,
M22342,M,300.2,311.6,1510.0,47.5,146.0,0,0.0,0.0,0.0,0.0,0.0,
L54663,L,300.2,311.6,1671.0,28.8,149.0,0,0.0,0.0,0.0,0.0,0.0,
M22344,M,300.3,311.6,1312.0,53.4,151.0,0,0.0,0.0,0.0,0.0,0.0,
L54665,L,300.3,311.6,1595.0,38.8,154.0,0,0.0,0.0,0.0,0.0,0.0,
L54666,L,300.3,311.7,1635.0,31.8,156.0,0,0.0,0.0,0.0,0.0,0.0,
L54667,L,300.3,311.7,1707.0,33.6,158.0,0,0.0,0.0,0.0,0.0,0.0,
L54668,L,300.3,311.7,1545.0,43.5,160.0,0,0.0,0.0,0.0,0.0,1.0,
M22349,M,300.2,311.6,1751.0,28.0,162.0,0,0.0,0.0,0.0,0.0,0.0,
M22350,M,300.4,311.8,1707.0,30.0,165.0,0,0.0,0.0,0.0,0.0,0.0,
L54671,L,300.4,311.8,1320.0,57.9,168.0,0,0.0,0.0,0.0,0.0,0.0,
M22352,M,300.3,311.7,1319.0,51.4,170.0,0,0.0,0.0,0.0,0.0,0.0,
L54673,L,300.2,311.7,1448.0,54.2,173.0,0,0.0,0.0,0.0,0.0,0.0,
L54674,L,300.2,311.8,1436.0,48.2,175.0,0,0.0,0.0,0.0,0.0,0.0,
L54675,L,300.3,311.9,1609.0,34.0,177.0,0,0.0,0.0,0.0,0.0,0.0,
L54676,L,300.2,311.8,1464.0,44.5,179.0,0,0.0,0.0,0.0,0.0,0.0,
M22357,M,300.3,311.8,1483.0,45.1,181.0,0,0.0,0.0,0.0,0.0,0.0,
M22358,M,300.2,311.8,1748.0,28.5,184.0,0,0.0,0.0,0.0,0.0,0.0,
L54679,L,300.3,311.8,1746.0,26.3,187.0,0,0.0,0.0,0.0,0.0,0.0,
L54680,L,300.2,311.8,1410.0,51.4,189.0,0,0.0,0.0,0.0,0.0,0.0,
L54681,L,300.2,311.7,1640.0,30.8,191.0,0,0.0,0.0,0.0,0.0,0.0,
H36916,H,300.3,311.7,1655.0,29.9,193.0,0,0.0,0.0,0.0,0.0,0.0,
M22363,M,300.3,311.7,1646.0,28.9,198.0,0,0.0,0.0,0.0,0.0,0.0,
L54684,L,300.4,311.8,1589.0,42.0,201.0,0,0.0,0.0,0.0,0.0,0.0,
L54685,L,300.5,311.9,1546.0,39.4,203.0,0,0.0,0.0,0.0,0.0,0.0,
L54686,L,300.5,311.9,1511.0,41.8,205.0,0,0.0,0.0,0.0,0.0,0.0,
L54687,L,300.5,311.9,1750.0,28.3,207.0,0,0.0,0.0,0.0,0.0,0.0,
M22368,M,300.5,311.9,1730.0,27.5,209.0,0,0.0,0.0,0.0,0.0,0.0,
L54689,L,300.6,311.9,1372.0,60.1,212.0,1,0.0,0.0,0.0,1.0,0.0,
L54690,L,300.5,311.8,1524.0,38.9,214.0,1,1.0,0.0,0.0,0.0,0.0,
L54691,L,300.4,311.8,1601.0,36.1,0.0,0,0.0,0.0,0.0,0.0,0.0,
M22372,M,300.5,311.8,1636.0,34.4,2.0,0,0.0,0.0,0.0,0.0,0.0,
L54693,L,300.4,311.8,2261.0,14.9,5.0,0,0.0,0.0,0.0,0.0,0.0,
L54694,L,300.4,311.8,1636.0,32.3,7.0,0,0.0,0.0,0.0,0.0,0.0,
M22375,M,300.4,311.9,1335.0,58.3,9.0,0,0.0,0.0,0.0,0.0,0.0,
M22376,M,300.3,311.7,1236.0,57.5,12.0,0,0.0,0.0,0.0,0.0,0.0,
L54697,L,300.3,311.7,1445.0,47.3,15.0,0,0.0,0.0,0.0,0.0,0.0,
L54698,L,300.2,311.5,1500.0,40.8,17.0,0,0.0,0.0,0.0,0.0,0.0,
L54699,L,300.2,311.6,1999.0,21.0,19.0,0,0.0,0.0,0.0,0.0,0.0,
L54700,L,300.2,311.6,1529.0,35.5,21.0,0,0.0,0.0,0.0,0.0,0.0,
M22381,M,300.2,311.6,1467.0,40.7,23.0,0,0.0,0.0,0.0,0.0,0.0,
L54702,L,300.1,311.5,1334.0,54.0,26.0,0,0.0,0.0,0.0,0.0,0.0,
M22383,M,300.1,311.5,1343.0,46.2,28.0,0,0.0,0.0,0.0,0.0,0.0,
L54704,L,300.2,311.5,1639.0,31.1,31.0,0,0.0,0.0,0.0,0.0,0.0,
H36939,H,300.1,311.5,1383.0,49.1,33.0,0,0.0,0.0,0.0,0.0,0.0,
L54706,L,300.1,311.4,1660.0,31.4,38.0,0,0.0,0.0,0.0,0.0,0.0,
L54707,L,300.1,311.3,1470.0,45.2,40.0,0,0.0,0.0,0.0,0.0,0.0,
M22388,M,300.1,311.3,1748.0,26.6,42.0,0,0.0,0.0,0.0,0.0,0.0,
L54709,L,300.1,311.4,1467.0,35.7,45.0,0,0.0,0.0,0.0,0.0,0.0,
M22390,M,300.1,311.4,1617.0,39.3,47.0,0,0.0,0.0,0.0,0.0,0.0,
H36945,H,300.1,311.4,1377.0,56.7,50.0,0,0.0,0.0,0.0,0.0,0.0,
M22392,M,300.0,311.3,1629.0,32.1,55.0,0,0.0,0.0,0.0,0.0,0.0,
L54713,L,300.0,311.2,1504.0,37.9,58.0,0,0.0,0.0,0.0,0.0,0.0,
L54714,L,300.0,311.2,1418.0,47.3,60.0,0,0.0,0.0,0.0,0.0,0.0,
L54715,L,300.0,311.2,1629.0,31.7,62.0,0,0.0,0.0,0.0,0.0,0.0,
L54716,L,300.1,311.3,2579.0,12.5,64.0,1,0.0,0.0,1.0,0.0,0.0,
L54717,L,300.1,311.3,1305.0,64.7,66.0,0,0.0,0.0,0.0,0.0,0.0,
M22398,M,300.2,311.4,1450.0,38.5,68.0,0,0.0,0.0,0.0,0.0,0.0,
L54719,L,300.2,311.3,1487.0,36.9,71.0,0,0.0,0.0,0.0,0.0,0.0,
M22400,M,300.2,311.3,1587.0,31.2,73.0,0,0.0,0.0,0.0,0.0,0.0,
M22401,M,300.3,311.5,1528.0,40.9,76.0,0,0.0,0.0,0.0,0.0,0.0,
M22402,M,300.4,311.6,1401.0,49.9,79.0,0,0.0,0.0,0.0,0.0,0.0,
L54723,L,300.3,311.5,1446.0,45.0,82.0,0,0.0,0.0,0.0,0.0,0.0,
L54724,L,300.2,311.4,1425.0,44.2,84.0,0,0.0,0.0,0.0,0.0,0.0,
L54725,L,300.2,311.4,1891.0,22.6,86.0,0,0.0,0.0,0.0,0.0,0.0,
H36960,H,300.2,311.5,1454.0,42.8,88.0,0,0.0,0.0,0.0,0.0,0.0,
L54727,L,300.1,311.4,1430.0,40.9,93.0,0,0.0,0.0,0.0,0.0,0.0,
L54728,L,300.2,311.4,1495.0,43.6,95.0,0,0.0,0.0,0.0,0.0,0.0,
L54729,L,300.3,311.4,1544.0,41.6,97.0,0,0.0,0.0,0.0,0.0,0.0,
M22410,M,300.3,311.4,1554.0,34.3,99.0,0,0.0,0.0,0.0,0.0,0.0,
M22411,M,300.2,311.3,1491.0,37.3,102.0,0,0.0,0.0,0.0,0.0,0.0,
L54732,L,300.3,311.3,1525.0,40.7,105.0,0,0.0,0.0,0.0,0.0,0.0,
L54733,L,300.3,311.3,1505.0,39.6,107.0,0,0.0,0.0,0.0,0.0,0.0,
M22414,M,300.3,311.4,1371.0,50.2,109.0,0,0.0,0.0,0.0,0.0,0.0,
L54735,L,300.3,311.3,1332.0,60.5,112.0,0,0.0,0.0,0.0,0.0,0.0,
L54736,L,300.3,311.4,1471.0,37.0,114.0,0,0.0,0.0,0.0,0.0,0.0,
M22417,M,300.4,311.5,1750.0,27.3,116.0,0,0.0,0.0,0.0,0.0,0.0,
M22418,M,300.3,311.4,1386.0,48.1,119.0,0,0.0,0.0,0.0,0.0,0.0,
M22419,M,300.4,311.4,1355.0,56.2,122.0,0,0.0,0.0,0.0,0.0,0.0,
M22420,M,300.3,311.3,1377.0,53.8,125.0,0,0.0,0.0,0.0,0.0,0.0,
L54741,L,300.3,311.1,1388.0,49.4,128.0,0,0.0,0.0,0.0,0.0,0.0,
M22422,M,300.3,311.1,1350.0,58.7,130.0,0,0.0,0.0,0.0,0.0,0.0,
M22423,M,300.4,311.2,1831.0,23.4,133.0,0,0.0,0.0,0.0,0.0,0.0,
M22424,M,300.3,311.2,1381.0,65.2,136.0,1,0.0,0.0,1.0,0.0,0.0,
M22425,M,300.3,311.2,1783.0,25.6,139.0,0,0.0,0.0,0.0,0.0,0.0,
L54746,L,300.3,311.0,1613.0,34.7,142.0,0,0.0,0.0,0.0,0.0,0.0,
M22427,M,300.2,311.0,2370.0,14.7,144.0,0,0.0,0.0,0.0,0.0,0.0,
L54748,L,300.2,311.0,1627.0,33.7,147.0,0,0.0,0.0,0.0,0.0,0.0,
L54749,L,300.2,311.0,1255.0,71.8,149.0,1,0.0,0.0,1.0,0.0,0.0,
H36984,H,300.2,311.0,1777.0,27.5,151.0,0,0.0,0.0,0.0,0.0,0.0,
L54751,L,300.3,311.1,1606.0,30.9,156.0,0,0.0,0.0,0.0,0.0,0.0,
L54752,L,300.3,311.1,1676.0,28.6,158.0,0,0.0,0.0,0.0,0.0,0.0,
L54753,L,300.3,311.1,1605.0,37.1,160.0,0,0.0,0.0,0.0,0.0,0.0,
L54754,L,300.4,311.1,1487.0,37.4,162.0,0,0.0,0.0,0.0,0.0,0.0,
L54755,L,300.4,311.2,1471.0,46.5,164.0,0,0.0,0.0,0.0,0.0,0.0,
M22436,M,300.3,311.1,1477.0,44.2,166.0,0,0.0,0.0,0.0,0.0,0.0,
L54757,L,300.4,311.2,1530.0,32.0,169.0,0,0.0,0.0,0.0,0.0,0.0,
L54758,L,300.4,311.2,1673.0,28.9,171.0,0,0.0,0.0,0.0,0.0,0.0,
L54759,L,300.4,311.2,1436.0,56.8,173.0,0,0.0,0.0,0.0,0.0,0.0,
L54760,L,300.4,311.3,1495.0,51.2,175.0,0,0.0,0.0,0.0,0.0,0.0,
M22441,M,300.4,311.2,1366.0,56.1,177.0,0,0.0,0.0,0.0,0.0,0.0,
H36996,H,300.4,311.2,1489.0,45.3,180.0,0,0.0,0.0,0.0,0.0,0.0,
L54763,L,300.3,311.1,1480.0,46.6,185.0,0,0.0,0.0,0.0,0.0,0.0,
L54764,L,300.4,311.2,1472.0,37.3,187.0,0,0.0,0.0,0.0,0.0,0.0,
L54765,L,300.4,311.1,1397.0,50.8,189.0,0,0.0,0.0,0.0,0.0,0.0,
L54766,L,300.4,311.1,1589.0,35.5,191.0,0,0.0,0.0,0.0,0.0,0.0,
L54767,L,300.4,311.1,1405.0,54.1,193.0,0,0.0,0.0,0.0,0.0,0.0,
L54768,L,300.4,311.1,2013.0,20.1,195.0,0,0.0,0.0,0.0,0.0,0.0,
L54769,L,300.4,311.0,1802.0,26.0,197.0,0,0.0,0.0,0.0,0.0,0.0,
M22450,M,300.4,311.0,1433.0,46.1,199.0,0,0.0,0.0,0.0,0.0,0.0,
M22451,M,300.5,311.1,1296.0,61.3,202.0,1,0.0,0.0,0.0,1.0,0.0,
M22452,M,300.5,311.2,1551.0,36.6,205.0,0,0.0,0.0,0.0,0.0,0.0,
L54773,L,300.5,311.2,1270.0,67.5,208.0,1,0.0,0.0,0.0,1.0,0.0,
L54774,L,300.6,311.3,1531.0,38.5,0.0,0,0.0,0.0,0.0,0.0,0.0,
H37009,H,300.5,311.2,1397.0,45.2,2.0,0,0.0,0.0,0.0,0.0,0.0,
L54776,L,300.5,311.1,1547.0,37.2,7.0,0,0.0,0.0,0.0,0.0,0.0,
L54777,L,300.5,311.0,2074.0,18.9,9.0,0,0.0,0.0,0.0,0.0,0.0,
L54778,L,300.5,311.1,1491.0,42.6,11.0,0,0.0,0.0,0.0,0.0,0.0,
L54779,L,300.5,311.0,1759.0,28.3,13.0,0,0.0,0.0,0.0,0.0,0.0,
M22460,M,300.4,311.0,1595.0,35.4,15.0,0,0.0,0.0,0.0,0.0,0.0,
L54781,L,300.4,311.2,1351.0,62.0,18.0,0,0.0,0.0,0.0,0.0,0.0,
L54782,L,300.4,311.2,1705.0,28.7,20.0,0,0.0,0.0,0.0,0.0,0.0,
L54783,L,300.4,311.2,1406.0,43.6,22.0,0,0.0,0.0,0.0,0.0,0.0,
L54784,L,300.4,311.3,1639.0,34.6,24.0,0,0.0,0.0,0.0,0.0,0.0,
H37019,H,300.4,311.3,2026.0,20.3,26.0,0,0.0,0.0,0.0,0.0,0.0,
M22466,M,300.4,311.3,1350.0,56.5,31.0,0,0.0,0.0,0.0,0.0,0.0,
M22467,M,300.5,311.3,1468.0,41.1,34.0,0,0.0,0.0,0.0,0.0,0.0,
L54788,L,300.5,311.4,1642.0,27.1,37.0,0,0.0,0.0,0.0,0.0,0.0,
L54789,L,300.5,311.3,1490.0,41.8,39.0,0,0.0,0.0,0.0,0.0,0.0,
M22470,M,300.5,311.3,1507.0,43.4,41.0,0,0.0,0.0,0.0,0.0,0.0,
L54791,L,300.5,311.4,1611.0,32.7,44.0,0,0.0,0.0,0.0,0.0,0.0,
M22472,M,300.5,311.4,1743.0,27.6,46.0,0,0.0,0.0,0.0,0.0,0.0,
L54793,L,300.5,311.3,1475.0,46.3,49.0,0,0.0,0.0,0.0,0.0,0.0,
L54794,L,300.5,311.4,1432.0,47.5,51.0,0,0.0,0.0,0.0,0.0,0.0,
L54795,L,300.5,311.4,1442.0,47.0,53.0,0,0.0,0.0,0.0,0.0,0.0,
M22476,M,300.6,311.4,1468.0,40.4,55.0,0,0.0,0.0,0.0,0.0,0.0,
L54797,L,300.5,311.4,1556.0,45.3,58.0,0,0.0,0.0,0.0,0.0,0.0,
M22478,M,300.5,311.4,1312.0,51.4,60.0,0,0.0,0.0,0.0,0.0,0.0,
L54799,L,300.6,311.5,1459.0,47.0,63.0,0,0.0,0.0,0.0,0.0,0.0,
L54800,L,300.5,311.5,1651.0,36.9,65.0,0,0.0,0.0,0.0,0.0,0.0,
L54801,L,300.5,311.5,1490.0,38.4,67.0,0,0.0,0.0,0.0,0.0,0.0,
M22482,M,300.6,311.6,1473.0,31.5,69.0,0,0.0,0.0,0.0,0.0,0.0,
L54803,L,300.6,311.7,1734.0,29.9,72.0,0,0.0,0.0,0.0,0.0,0.0,
L54804,L,300.6,311.7,1507.0,45.5,74.0,0,0.0,0.0,0.0,0.0,0.0,
L54805,L,300.6,311.7,1556.0,34.9,76.0,0,0.0,0.0,0.0,0.0,0.0,
H37040,H,300.5,311.6,1351.0,53.5,78.0,0,0.0,0.0,0.0,0.0,0.0,
L54807,L,300.5,311.7,1445.0,44.8,83.0,0,0.0,0.0,0.0,0.0,0.0,
L54808,L,300.5,311.7,1619.0,32.7,85.0,0,0.0,0.0,0.0,0.0,0.0,
M22489,M,300.5,311.7,1269.0,64.0,87.0,0,0.0,0.0,0.0,0.0,0.0,
L54810,L,300.5,311.6,1534.0,37.7,90.0,0,0.0,0.0,0.0,0.0,0.0,
L54811,L,300.5,311.6,1444.0,49.3,92.0,0,0.0,0.0,0.0,0.0,0.0,
L54812,L,300.5,311.6,1744.0,26.8,94.0,0,0.0,0.0,0.0,0.0,0.0,
L54813,L,300.4,311.5,1441.0,44.6,96.0,0,0.0,0.0,0.0,0.0,0.0,
M22494,M,300.3,311.3,1506.0,40.7,98.0,0,0.0,0.0,0.0,0.0,0.0,
L54815,L,300.3,311.4,1526.0,38.5,101.0,0,0.0,0.0,0.0,0.0,0.0,
L54816,L,300.4,311.5,1704.0,29.7,103.0,0,0.0,0.0,0.0,0.0,0.0,
H37051,H,300.4,311.4,1445.0,52.4,105.0,0,0.0,0.0,0.0,0.0,0.0,
L54818,L,300.5,311.5,1661.0,35.9,110.0,0,0.0,0.0,0.0,0.0,0.0,
L54819,L,300.5,311.4,1466.0,41.8,112.0,0,0.0,0.0,0.0,0.0,0.0,
L54820,L,300.4,311.3,1608.0,35.1,114.0,0,0.0,0.0,0.0,0.0,0.0,
M22501,M,300.4,311.4,1352.0,57.3,116.0,0,0.0,0.0,0.0,0.0,0.0,
M22502,M,300.4,311.4,1604.0,31.7,119.0,0,0.0,0.0,0.0,0.0,0.0,
H37057,H,300.4,311.4,1427.0,50.7,122.0,0,0.0,0.0,0.0,0.0,0.0,
L54824,L,300.4,311.4,1424.0,44.6,127.0,0,0.0,0.0,0.0,0.0,0.0,
L54825,L,300.4,311.4,1662.0,29.3,129.0,0,0.0,0.0,0.0,0.0,0.0,
L54826,L,300.4,311.4,1936.0,23.9,131.0,0,0.0,0.0,0.0,0.0,0.0,
L54827,L,300.4,311.4,1728.0,31.7,133.0,0,0.0,0.0,0.0,0.0,0.0,
L54828,L,300.4,311.4,1552.0,28.8,135.0,0,0.0,0.0,0.0,0.0,0.0,
H37063,H,300.4,311.5,1662.0,29.0,137.0,0,0.0,0.0,0.0,0.0,0.0,
L54830,L,300.3,311.4,1343.0,57.7,142.0,0,0.0,0.0,0.0,0.0,0.0,
M22511,M,300.4,311.5,1476.0,32.6,144.0,0,0.0,0.0,0.0,0.0,0.0,
L54832,L,300.3,311.4,1346.0,51.1,147.0,0,0.0,0.0,0.0,0.0,0.0,
L54833,L,300.4,311.5,1492.0,44.6,149.0,0,0.0,0.0,0.0,0.0,0.0,
M22514,M,300.3,311.5,1540.0,41.5,151.0,0,0.0,0.0,0.0,0.0,0.0,
L54835,L,300.4,311.5,1596.0,32.5,154.0,0,0.0,0.0,0.0,0.0,0.0,
L54836,L,300.5,311.6,1541.0,47.8,156.0,0,0.0,0.0,0.0,0.0,0.0,
L54837,L,300.5,311.6,1661.0,30.0,158.0,0,0.0,0.0,0.0,0.0,0.0,
M22518,M,300.4,311.6,1359.0,55.4,160.0,0,0.0,0.0,0.0,0.0,0.0,
L54839,L,300.5,311.6,1528.0,42.4,163.0,0,0.0,0.0,0.0,0.0,0.0,
M22520,M,300.5,311.6,1246.0,52.9,165.0,0,0.0,0.0,0.0,0.0,0.0,
L54841,L,300.5,311.6,1575.0,32.5,168.0,0,0.0,0.0,0.0,0.0,0.0,
M22522,M,300.5,311.6,1658.0,30.4,170.0,0,0.0,0.0,0.0,0.0,0.0,
L54843,L,300.5,311.6,1385.0,54.8,173.0,0,0.0,0.0,0.0,0.0,0.0,
H37078,H,300.5,311.7,1454.0,50.3,175.0,0,0.0,0.0,0.0,0.0,0.0,
L54845,L,300.5,311.6,1497.0,40.5,180.0,0,0.0,0.0,0.0,0.0,0.0,
M22526,M,300.6,311.7,1424.0,50.8,182.0,0,0.0,0.0,0.0,0.0,0.0,
L54847,L,300.6,311.7,1528.0,43.9,185.0,0,0.0,0.0,0.0,0.0,0.0,
L54848,L,300.6,311.8,1539.0,37.0,187.0,0,0.0,0.0,0.0,0.0,0.0,
L54849,L,300.7,311.8,1336.0,58.4,189.0,1,0.0,0.0,0.0,1.0,0.0,
L54850,L,300.5,311.6,1525.0,37.6,191.0,0,0.0,0.0,0.0,0.0,0.0,
M22531,M,300.5,311.6,1456.0,51.1,193.0,0,0.0,0.0,0.0,0.0,0.0,
M22532,M,300.5,311.7,2141.0,17.2,196.0,0,0.0,0.0,0.0,0.0,0.0,
M22533,M,300.5,311.6,1476.0,39.1,199.0,0,0.0,0.0,0.0,0.0,0.0,
L54854,L,300.5,311.6,1509.0,47.2,202.0,0,0.0,0.0,0.0,0.0,0.0,
L54855,L,300.5,311.6,1447.0,45.4,204.0,0,0.0,0.0,0.0,0.0,0.0,
L54856,L,300.6,311.7,1448.0,49.1,206.0,0,0.0,0.0,0.0,0.0,0.0,
L54857,L,300.6,311.7,1428.0,52.6,208.0,0,0.0,0.0,0.0,0.0,0.0,
M22538,M,300.6,311.7,1389.0,52.1,210.0,0,0.0,0.0,0.0,0.0,0.0,
L54859,L,300.7,311.7,1635.0,32.4,213.0,0,0.0,0.0,0.0,0.0,0.0,
L54860,L,300.7,311.7,1395.0,43.7,215.0,0,0.0,0.0,0.0,0.0,0.0,
L54861,L,300.7,311.8,1443.0,43.7,217.0,0,0.0,0.0,0.0,0.0,0.0,
M22542,M,300.7,311.7,1412.0,49.1,219.0,0,0.0,0.0,0.0,0.0,0.0,
L54863,L,300.7,311.7,1524.0,43.5,222.0,0,0.0,0.0,0.0,0.0,0.0,
M22544,M,300.7,311.8,1407.0,42.4,224.0,0,0.0,0.0,0.0,0.0,0.0,
L54865,L,300.8,311.7,1397.0,43.5,227.0,0,0.0,0.0,0.0,0.0,0.0,
M22546,M,300.7,311.7,1504.0,36.9,229.0,0,0.0,0.0,0.0,0.0,0.0,
M22547,M,300.7,311.7,2097.0,18.9,232.0,1,1.0,0.0,0.0,0.0,0.0,
L54868,L,300.6,311.7,1553.0,39.8,0.0,0,0.0,0.0,0.0,0.0,0.0,
L54869,L,300.6,311.7,1432.0,39.2,2.0,0,0.0,0.0,0.0,0.0,0.0,
M22550,M,300.5,311.6,1577.0,36.5,4.0,0,0.0,0.0,0.0,0.0,0.0,
M22551,M,300.5,311.5,1370.0,56.1,7.0,0,0.0,0.0,0.0,0.0,0.0,
H37106,H,300.5,311.6,1506.0,36.2,10.0,0,0.0,0.0,0.0,0.0,0.0,
L54873,L,300.6,311.6,1964.0,21.4,15.0,0,0.0,0.0,0.0,0.0,0.0,
H37108,H,300.6,311.7,1500.0,36.7,17.0,0,0.0,0.0,0.0,0.0,0.0,
L54875,L,300.6,311.7,1488.0,47.7,22.0,0,0.0,0.0,0.0,0.0,0.0,
H37110,H,300.6,311.5,1282.0,60.2,24.0,0,0.0,0.0,0.0,0.0,0.0,
L54877,L,300.5,311.4,1400.0,45.1,29.0,0,0.0,0.0,0.0,0.0,0.0,
L54878,L,300.6,311.5,1419.0,38.6,31.0,0,0.0,0.0,0.0,0.0,0.0,
M22559,M,300.7,311.5,1441.0,40.6,33.0,0,0.0,0.0,0.0,0.0,0.0,
M22560,M,300.7,311.6,1348.0,62.5,36.0,0,0.0,0.0,0.0,0.0,0.0,
H37115,H,300.8,311.7,1468.0,38.7,39.0,0,0.0,0.0,0.0,0.0,0.0,
M22562,M,300.7,311.7,1701.0,30.8,44.0,0,0.0,0.0,0.0,0.0,0.0,
H37117,H,300.7,311.7,1864.0,23.6,47.0,0,0.0,0.0,0.0,0.0,0.0,
M22564,M,300.6,311.6,1630.0,31.8,52.0,0,0.0,0.0,0.0,0.0,0.0,
L54885,L,300.5,311.5,1316.0,49.7,55.0,0,0.0,0.0,0.0,0.0,0.0,
L54886,L,300.5,311.5,1708.0,31.2,57.0,0,0.0,0.0,0.0,0.0,0.0,
H37121,H,300.5,311.4,1679.0,27.5,59.0,0,0.0,0.0,0.0,0.0,0.0,
L54888,L,300.5,311.4,1709.0,32.3,64.0,0,0.0,0.0,0.0,0.0,0.0,
L54889,L,300.5,311.4,1445.0,41.5,66.0,0,0.0,0.0,0.0,0.0,0.0,
M22570,M,300.5,311.4,1390.0,51.9,68.0,0,0.0,0.0,0.0,0.0,0.0,
L54891,L,300.4,311.4,1309.0,55.5,71.0,0,0.0,0.0,0.0,0.0,0.0,
L54892,L,300.5,311.5,1499.0,37.6,73.0,0,0.0,0.0,0.0,0.0,0.0,
M22573,M,300.5,311.4,2072.0,18.8,75.0,0,0.0,0.0,0.0,0.0,0.0,
L54894,L,300.5,311.5,1487.0,43.0,78.0,0,0.0,0.0,0.0,0.0,0.0,
L54895,L,300.5,311.5,1302.0,49.6,80.0,0,0.0,0.0,0.0,0.0,0.0,
M22576,M,300.5,311.5,1378.0,48.2,82.0,0,0.0,0.0,0.0,0.0,0.0,
L54897,L,300.5,311.6,1365.0,53.0,85.0,0,0.0,0.0,0.0,0.0,0.0,
H37132,H,300.6,311.7,1427.0,44.6,87.0,0,0.0,0.0,0.0,0.0,0.0,
H37133,H,300.6,311.7,1535.0,33.3,92.0,0,0.0,0.0,0.0,0.0,0.0,
H37134,H,300.5,311.6,1476.0,41.7,97.0,0,0.0,0.0,0.0,0.0,0.0,
L54901,L,300.5,311.6,1425.0,42.4,102.0,0,0.0,0.0,0.0,0.0,0.0,
L54902,L,300.5,311.7,1409.0,54.7,104.0,0,0.0,0.0,0.0,0.0,0.0,
L54903,L,300.5,311.6,1730.0,30.2,106.0,0,0.0,0.0,0.0,0.0,0.0,
M22584,M,300.5,311.6,1454.0,41.4,108.0,0,0.0,0.0,0.0,0.0,0.0,
L54905,L,300.6,311.7,1744.0,26.9,111.0,0,0.0,0.0,0.0,0.0,0.0,
M22586,M,300.8,311.9,1761.0,29.0,113.0,0,0.0,0.0,0.0,0.0,0.0,
M22587,M,300.7,311.9,1657.0,30.9,116.0,0,0.0,0.0,0.0,0.0,0.0,
L54908,L,300.7,311.8,1420.0,47.0,119.0,0,0.0,0.0,0.0,0.0,0.0,
H37143,H,300.7,311.9,1329.0,59.2,121.0,0,0.0,0.0,0.0,0.0,0.0,
L54910,L,300.6,311.9,1472.0,44.2,126.0,0,0.0,0.0,0.0,0.0,0.0,
L54911,L,300.6,312.0,1566.0,30.1,128.0,0,0.0,0.0,0.0,0.0,0.0,
L54912,L,300.6,312.0,1430.0,42.7,130.0,0,0.0,0.0,0.0,0.0,0.0,
L54913,L,300.6,312.0,1481.0,40.9,132.0,0,0.0,0.0,0.0,0.0,0.0,
L54914,L,300.6,312.0,1670.0,29.4,134.0,0,0.0,0.0,0.0,0.0,0.0,
L54915,L,300.6,312.0,1406.0,55.1,136.0,0,0.0,0.0,0.0,0.0,0.0,
H37150,H,300.6,312.1,1354.0,46.9,138.0,0,0.0,0.0,0.0,0.0,0.0,
M22597,M,300.5,312.0,1985.0,19.3,143.0,0,0.0,0.0,0.0,0.0,0.0,
M22598,M,300.5,312.0,1263.0,60.8,146.0,0,0.0,0.0,0.0,0.0,0.0,
L54919,L,300.5,311.9,1576.0,31.1,149.0,0,0.0,0.0,0.0,0.0,0.0,
L54920,L,300.5,312.0,1453.0,45.1,151.0,0,0.0,0.0,0.0,0.0,0.0,
L54921,L,300.5,312.0,1478.0,39.0,153.0,0,0.0,0.0,0.0,0.0,0.0,
M22602,M,300.5,311.9,1323.0,57.9,155.0,0,0.0,0.0,0.0,0.0,0.0,
L54923,L,300.5,311.9,1710.0,28.4,158.0,0,0.0,0.0,0.0,0.0,0.0,
L54924,L,300.4,311.7,1314.0,59.5,160.0,0,0.0,0.0,0.0,0.0,0.0,
L54925,L,300.4,311.7,1460.0,39.6,162.0,0,0.0,0.0,0.0,0.0,0.0,
M22606,M,300.4,311.7,1508.0,45.4,164.0,0,0.0,0.0,0.0,0.0,0.0,
M22607,M,300.5,311.8,1331.0,55.3,167.0,0,0.0,0.0,0.0,0.0,0.0,
L54928,L,300.4,311.7,1515.0,47.4,170.0,0,0.0,0.0,0.0,0.0,0.0,
L54929,L,300.4,311.6,1674.0,33.0,172.0,0,0.0,0.0,0.0,0.0,0.0,
L54930,L,300.4,311.7,1444.0,51.2,174.0,0,0.0,0.0,0.0,0.0,0.0,
M22611,M,300.4,311.7,1398.0,42.6,176.0,0,0.0,0.0,0.0,0.0,0.0,
M22612,M,300.4,311.7,1832.0,24.2,179.0,0,0.0,0.0,0.0,0.0,0.0,
M22613,M,300.5,311.8,1591.0,42.0,182.0,0,0.0,0.0,0.0,0.0,0.0,
M22614,M,300.4,311.7,1478.0,39.9,185.0,0,0.0,0.0,0.0,0.0,0.0,
M22615,M,300.4,311.8,1362.0,47.6,188.0,0,0.0,0.0,0.0,0.0,0.0,
L54936,L,300.5,311.8,1368.0,57.9,191.0,1,0.0,0.0,0.0,1.0,0.0,
M22617,M,300.3,311.7,1723.0,28.3,193.0,0,0.0,0.0,0.0,0.0,0.0,
L54938,L,300.4,311.8,1689.0,30.8,196.0,0,0.0,0.0,0.0,0.0,0.0,
L54939,L,300.4,311.8,1272.0,59.2,198.0,1,0.0,0.0,0.0,1.0,0.0,
M22620,M,300.4,311.7,1511.0,33.0,200.0,0,0.0,0.0,0.0,0.0,0.0,
H37175,H,300.4,311.6,1715.0,30.8,203.0,0,0.0,0.0,0.0,0.0,0.0,
M22622,M,300.3,311.5,1400.0,43.8,0.0,0,0.0,0.0,0.0,0.0,0.0,
L54943,L,300.4,311.6,1200.0,76.6,3.0,1,0.0,0.0,1.0,0.0,0.0,
M22624,M,300.4,311.7,1555.0,38.7,5.0,0,0.0,0.0,0.0,0.0,0.0,
H37179,H,300.3,311.6,1427.0,56.2,8.0,0,0.0,0.0,0.0,0.0,0.0,
L54946,L,300.3,311.4,1318.0,52.7,13.0,0,0.0,0.0,0.0,0.0,0.0,
H37181,H,300.2,311.4,1319.0,54.6,15.0,0,0.0,0.0,0.0,0.0,0.0,
M22628,M,300.2,311.4,1960.0,20.9,20.0,0,0.0,0.0,0.0,0.0,0.0,
L54949,L,300.3,311.5,1552.0,38.9,23.0,0,0.0,0.0,0.0,0.0,0.0,
L54950,L,300.3,311.5,1548.0,32.2,25.0,0,0.0,0.0,0.0,0.0,0.0,
L54951,L,300.3,311.6,1709.0,29.5,27.0,0,0.0,0.0,0.0,0.0,0.0,
H37186,H,300.3,311.5,1464.0,41.0,29.0,0,0.0,0.0,0.0,0.0,0.0,
L54953,L,300.3,311.4,1759.0,24.8,34.0,0,0.0,0.0,0.0,0.0,0.0,
L54954,L,300.3,311.5,1634.0,31.9,36.0,0,0.0,0.0,0.0,0.0,0.0,
L54955,L,300.3,311.5,1663.0,33.6,38.0,0,0.0,0.0,0.0,0.0,0.0,
M22636,M,300.3,311.5,1445.0,47.3,40.0,0,0.0,0.0,0.0,0.0,0.0,
L54957,L,300.3,311.5,1695.0,25.6,43.0,0,0.0,0.0,0.0,0.0,0.0,
L54958,L,300.4,311.6,1517.0,39.0,45.0,0,0.0,0.0,0.0,0.0,0.0,
L54959,L,300.5,311.7,1811.0,26.8,47.0,0,0.0,0.0,0.0,0.0,0.0,
L54960,L,300.4,311.6,1815.0,23.5,49.0,0,0.0,0.0,0.0,0.0,0.0,
L54961,L,300.4,311.7,1513.0,40.0,51.0,0,0.0,0.0,0.0,0.0,0.0,
M22642,M,300.4,311.6,1518.0,36.4,53.0,0,0.0,0.0,0.0,0.0,0.0,
L54963,L,300.3,311.5,1667.0,28.8,56.0,0,0.0,0.0,0.0,0.0,0.0,
L54964,L,300.3,311.5,1403.0,60.1,58.0,0,0.0,0.0,0.0,0.0,0.0,
L54965,L,300.2,311.5,1383.0,42.1,60.0,0,0.0,0.0,0.0,0.0,0.0,
L54966,L,300.3,311.5,1466.0,46.2,62.0,0,0.0,0.0,0.0,0.0,0.0,
L54967,L,300.3,311.5,1378.0,47.5,64.0,0,0.0,0.0,0.0,0.0,0.0,
M22648,M,300.2,311.5,1547.0,40.9,66.0,0,0.0,0.0,0.0,0.0,0.0,
L54969,L,300.2,311.5,1495.0,38.5,69.0,0,0.0,0.0,0.0,0.0,0.0,
L54970,L,300.1,311.4,1729.0,29.3,71.0,0,0.0,0.0,0.0,0.0,0.0,
L54971,L,300.1,311.4,1418.0,47.7,73.0,0,0.0,0.0,0.0,0.0,0.0,
H37206,H,300.1,311.4,1485.0,40.4,75.0,0,0.0,0.0,0.0,0.0,0.0,
L54973,L,300.1,311.5,1434.0,40.8,80.0,0,0.0,0.0,0.0,0.0,0.0,
M22654,M,300.2,311.6,1415.0,55.8,82.0,0,0.0,0.0,0.0,0.0,0.0,
H37209,H,300.1,311.6,1674.0,29.6,85.0,0,0.0,0.0,0.0,0.0,0.0,
L54976,L,300.1,311.5,1454.0,52.4,90.0,0,0.0,0.0,0.0,0.0,0.0,
L54977,L,300.0,311.4,1476.0,39.0,92.0,0,0.0,0.0,0.0,0.0,0.0,
L54978,L,300.0,311.5,1812.0,28.3,94.0,0,0.0,0.0,0.0,0.0,0.0,
L54979,L,300.0,311.4,1374.0,41.9,96.0,0,0.0,0.0,0.0,0.0,0.0,
M22660,M,300.1,311.4,1524.0,40.6,98.0,0,0.0,0.0,0.0,0.0,0.0,
L54981,L,300.0,311.4,1383.0,49.6,101.0,0,0.0,0.0,0.0,0.0,0.0,
L54982,L,299.9,311.3,1429.0,58.2,103.0,0,0.0,0.0,0.0,0.0,0.0,
M22663,M,299.8,311.3,1517.0,41.2,105.0,0,0.0,0.0,0.0,0.0,0.0,
M22664,M,299.9,311.4,1480.0,44.9,108.0,0,0.0,0.0,0.0,0.0,0.0,
L54985,L,299.9,311.4,1706.0,28.8,111.0,0,0.0,0.0,0.0,0.0,0.0,
L54986,L,300.0,311.5,1349.0,48.6,113.0,0,0.0,0.0,0.0,0.0,0.0,
M22667,M,300.0,311.5,1451.0,49.0,115.0,0,0.0,0.0,0.0,0.0,0.0,
L54988,L,299.9,311.4,1627.0,36.7,118.0,0,0.0,0.0,0.0,0.0,0.0,
M22669,M,300.0,311.4,1537.0,35.4,120.0,0,0.0,0.0,0.0,0.0,0.0,
L54990,L,300.1,311.5,2218.0,17.0,123.0,0,0.0,0.0,0.0,0.0,0.0,
M22671,M,300.0,311.4,1466.0,39.0,125.0,0,0.0,0.0,0.0,0.0,0.0,
L54992,L,300.0,311.5,1666.0,32.0,128.0,0,0.0,0.0,0.0,0.0,0.0,
L54993,L,300.0,311.5,1455.0,41.7,130.0,0,0.0,0.0,0.0,0.0,0.0,
L54994,L,300.0,311.4,1927.0,24.6,132.0,0,0.0,0.0,0.0,0.0,0.0,
M22675,M,299.9,311.3,1703.0,28.4,134.0,0,0.0,0.0,0.0,0.0,0.0,
L54996,L,299.8,311.2,1533.0,35.9,137.0,0,0.0,0.0,0.0,0.0,0.0,
H37231,H,299.8,311.3,1785.0,25.4,139.0,0,0.0,0.0,0.0,0.0,0.0,
L54998,L,299.8,311.2,2142.0,16.6,144.0,0,0.0,0.0,0.0,0.0,0.0,
L54999,L,299.8,311.2,1369.0,46.2,146.0,0,0.0,0.0,0.0,0.0,0.0,
M22680,M,299.8,311.2,1706.0,29.2,148.0,0,0.0,0.0,0.0,0.0,0.0,
L55001,L,299.9,311.3,1802.0,24.4,151.0,0,0.0,0.0,0.0,0.0,0.0,
H37236,H,299.9,311.3,1413.0,41.8,153.0,0,0.0,0.0,0.0,0.0,0.0,
L55003,L,300.0,311.3,1484.0,53.2,158.0,0,0.0,0.0,0.0,0.0,0.0,
L55004,L,299.9,311.3,1535.0,38.1,160.0,0,0.0,0.0,0.0,0.0,0.0,
M22685,M,299.9,311.2,1579.0,35.5,162.0,0,0.0,0.0,0.0,0.0,0.0,
L55006,L,299.8,311.1,1300.0,64.2,165.0,0,0.0,0.0,0.0,0.0,0.0,
M22687,M,299.8,311.1,1452.0,44.3,167.0,0,0.0,0.0,0.0,0.0,0.0,
M22688,M,299.8,311.1,1562.0,35.7,170.0,0,0.0,0.0,0.0,0.0,0.0,
L55009,L,299.8,311.2,1664.0,28.3,173.0,0,0.0,0.0,0.0,0.0,0.0,
H37244,H,299.9,311.2,1495.0,35.8,175.0,0,0.0,0.0,0.0,0.0,0.0,
M22691,M,300.0,311.4,1533.0,42.6,180.0,0,0.0,0.0,0.0,0.0,0.0,
L55012,L,300.0,311.4,1484.0,37.0,183.0,0,0.0,0.0,0.0,0.0,0.0,
L55013,L,300.0,311.4,1604.0,38.7,185.0,0,0.0,0.0,0.0,0.0,0.0,
L55014,L,300.0,311.4,1483.0,45.6,187.0,0,0.0,0.0,0.0,0.0,0.0,
L55015,L,300.1,311.5,1549.0,34.7,189.0,0,0.0,0.0,0.0,0.0,0.0,
L55016,L,300.1,311.4,1604.0,35.0,191.0,0,0.0,0.0,0.0,0.0,0.0,
L55017,L,300.2,311.5,1685.0,31.0,193.0,0,0.0,0.0,0.0,0.0,0.0,
L55018,L,300.2,311.6,1372.0,49.2,195.0,0,0.0,0.0,0.0,0.0,0.0,
L55019,L,300.3,311.6,1374.0,47.4,197.0,0,0.0,0.0,0.0,0.0,0.0,
L55020,L,300.2,311.6,1606.0,31.0,199.0,0,0.0,0.0,0.0,0.0,0.0,
L55021,L,300.1,311.5,1471.0,47.2,201.0,0,0.0,0.0,0.0,0.0,0.0,
L55022,L,300.1,311.5,1659.0,31.1,203.0,0,0.0,0.0,0.0,0.0,0.0,
M22703,M,300.1,311.7,1400.0,48.5,205.0,0,0.0,0.0,0.0,0.0,0.0,
L55024,L,300.1,311.7,1503.0,42.6,208.0,0,0.0,0.0,0.0,0.0,0.0,
L55025,L,300.2,311.8,1798.0,23.2,210.0,0,0.0,0.0,0.0,0.0,0.0,
M22706,M,300.2,311.6,1608.0,35.0,212.0,0,0.0,0.0,0.0,0.0,0.0,
L55027,L,300.2,311.6,1322.0,50.9,215.0,0,0.0,0.0,0.0,0.0,0.0,
H37262,H,300.2,311.6,1547.0,37.7,217.0,0,0.0,0.0,0.0,0.0,0.0,
M22709,M,300.3,311.7,1374.0,47.9,222.0,1,1.0,0.0,0.0,0.0,0.0,
M22710,M,300.3,311.7,1447.0,36.8,0.0,0,0.0,0.0,0.0,0.0,0.0,
L55031,L,300.4,311.7,1373.0,47.2,3.0,0,0.0,0.0,0.0,0.0,0.0,
L55032,L,300.3,311.7,1515.0,37.5,5.0,0,0.0,0.0,0.0,0.0,0.0,
L55033,L,300.3,311.7,1317.0,56.5,7.0,0,0.0,0.0,0.0,0.0,0.0,
L55034,L,300.3,311.8,1551.0,37.2,9.0,0,0.0,0.0,0.0,0.0,0.0,
M22715,M,300.3,311.8,1592.0,32.1,11.0,0,0.0,0.0,0.0,0.0,0.0,
L55036,L,300.4,311.8,1433.0,42.2,14.0,0,0.0,0.0,0.0,0.0,0.0,
L55037,L,300.5,311.9,1432.0,43.1,16.0,0,0.0,0.0,0.0,0.0,0.0,
L55038,L,300.5,311.9,1350.0,51.7,18.0,0,0.0,0.0,0.0,0.0,0.0,
M22719,M,300.5,311.9,1370.0,44.8,20.0,0,0.0,0.0,0.0,0.0,0.0,
L55040,L,300.5,312.0,1415.0,44.6,23.0,0,0.0,0.0,0.0,0.0,0.0,
L55041,L,300.5,312.0,1498.0,42.9,25.0,0,0.0,0.0,0.0,0.0,0.0,
M22722,M,300.5,312.0,1382.0,54.1,27.0,0,0.0,0.0,0.0,0.0,0.0,
M22723,M,300.5,311.9,1511.0,44.5,30.0,0,0.0,0.0,0.0,0.0,0.0,
L55044,L,300.5,311.9,1330.0,59.5,33.0,0,0.0,0.0,0.0,0.0,0.0,
L55045,L,300.5,311.9,1383.0,50.5,35.0,0,0.0,0.0,0.0,0.0,0.0,
L55046,L,300.5,311.9,1431.0,49.4,37.0,0,0.0,0.0,0.0,0.0,0.0,
L55047,L,300.5,312.0,1461.0,38.1,39.0,0,0.0,0.0,0.0,0.0,0.0,
H37282,H,300.4,311.9,1438.0,46.7,41.0,0,0.0,0.0,0.0,0.0,1.0,
M22729,M,300.5,312.0,1779.0,27.7,46.0,0,0.0,0.0,0.0,0.0,0.0,
M22730,M,300.6,312.1,1293.0,52.3,49.0,0,0.0,0.0,0.0,0.0,0.0,
L55051,L,300.6,312.2,1308.0,54.7,52.0,0,0.0,0.0,0.0,0.0,0.0,
L55052,L,300.6,312.3,1532.0,37.2,54.0,0,0.0,0.0,0.0,0.0,0.0,
L55053,L,300.7,312.4,1470.0,38.6,56.0,0,0.0,0.0,0.0,0.0,0.0,
L55054,L,300.7,312.3,1548.0,37.9,58.0,0,0.0,0.0,0.0,0.0,0.0,
L55055,L,300.7,312.3,1898.0,24.0,60.0,0,0.0,0.0,0.0,0.0,0.0,
H37290,H,300.7,312.2,1335.0,49.0,62.0,0,0.0,0.0,0.0,0.0,0.0,
L55057,L,300.7,312.3,1420.0,53.8,67.0,0,0.0,0.0,0.0,0.0,0.0,
L55058,L,300.7,312.3,1418.0,49.0,69.0,0,0.0,0.0,0.0,0.0,0.0,
M22739,M,300.8,312.3,1535.0,40.3,71.0,0,0.0,0.0,0.0,0.0,0.0,
H37294,H,300.7,312.4,1457.0,47.2,74.0,0,0.0,0.0,0.0,0.0,0.0,
L55061,L,300.8,312.4,1493.0,39.1,79.0,0,0.0,0.0,0.0,0.0,0.0,
H37296,H,300.7,312.3,1670.0,27.3,81.0,0,0.0,0.0,0.0,0.0,0.0,
H37297,H,300.7,312.3,1446.0,45.4,86.0,0,0.0,0.0,0.0,0.0,0.0,
L55064,L,300.8,312.4,1465.0,59.1,91.0,1,0.0,0.0,1.0,0.0,0.0,
L55065,L,300.7,312.3,1590.0,36.3,93.0,0,0.0,0.0,0.0,0.0,0.0,
M22746,M,300.6,312.2,2174.0,18.5,95.0,0,0.0,0.0,0.0,0.0,0.0,
L55067,L,300.7,312.4,1590.0,37.9,98.0,0,0.0,0.0,0.0,0.0,0.0,
L55068,L,300.7,312.3,1577.0,33.2,100.0,0,0.0,0.0,0.0,0.0,0.0,
M22749,M,300.7,312.4,1371.0,61.7,102.0,0,0.0,0.0,0.0,0.0,0.0,
L55070,L,300.8,312.4,1767.0,25.6,105.0,0,0.0,0.0,0.0,0.0,0.0,
L55071,L,300.8,312.5,1517.0,39.2,107.0,0,0.0,0.0,0.0,0.0,0.0,
M22752,M,300.9,312.6,1555.0,40.6,109.0,0,0.0,0.0,0.0,0.0,0.0,
L55073,L,300.9,312.7,1416.0,43.8,112.0,0,0.0,0.0,0.0,0.0,0.0,
M22754,M,300.8,312.6,1588.0,35.6,114.0,0,0.0,0.0,0.0,0.0,0.0,
L55075,L,300.8,312.6,1422.0,50.0,117.0,0,0.0,0.0,0.0,0.0,0.0,
L55076,L,300.8,312.6,1376.0,53.6,119.0,0,0.0,0.0,0.0,0.0,0.0,
L55077,L,300.8,312.5,1434.0,50.7,121.0,0,0.0,0.0,0.0,0.0,0.0,
L55078,L,300.8,312.5,1423.0,47.3,123.0,0,0.0,0.0,0.0,0.0,0.0,
L55079,L,300.9,312.4,1364.0,52.5,125.0,0,0.0,0.0,0.0,0.0,0.0,
L55080,L,300.8,312.4,1825.0,23.8,127.0,0,0.0,0.0,0.0,0.0,0.0,
L55081,L,300.8,312.4,1365.0,44.5,129.0,0,0.0,0.0,0.0,0.0,0.0,
M22762,M,300.7,312.3,1430.0,47.2,131.0,0,0.0,0.0,0.0,0.0,0.0,
L55083,L,300.8,312.3,1435.0,44.8,134.0,0,0.0,0.0,0.0,0.0,0.0,
M22764,M,300.8,312.4,1811.0,25.1,136.0,0,0.0,0.0,0.0,0.0,0.0,
M22765,M,300.8,312.4,1465.0,43.7,139.0,0,0.0,0.0,0.0,0.0,0.0,
L55086,L,300.9,312.4,1372.0,51.0,142.0,0,0.0,0.0,0.0,0.0,0.0,
L55087,L,300.8,312.3,1858.0,26.3,144.0,0,0.0,0.0,0.0,0.0,0.0,
L55088,L,300.7,312.3,1715.0,26.8,146.0,0,0.0,0.0,0.0,0.0,0.0,
L55089,L,300.7,312.2,1590.0,38.5,148.0,0,0.0,0.0,0.0,0.0,0.0,
M22770,M,300.8,312.2,1664.0,25.7,150.0,0,0.0,0.0,0.0,0.0,0.0,
L55091,L,300.7,312.1,1512.0,36.9,153.0,0,0.0,0.0,0.0,0.0,0.0,
L55092,L,300.7,312.1,1498.0,44.0,155.0,0,0.0,0.0,0.0,0.0,0.0,
L55093,L,300.7,312.1,1395.0,41.9,157.0,0,0.0,0.0,0.0,0.0,0.0,
H37328,H,300.7,312.1,1490.0,43.1,159.0,0,0.0,0.0,0.0,0.0,0.0,
H37329,H,300.8,312.1,1527.0,35.1,164.0,0,0.0,0.0,0.0,0.0,0.0,
L55096,L,300.8,312.1,1512.0,37.1,169.0,0,0.0,0.0,0.0,0.0,0.0,
L55097,L,300.9,312.1,1474.0,42.4,171.0,0,0.0,0.0,0.0,0.0,0.0,
L55098,L,300.8,312.1,1505.0,41.3,173.0,0,0.0,0.0,0.0,0.0,0.0,
L55099,L,300.8,312.0,1496.0,40.0,175.0,0,0.0,0.0,0.0,0.0,0.0,
L55100,L,300.8,312.0,1382.0,49.3,177.0,0,0.0,0.0,0.0,0.0,0.0,
L55101,L,300.7,311.9,1419.0,47.7,179.0,0,0.0,0.0,0.0,0.0,0.0,
L55102,L,300.7,311.9,1462.0,39.7,181.0,0,0.0,0.0,0.0,0.0,0.0,
M22783,M,300.8,312.0,1450.0,45.0,183.0,0,0.0,0.0,0.0,0.0,0.0,
H37338,H,300.7,311.9,1389.0,46.5,186.0,0,0.0,0.0,0.0,0.0,0.0,
M22785,M,300.7,311.9,1697.0,28.2,191.0,0,0.0,0.0,0.0,0.0,0.0,
L55106,L,300.7,311.9,1335.0,57.1,194.0,1,0.0,0.0,0.0,1.0,0.0,
L55107,L,300.7,311.9,1476.0,42.0,196.0,0,0.0,0.0,0.0,0.0,0.0,
L55108,L,300.6,311.7,1497.0,43.6,198.0,0,0.0,0.0,0.0,0.0,0.0,
M22789,M,300.6,311.6,1669.0,29.2,200.0,0,0.0,0.0,0.0,0.0,0.0,
L55110,L,300.6,311.6,1455.0,48.0,203.0,0,0.0,0.0,0.0,0.0,0.0,
L55111,L,300.7,311.7,1499.0,38.4,205.0,0,0.0,0.0,0.0,0.0,0.0,
L55112,L,300.7,311.8,1478.0,41.9,207.0,0,0.0,0.0,0.0,0.0,0.0,
L55113,L,300.8,311.8,1928.0,21.8,209.0,0,0.0,0.0,0.0,0.0,0.0,
M22794,M,300.8,311.9,1621.0,28.3,211.0,0,0.0,0.0,0.0,0.0,0.0,
M22795,M,300.8,311.9,1356.0,44.3,214.0,0,0.0,0.0,0.0,0.0,0.0,
L55116,L,300.8,311.7,1490.0,46.4,217.0,0,0.0,0.0,0.0,0.0,0.0,
L55117,L,300.8,311.7,1578.0,31.4,219.0,0,0.0,0.0,0.0,0.0,0.0,
L55118,L,300.8,311.7,1681.0,31.3,221.0,0,0.0,0.0,0.0,0.0,0.0,
L55119,L,300.8,311.8,1417.0,43.4,223.0,0,0.0,0.0,0.0,0.0,0.0,
M22800,M,300.7,311.7,1532.0,40.0,0.0,0,0.0,0.0,0.0,0.0,0.0,
M22801,M,300.7,311.7,1499.0,38.9,3.0,0,0.0,0.0,0.0,0.0,0.0,
L55122,L,300.8,311.7,1432.0,45.8,6.0,0,0.0,0.0,0.0,0.0,0.0,
L55123,L,300.8,311.7,1753.0,29.0,8.0,0,0.0,0.0,0.0,0.0,0.0,
L55124,L,300.8,311.7,1414.0,49.0,10.0,0,0.0,0.0,0.0,0.0,0.0,
L55125,L,300.8,311.7,1655.0,32.2,12.0,0,0.0,0.0,0.0,0.0,0.0,
L55126,L,300.8,311.6,1516.0,35.6,14.0,0,0.0,0.0,0.0,0.0,0.0,
L55127,L,300.8,311.7,1426.0,45.5,16.0,0,0.0,0.0,0.0,0.0,0.0,
L55128,L,300.8,311.7,1479.0,39.4,18.0,0,0.0,0.0,0.0,0.0,0.0,
M22809,M,300.7,311.5,1569.0,36.4,20.0,0,0.0,0.0,0.0,0.0,0.0,
L55130,L,300.8,311.6,1568.0,36.0,23.0,0,0.0,0.0,0.0,0.0,0.0,
M22811,M,300.9,311.8,1843.0,24.5,25.0,0,0.0,0.0,0.0,0.0,0.0,
M22812,M,300.9,311.9,1480.0,40.9,28.0,0,0.0,0.0,0.0,0.0,0.0,
L55133,L,301.0,312.0,1447.0,36.8,31.0,0,0.0,0.0,0.0,0.0,0.0,
L55134,L,301.0,311.9,1454.0,41.9,33.0,0,0.0,0.0,0.0,0.0,0.0,
M22815,M,300.9,311.9,1310.0,56.1,35.0,0,0.0,0.0,0.0,0.0,0.0,
H37370,H,300.9,311.9,1513.0,38.0,38.0,0,0.0,0.0,0.0,0.0,0.0,
H37371,H,300.9,311.9,2140.0,16.5,43.0,0,0.0,0.0,0.0,0.0,0.0,
L55138,L,301.0,312.1,1377.0,49.9,48.0,0,0.0,0.0,0.0,0.0,0.0,
L55139,L,301.0,312.1,1585.0,32.3,50.0,0,0.0,0.0,0.0,0.0,0.0,
H37374,H,301.1,312.2,1491.0,42.6,52.0,0,0.0,0.0,0.0,0.0,0.0,
L55141,L,301.0,312.2,1264.0,59.0,57.0,0,0.0,0.0,0.0,0.0,0.0,
L55142,L,301.0,312.2,1372.0,47.0,59.0,0,0.0,0.0,0.0,0.0,0.0,
L55143,L,301.0,312.2,1510.0,39.9,61.0,0,0.0,0.0,0.0,0.0,0.0,
L55144,L,300.9,312.1,1423.0,40.2,63.0,0,0.0,0.0,0.0,0.0,0.0,
L55145,L,301.1,312.3,1464.0,35.3,65.0,0,0.0,0.0,0.0,0.0,0.0,
L55146,L,301.0,312.2,1602.0,35.9,67.0,0,0.0,0.0,0.0,0.0,0.0,
M22827,M,301.0,312.2,1629.0,32.6,69.0,0,0.0,0.0,0.0,0.0,0.0,
L55148,L,300.9,312.2,1811.0,23.2,72.0,0,0.0,0.0,0.0,0.0,0.0,
L55149,L,300.9,312.1,1711.0,28.8,74.0,0,0.0,0.0,0.0,0.0,0.0,
M22830,M,300.9,312.1,1297.0,48.6,76.0,0,0.0,0.0,0.0,0.0,0.0,
L55151,L,301.0,312.1,1405.0,46.1,79.0,0,0.0,0.0,0.0,0.0,0.0,
L55152,L,301.1,312.2,1397.0,54.9,81.0,0,0.0,0.0,0.0,0.0,0.0,
L55153,L,301.1,312.3,1682.0,29.7,83.0,0,0.0,0.0,0.0,0.0,0.0,
L55154,L,301.2,312.3,1528.0,38.4,85.0,0,0.0,0.0,0.0,0.0,0.0,
M22835,M,301.2,312.3,1548.0,38.3,87.0,0,0.0,0.0,0.0,0.0,0.0,
H37390,H,301.2,312.4,1395.0,47.8,90.0,0,0.0,0.0,0.0,0.0,0.0,
L55157,L,301.2,312.4,1378.0,59.0,95.0,0,0.0,0.0,0.0,0.0,0.0,
L55158,L,301.2,312.4,1480.0,53.5,97.0,0,0.0,0.0,0.0,0.0,0.0,
M22839,M,301.2,312.4,1428.0,36.6,99.0,0,0.0,0.0,0.0,0.0,0.0,
M22840,M,301.2,312.4,1505.0,39.6,102.0,0,0.0,0.0,0.0,0.0,0.0,
L55161,L,301.0,312.3,1445.0,36.4,105.0,0,0.0,0.0,0.0,0.0,0.0,
L55162,L,301.0,312.3,1488.0,42.6,107.0,0,0.0,0.0,0.0,0.0,0.0,
L55163,L,301.0,312.2,1601.0,33.0,109.0,0,0.0,0.0,0.0,0.0,0.0,
L55164,L,301.0,312.3,1550.0,34.9,111.0,0,0.0,0.0,0.0,0.0,0.0,
L55165,L,301.0,312.2,1540.0,34.1,113.0,0,0.0,0.0,0.0,0.0,0.0,
L55166,L,301.1,312.3,1587.0,34.5,115.0,0,0.0,0.0,0.0,0.0,0.0,
H37401,H,301.0,312.2,1489.0,40.3,117.0,0,0.0,0.0,0.0,0.0,0.0,
L55168,L,301.1,312.3,1486.0,34.9,122.0,0,0.0,0.0,0.0,0.0,0.0,
L55169,L,301.1,312.4,1430.0,37.9,124.0,0,0.0,0.0,0.0,0.0,0.0,
M22850,M,301.1,312.4,1809.0,25.1,126.0,0,0.0,0.0,0.0,0.0,0.0,
L55171,L,301.1,312.3,1534.0,39.0,129.0,0,0.0,0.0,0.0,0.0,0.0,
M22852,M,301.1,312.3,1852.0,25.9,131.0,0,0.0,0.0,0.0,0.0,0.0,
L55173,L,301.1,312.3,1595.0,31.9,134.0,0,0.0,0.0,0.0,0.0,0.0,
L55174,L,301.0,312.3,1424.0,43.5,136.0,0,0.0,0.0,0.0,0.0,0.0,
L55175,L,301.0,312.2,1776.0,28.8,138.0,0,0.0,0.0,0.0,0.0,0.0,
M22856,M,301.0,312.2,1499.0,41.5,140.0,0,0.0,0.0,0.0,0.0,0.0,
M22857,M,301.0,312.2,2710.0,9.7,143.0,1,0.0,0.0,1.0,0.0,0.0,
L55178,L,300.9,312.1,1359.0,51.7,146.0,0,0.0,0.0,0.0,0.0,0.0,
M22859,M,300.9,312.1,1617.0,31.0,148.0,0,0.0,0.0,0.0,0.0,0.0,
M22860,M,300.8,312.0,1443.0,53.3,151.0,0,0.0,0.0,0.0,0.0,0.0,
L55181,L,300.8,312.0,1374.0,50.2,154.0,0,0.0,0.0,0.0,0.0,0.0,
M22862,M,300.9,312.1,1851.0,23.0,156.0,0,0.0,0.0,0.0,0.0,0.0,
M22863,M,300.8,312.0,1274.0,67.3,159.0,0,0.0,0.0,0.0,0.0,0.0,
L55184,L,300.9,312.0,1533.0,44.0,162.0,0,0.0,0.0,0.0,0.0,0.0,
L55185,L,300.8,312.0,1477.0,37.3,164.0,0,0.0,0.0,0.0,0.0,0.0,
L55186,L,300.9,312.1,1462.0,46.0,166.0,0,0.0,0.0,0.0,0.0,0.0,
M22867,M,301.0,312.1,1664.0,28.4,168.0,0,0.0,0.0,0.0,0.0,0.0,
L55188,L,300.8,311.9,1414.0,41.1,171.0,0,0.0,0.0,0.0,0.0,0.0,
H37423,H,300.9,312.0,2129.0,17.8,173.0,0,0.0,0.0,0.0,0.0,0.0,
L55190,L,300.8,311.8,1323.0,61.1,178.0,0,0.0,0.0,0.0,0.0,0.0,
L55191,L,300.8,311.8,1427.0,43.3,180.0,0,0.0,0.0,0.0,0.0,0.0,
M22872,M,300.9,312.0,1375.0,56.1,182.0,0,0.0,0.0,0.0,0.0,0.0,
M22873,M,300.9,312.0,1402.0,50.7,185.0,0,0.0,0.0,0.0,0.0,0.0,
L55194,L,300.9,312.0,1500.0,44.2,188.0,0,0.0,0.0,0.0,0.0,0.0,
M22875,M,301.0,312.0,1558.0,37.5,190.0,0,0.0,0.0,0.0,0.0,0.0,
M22876,M,300.9,312.0,1447.0,41.4,193.0,0,0.0,0.0,0.0,0.0,0.0,
L55197,L,301.0,312.0,1518.0,39.3,196.0,0,0.0,0.0,0.0,0.0,0.0,
L55198,L,301.0,311.9,1889.0,23.5,198.0,0,0.0,0.0,0.0,0.0,0.0,
L55199,L,301.0,312.1,1675.0,30.7,200.0,0,0.0,0.0,0.0,0.0,0.0,
H37434,H,300.9,312.0,1720.0,27.9,202.0,0,0.0,0.0,0.0,0.0,0.0,
M22881,M,301.0,312.0,1499.0,34.6,207.0,0,0.0,0.0,0.0,0.0,0.0,
L55202,L,300.9,312.0,1441.0,43.8,210.0,0,0.0,0.0,0.0,0.0,0.0,
H37437,H,300.9,312.0,1397.0,42.7,212.0,0,0.0,0.0,0.0,0.0,0.0,
L55204,L,300.9,312.0,1493.0,38.7,217.0,0,0.0,0.0,0.0,0.0,0.0,
M22885,M,300.8,312.0,1422.0,50.7,219.0,0,0.0,0.0,0.0,0.0,0.0,
L55206,L,300.7,311.9,1399.0,50.2,222.0,1,0.0,0.0,0.0,1.0,0.0,
L55207,L,300.6,311.9,1425.0,44.9,224.0,0,0.0,0.0,0.0,0.0,0.0,
L55208,L,300.6,311.8,1501.0,44.8,226.0,0,0.0,0.0,0.0,0.0,0.0,
M22889,M,300.6,311.9,1629.0,35.3,0.0,0,0.0,0.0,0.0,0.0,0.0,
L55210,L,300.6,312.0,1490.0,42.2,3.0,0,0.0,0.0,0.0,0.0,0.0,
L55211,L,300.7,312.0,1550.0,32.4,5.0,0,0.0,0.0,0.0,0.0,0.0,
L55212,L,300.8,312.0,1416.0,46.5,7.0,0,0.0,0.0,0.0,0.0,0.0,
L55213,L,300.7,311.9,1485.0,38.8,9.0,0,0.0,0.0,0.0,0.0,0.0,
L55214,L,300.7,311.8,1564.0,36.8,11.0,0,0.0,0.0,0.0,0.0,0.0,
L55215,L,300.7,311.7,1910.0,19.7,13.0,0,0.0,0.0,0.0,0.0,0.0,
L55216,L,300.7,311.7,1460.0,46.1,15.0,0,0.0,0.0,0.0,0.0,0.0,
L55217,L,300.7,311.8,1603.0,34.1,17.0,0,0.0,0.0,0.0,0.0,0.0,
L55218,L,300.7,311.8,1486.0,47.3,19.0,0,0.0,0.0,0.0,0.0,0.0,
L55219,L,300.8,311.9,1560.0,31.8,21.0,0,0.0,0.0,0.0,0.0,0.0,
L55220,L,300.8,311.9,1498.0,39.3,23.0,0,0.0,0.0,0.0,0.0,0.0,
H37455,H,300.8,311.9,1431.0,48.5,25.0,0,0.0,0.0,0.0,0.0,0.0,
L55222,L,300.8,311.9,1486.0,45.1,30.0,0,0.0,0.0,0.0,0.0,0.0,
L55223,L,300.7,311.9,1486.0,35.8,32.0,0,0.0,0.0,0.0,0.0,0.0,
L55224,L,300.7,311.8,1441.0,38.1,34.0,0,0.0,0.0,0.0,0.0,0.0,
M22905,M,300.7,311.9,1366.0,55.1,36.0,0,0.0,0.0,0.0,0.0,0.0,
L55226,L,300.6,311.8,1471.0,41.4,39.0,0,0.0,0.0,0.0,0.0,0.0,
L55227,L,300.6,311.9,1463.0,38.2,41.0,0,0.0,0.0,0.0,0.0,0.0,
L55228,L,300.6,311.9,1413.0,41.3,43.0,0,0.0,0.0,0.0,0.0,0.0,
H37463,H,300.6,311.9,1604.0,30.5,45.0,0,0.0,0.0,0.0,0.0,0.0,
L55230,L,300.7,312.0,1401.0,51.1,50.0,0,0.0,0.0,0.0,0.0,0.0,
L55231,L,300.6,311.8,1652.0,27.2,52.0,0,0.0,0.0,0.0,0.0,0.0,
L55232,L,300.5,311.9,1403.0,45.7,54.0,0,0.0,0.0,0.0,0.0,0.0,
L55233,L,300.5,311.9,1887.0,21.7,56.0,0,0.0,0.0,0.0,0.0,0.0,
L55234,L,300.4,311.8,1405.0,47.9,58.0,0,0.0,0.0,0.0,0.0,0.0,
H37469,H,300.2,311.6,1496.0,41.1,60.0,0,0.0,0.0,0.0,0.0,0.0,
L55236,L,300.1,311.5,1499.0,43.4,65.0,0,0.0,0.0,0.0,0.0,0.0,
L55237,L,300.2,311.5,1549.0,37.2,67.0,0,0.0,0.0,0.0,0.0,0.0,
L55238,L,300.3,311.6,1515.0,44.9,69.0,0,0.0,0.0,0.0,0.0,0.0,
L55239,L,300.2,311.6,1540.0,37.7,71.0,0,0.0,0.0,0.0,0.0,0.0,
H37474,H,300.2,311.5,1426.0,44.3,73.0,0,0.0,0.0,0.0,0.0,0.0,
M22921,M,300.2,311.6,1465.0,41.4,78.0,0,0.0,0.0,0.0,0.0,0.0,
M22922,M,300.3,311.6,1359.0,54.1,81.0,0,0.0,0.0,0.0,0.0,0.0,
M22923,M,300.3,311.7,1551.0,36.4,84.0,0,0.0,0.0,0.0,0.0,0.0,
L55244,L,300.5,311.8,1596.0,34.8,87.0,0,0.0,0.0,0.0,0.0,0.0,
M22925,M,300.5,311.9,1670.0,26.3,89.0,0,0.0,0.0,0.0,0.0,0.0,
L55246,L,300.4,311.9,1868.0,21.3,92.0,0,0.0,0.0,0.0,0.0,0.0,
M22927,M,300.6,312.0,1490.0,39.8,94.0,0,0.0,0.0,0.0,0.0,0.0,
M22928,M,300.5,311.9,1676.0,35.2,97.0,0,0.0,0.0,0.0,0.0,0.0,
M22929,M,300.5,311.9,1875.0,22.1,100.0,0,0.0,0.0,0.0,0.0,0.0,
M22930,M,300.5,312.0,1867.0,23.0,103.0,0,0.0,0.0,0.0,0.0,0.0,
L55251,L,300.5,312.0,1646.0,29.5,106.0,0,0.0,0.0,0.0,0.0,0.0,
H37486,H,300.5,312.0,1375.0,43.2,108.0,0,0.0,0.0,0.0,0.0,0.0,
L55253,L,300.5,312.0,1558.0,36.7,113.0,0,0.0,0.0,0.0,0.0,0.0,
L55254,L,300.4,312.0,1631.0,34.9,115.0,0,0.0,0.0,0.0,0.0,0.0,
L55255,L,300.4,312.0,1366.0,43.0,117.0,0,0.0,0.0,0.0,0.0,0.0,
L55256,L,300.3,311.8,1360.0,48.0,119.0,0,0.0,0.0,0.0,0.0,0.0,
L55257,L,300.3,311.8,1547.0,39.7,121.0,0,0.0,0.0,0.0,0.0,0.0,
L55258,L,300.3,311.7,1571.0,31.2,123.0,0,0.0,0.0,0.0,0.0,0.0,
L55259,L,300.2,311.5,1528.0,36.1,125.0,0,0.0,0.0,0.0,0.0,0.0,
H37494,H,300.2,311.5,1432.0,43.6,127.0,0,0.0,0.0,0.0,0.0,0.0,
L55261,L,300.2,311.6,1356.0,53.5,132.0,0,0.0,0.0,0.0,0.0,0.0,
H37496,H,300.1,311.5,1422.0,46.2,134.0,0,0.0,0.0,0.0,0.0,0.0,
L55263,L,300.1,311.4,1438.0,42.2,139.0,0,0.0,0.0,0.0,0.0,0.0,
L55264,L,300.2,311.4,1483.0,44.4,141.0,0,0.0,0.0,0.0,0.0,0.0,
L55265,L,300.2,311.4,1331.0,49.8,143.0,0,0.0,0.0,0.0,0.0,0.0,
L55266,L,300.2,311.4,1463.0,37.5,145.0,0,0.0,0.0,0.0,0.0,0.0,
L55267,L,300.1,311.4,1446.0,40.6,147.0,0,0.0,0.0,0.0,0.0,0.0,
L55268,L,300.1,311.4,1356.0,45.7,149.0,0,0.0,0.0,0.0,0.0,0.0,
L55269,L,300.1,311.3,1676.0,30.3,151.0,0,0.0,0.0,0.0,0.0,0.0,
L55270,L,300.1,311.4,1910.0,23.0,153.0,0,0.0,0.0,0.0,0.0,0.0,
L55271,L,300.2,311.6,1375.0,56.9,155.0,0,0.0,0.0,0.0,0.0,0.0,
M22952,M,300.2,311.6,1513.0,40.8,157.0,0,0.0,0.0,0.0,0.0,0.0,
L55273,L,300.2,311.6,1511.0,35.7,160.0,0,0.0,0.0,0.0,0.0,0.0,
H37508,H,300.2,311.6,1662.0,28.8,162.0,0,0.0,0.0,0.0,0.0,0.0,
L55275,L,300.2,311.7,1493.0,48.3,167.0,0,0.0,0.0,0.0,0.0,0.0,
M22956,M,300.2,311.7,1555.0,37.4,169.0,0,0.0,0.0,0.0,0.0,0.0,
L55277,L,300.3,311.7,1452.0,41.5,172.0,0,0.0,0.0,0.0,0.0,0.0,
L55278,L,300.2,311.6,1500.0,39.0,174.0,0,0.0,0.0,0.0,0.0,0.0,
L55279,L,300.2,311.7,1603.0,30.5,176.0,0,0.0,0.0,0.0,0.0,0.0,
L55280,L,300.3,311.7,1682.0,27.8,178.0,0,0.0,0.0,0.0,0.0,0.0,
L55281,L,300.3,311.8,1567.0,37.7,180.0,0,0.0,0.0,0.0,0.0,0.0,
L55282,L,300.3,311.8,1413.0,46.0,182.0,0,0.0,0.0,0.0,0.0,0.0,
M22963,M,300.3,311.9,1429.0,41.6,184.0,0,0.0,0.0,0.0,0.0,0.0,
L55284,L,300.3,311.9,1692.0,31.5,187.0,0,0.0,0.0,0.0,0.0,0.0,
L55285,L,300.4,311.9,1476.0,48.7,189.0,0,0.0,0.0,0.0,0.0,0.0,
M22966,M,300.4,312.0,1596.0,30.4,191.0,0,0.0,0.0,0.0,0.0,0.0,
H37521,H,300.3,311.9,1390.0,49.0,194.0,0,0.0,0.0,0.0,0.0,0.0,
M22968,M,300.3,311.8,1607.0,33.7,199.0,0,0.0,0.0,0.0,0.0,0.0,
L55289,L,300.3,311.7,1821.0,26.3,202.0,0,0.0,0.0,0.0,0.0,0.0,
H37524,H,300.3,311.8,2141.0,18.5,204.0,0,0.0,0.0,0.0,0.0,0.0,
M22971,M,300.4,311.8,1553.0,33.1,209.0,1,1.0,0.0,0.0,0.0,0.0,
M22972,M,300.4,311.8,1442.0,45.1,0.0,0,0.0,0.0,0.0,0.0,0.0,
L55293,L,300.4,311.7,1459.0,45.6,3.0,0,0.0,0.0,0.0,0.0,0.0,
H37528,H,300.4,311.8,2496.0,13.5,5.0,0,0.0,0.0,0.0,0.0,0.0,
L55295,L,300.4,311.8,1367.0,57.2,10.0,0,0.0,0.0,0.0,0.0,0.0,
L55296,L,300.3,311.8,2004.0,19.6,12.0,0,0.0,0.0,0.0,0.0,0.0,
L55297,L,300.3,311.7,1406.0,47.5,14.0,0,0.0,0.0,0.0,0.0,0.0,
L55298,L,300.3,311.8,1548.0,33.0,16.0,0,0.0,0.0,0.0,0.0,0.0,
L55299,L,300.3,311.7,1333.0,55.2,18.0,0,0.0,0.0,0.0,0.0,0.0,
L55300,L,300.2,311.6,1767.0,26.4,20.0,0,0.0,0.0,0.0,0.0,0.0,
L55301,L,300.2,311.6,1827.0,27.0,22.0,0,0.0,0.0,0.0,0.0,0.0,
M22982,M,300.2,311.6,1533.0,46.4,24.0,0,0.0,0.0,0.0,0.0,0.0,
H37537,H,300.2,311.5,1515.0,36.8,27.0,0,0.0,0.0,0.0,0.0,0.0,
L55304,L,300.2,311.4,1568.0,41.0,32.0,0,0.0,0.0,0.0,0.0,0.0,
L55305,L,300.2,311.4,1452.0,47.8,34.0,0,0.0,0.0,0.0,0.0,0.0,
L55306,L,300.2,311.4,1433.0,37.9,36.0,0,0.0,0.0,0.0,0.0,0.0,
M22987,M,300.1,311.3,1650.0,33.8,38.0,0,0.0,0.0,0.0,0.0,0.0,
L55308,L,300.1,311.4,1629.0,31.3,41.0,0,0.0,0.0,0.0,0.0,0.0,
L55309,L,300.0,311.3,1520.0,39.2,43.0,0,0.0,0.0,0.0,0.0,0.0,
H37544,H,300.0,311.2,1393.0,43.1,45.0,0,0.0,0.0,0.0,0.0,0.0,
H37545,H,299.9,311.2,1364.0,49.6,50.0,0,0.0,0.0,0.0,0.0,0.0,
M22992,M,299.9,311.3,1389.0,50.0,55.0,0,0.0,0.0,0.0,0.0,0.0,
L55313,L,299.8,311.1,1466.0,46.1,58.0,0,0.0,0.0,0.0,0.0,0.0,
L55314,L,299.7,311.1,1650.0,32.4,60.0,0,0.0,0.0,0.0,0.0,0.0,
L55315,L,299.6,311.0,1554.0,36.3,62.0,0,0.0,0.0,0.0,0.0,0.0,
M22996,M,299.6,310.9,1474.0,39.7,64.0,0,0.0,0.0,0.0,0.0,0.0,
H37551,H,299.5,310.8,1600.0,32.4,67.0,0,0.0,0.0,0.0,0.0,0.0,
L55318,L,299.5,310.8,1356.0,54.9,72.0,0,0.0,0.0,0.0,0.0,0.0,
L55319,L,299.5,310.8,1571.0,38.2,74.0,0,0.0,0.0,0.0,0.0,0.0,
L55320,L,299.6,310.9,1658.0,28.0,76.0,0,0.0,0.0,0.0,0.0,0.0,
L55321,L,299.6,310.8,1393.0,49.9,78.0,0,0.0,0.0,0.0,0.0,0.0,
M23002,M,299.7,311.0,1448.0,49.8,80.0,0,0.0,0.0,0.0,0.0,0.0,
L55323,L,299.7,310.9,1477.0,40.4,83.0,0,0.0,0.0,0.0,0.0,0.0,
M23004,M,299.7,311.0,1506.0,42.7,85.0,0,0.0,0.0,0.0,0.0,0.0,
M23005,M,299.7,310.9,1685.0,32.1,88.0,0,0.0,0.0,0.0,0.0,0.0,
L55326,L,299.6,310.9,1533.0,31.8,91.0,0,0.0,0.0,0.0,0.0,0.0,
L55327,L,299.5,310.8,1447.0,41.0,93.0,0,0.0,0.0,0.0,0.0,0.0,
M23008,M,299.5,310.7,1488.0,39.5,95.0,0,0.0,0.0,0.0,0.0,0.0,
M23009,M,299.6,310.8,1427.0,50.4,98.0,0,0.0,0.0,0.0,0.0,0.0,
M23010,M,299.5,310.7,1424.0,41.3,101.0,0,0.0,0.0,0.0,0.0,0.0,
L55331,L,299.5,310.7,1472.0,40.9,104.0,0,0.0,0.0,0.0,0.0,0.0,
L55332,L,299.5,310.7,1438.0,45.7,106.0,0,0.0,0.0,0.0,0.0,0.0,
L55333,L,299.6,310.8,1507.0,42.4,108.0,0,0.0,0.0,0.0,0.0,0.0,
L55334,L,299.6,310.7,1393.0,52.1,110.0,0,0.0,0.0,0.0,0.0,0.0,
L55335,L,299.5,310.8,1283.0,52.4,112.0,0,0.0,0.0,0.0,0.0,0.0,
L55336,L,299.6,310.8,1644.0,30.9,114.0,0,0.0,0.0,0.0,0.0,0.0,
L55337,L,299.6,310.8,1498.0,46.9,116.0,0,0.0,0.0,0.0,0.0,0.0,
L55338,L,299.6,310.8,1400.0,40.8,118.0,0,0.0,0.0,0.0,0.0,0.0,
H37573,H,299.6,310.9,1679.0,31.2,120.0,0,0.0,0.0,0.0,0.0,0.0,
M23020,M,299.7,311.1,1618.0,30.3,125.0,0,0.0,0.0,0.0,0.0,0.0,
H37575,H,299.6,311.0,1714.0,30.2,128.0,0,0.0,0.0,0.0,0.0,0.0,
L55342,L,299.6,311.0,1574.0,35.0,133.0,0,0.0,0.0,0.0,0.0,0.0,
L55343,L,299.7,311.1,1574.0,36.4,135.0,0,0.0,0.0,0.0,0.0,0.0,
L55344,L,299.6,310.9,1472.0,40.9,137.0,0,0.0,0.0,0.0,0.0,0.0,
L55345,L,299.6,311.0,1552.0,33.2,139.0,0,0.0,0.0,0.0,0.0,0.0,
L55346,L,299.7,311.1,1603.0,31.4,141.0,0,0.0,0.0,0.0,0.0,0.0,
H37581,H,299.7,311.1,1353.0,47.1,143.0,0,0.0,0.0,0.0,0.0,0.0,
L55348,L,299.7,311.1,1690.0,30.6,148.0,0,0.0,0.0,0.0,0.0,0.0,
M23029,M,299.8,311.2,1745.0,26.3,150.0,0,0.0,0.0,0.0,0.0,0.0,
L55350,L,299.9,311.3,1522.0,45.7,153.0,0,0.0,0.0,0.0,0.0,0.0,
H37585,H,300.0,311.4,1641.0,34.5,155.0,0,0.0,0.0,0.0,0.0,0.0,
L55352,L,299.9,311.4,1596.0,28.9,160.0,0,0.0,0.0,0.0,0.0,0.0,
H37587,H,299.9,311.4,1497.0,37.0,162.0,0,0.0,0.0,0.0,0.0,0.0,
L55354,L,299.9,311.3,1371.0,52.3,167.0,0,0.0,0.0,0.0,0.0,0.0,
M23035,M,299.9,311.3,1445.0,41.2,169.0,0,0.0,0.0,0.0,0.0,0.0,
L55356,L,299.8,311.2,1564.0,40.0,172.0,0,0.0,0.0,0.0,0.0,0.0,
L55357,L,299.7,311.1,1439.0,44.9,174.0,0,0.0,0.0,0.0,0.0,0.0,
L55358,L,299.7,311.2,1352.0,52.1,176.0,0,0.0,0.0,0.0,0.0,0.0,
L55359,L,299.8,311.3,1560.0,35.4,178.0,0,0.0,0.0,0.0,0.0,0.0,
M23040,M,299.7,311.2,1616.0,42.3,180.0,0,0.0,0.0,0.0,0.0,0.0,
L55361,L,299.7,311.2,1835.0,23.7,183.0,0,0.0,0.0,0.0,0.0,0.0,
M23042,M,299.7,311.1,1649.0,32.7,185.0,0,0.0,0.0,0.0,0.0,0.0,
L55363,L,299.8,311.1,1452.0,47.3,188.0,0,0.0,0.0,0.0,0.0,0.0,
L55364,L,299.8,311.1,2144.0,17.7,190.0,0,0.0,0.0,0.0,0.0,0.0,
L55365,L,299.7,311.1,1554.0,41.0,192.0,0,0.0,0.0,0.0,0.0,0.0,
L55366,L,299.7,311.0,1827.0,25.4,194.0,0,0.0,0.0,0.0,0.0,0.0,
L55367,L,299.6,310.9,1448.0,46.3,196.0,0,0.0,0.0,0.0,0.0,0.0,
M23048,M,299.6,310.9,1530.0,38.8,198.0,0,0.0,0.0,0.0,0.0,0.0,
L55369,L,299.7,311.0,1983.0,21.0,201.0,0,0.0,0.0,0.0,0.0,0.0,
M23050,M,299.7,310.9,1620.0,37.2,203.0,0,0.0,0.0,0.0,0.0,0.0,
M23051,M,299.6,310.9,1630.0,29.8,206.0,0,0.0,0.0,0.0,0.0,0.0,
L55372,L,299.6,310.9,1229.0,65.2,209.0,1,0.0,0.0,0.0,1.0,0.0,
L55373,L,299.5,310.8,1873.0,22.3,211.0,0,0.0,0.0,0.0,0.0,0.0,
L55374,L,299.4,310.7,1426.0,45.7,213.0,0,0.0,0.0,0.0,0.0,0.0,
L55375,L,299.4,310.8,1376.0,53.9,215.0,1,0.0,0.0,0.0,1.0,0.0,
L55376,L,299.4,310.8,1622.0,33.6,217.0,0,0.0,0.0,0.0,0.0,0.0,
M23057,M,299.4,310.7,1492.0,45.7,219.0,0,0.0,0.0,0.0,0.0,0.0,
M23058,M,299.3,310.7,1374.0,48.9,222.0,0,0.0,0.0,0.0,0.0,0.0,
L55379,L,299.2,310.7,1737.0,27.0,225.0,1,1.0,0.0,0.0,0.0,0.0,
L55380,L,299.3,310.8,1426.0,42.4,0.0,0,0.0,0.0,0.0,0.0,0.0,
M23061,M,299.3,310.9,1826.0,25.1,2.0,0,0.0,0.0,0.0,0.0,0.0,
L55382,L,299.3,310.9,1669.0,32.4,5.0,0,0.0,0.0,0.0,0.0,0.0,
M23063,M,299.4,310.9,1473.0,40.1,7.0,0,0.0,0.0,0.0,0.0,0.0,
L55384,L,299.4,310.9,1751.0,27.8,10.0,0,0.0,0.0,0.0,0.0,0.0,
M23065,M,299.4,310.9,1446.0,47.3,12.0,0,0.0,0.0,0.0,0.0,0.0,
L55386,L,299.3,310.8,1483.0,43.5,15.0,0,0.0,0.0,0.0,0.0,0.0,
L55387,L,299.2,310.7,1535.0,42.6,17.0,0,0.0,0.0,0.0,0.0,0.0,
L55388,L,299.2,310.7,1477.0,44.0,19.0,0,0.0,0.0,0.0,0.0,0.0,
L55389,L,299.3,310.8,1391.0,46.9,21.0,0,0.0,0.0,0.0,0.0,0.0,
H37624,H,299.2,310.7,1636.0,29.4,23.0,0,0.0,0.0,0.0,0.0,0.0,
L55391,L,299.2,310.6,1675.0,33.3,28.0,0,0.0,0.0,0.0,0.0,0.0,
H37626,H,299.2,310.5,1329.0,48.9,30.0,0,0.0,0.0,0.0,0.0,0.0,
M23073,M,299.2,310.5,1548.0,33.5,35.0,0,0.0,0.0,0.0,0.0,0.0,
L55394,L,299.2,310.5,1391.0,45.8,38.0,0,0.0,0.0,0.0,0.0,0.0,
L55395,L,299.1,310.5,1437.0,43.1,40.0,0,0.0,0.0,0.0,0.0,0.0,
L55396,L,299.2,310.6,1370.0,61.9,42.0,0,0.0,0.0,0.0,0.0,0.0,
L55397,L,299.1,310.6,1577.0,37.1,44.0,0,0.0,0.0,0.0,0.0,0.0,
L55398,L,299.1,310.5,1485.0,37.8,46.0,0,0.0,0.0,0.0,0.0,0.0,
L55399,L,299.0,310.4,1504.0,34.3,48.0,0,0.0,0.0,0.0,0.0,0.0,
M23080,M,298.9,310.3,1551.0,35.2,50.0,0,0.0,0.0,0.0,0.0,0.0,
M23081,M,299.1,310.5,1428.0,43.0,53.0,0,0.0,0.0,0.0,0.0,0.0,
L55402,L,299.0,310.5,1755.0,27.9,56.0,0,0.0,0.0,0.0,0.0,0.0,
L55403,L,299.1,310.5,1329.0,54.9,58.0,0,0.0,0.0,0.0,0.0,0.0,
L55404,L,299.1,310.5,1496.0,35.2,60.0,0,0.0,0.0,0.0,0.0,0.0,
L55405,L,299.1,310.5,1532.0,36.6,62.0,0,0.0,0.0,0.0,0.0,0.0,
L55406,L,299.1,310.5,1389.0,61.4,64.0,0,0.0,0.0,0.0,0.0,0.0,
M23087,M,299.1,310.4,1524.0,51.4,66.0,0,0.0,0.0,0.0,0.0,0.0,
M23088,M,299.1,310.4,1422.0,49.3,69.0,0,0.0,0.0,0.0,0.0,0.0,
L55409,L,299.1,310.5,1739.0,27.4,72.0,0,0.0,0.0,0.0,0.0,0.0,
L55410,L,299.1,310.5,1736.0,26.9,74.0,0,0.0,0.0,0.0,0.0,0.0,
L55411,L,299.1,310.5,1419.0,48.8,76.0,0,0.0,0.0,0.0,0.0,0.0,
L55412,L,299.1,310.6,1326.0,49.7,78.0,0,0.0,0.0,0.0,0.0,0.0,
M23093,M,299.1,310.6,1449.0,43.2,80.0,0,0.0,0.0,0.0,0.0,0.0,
L55414,L,299.2,310.6,1534.0,39.7,83.0,0,0.0,0.0,0.0,0.0,0.0,
M23095,M,299.2,310.6,1443.0,50.9,85.0,0,0.0,0.0,0.0,0.0,0.0,
L55416,L,299.2,310.6,1498.0,41.1,88.0,0,0.0,0.0,0.0,0.0,0.0,
L55417,L,299.1,310.6,1796.0,26.0,90.0,0,0.0,0.0,0.0,0.0,0.0,
L55418,L,299.1,310.4,1519.0,45.3,92.0,0,0.0,0.0,0.0,0.0,0.0,
L55419,L,299.0,310.4,1339.0,49.6,94.0,0,0.0,0.0,0.0,0.0,0.0,
L55420,L,299.0,310.4,1483.0,41.5,96.0,0,0.0,0.0,0.0,0.0,0.0,
M23101,M,298.9,310.2,2099.0,20.0,98.0,0,0.0,0.0,0.0,0.0,0.0,
M23102,M,299.0,310.3,1689.0,29.7,101.0,0,0.0,0.0,0.0,0.0,0.0,
H37657,H,299.1,310.4,1369.0,54.5,104.0,0,0.0,0.0,0.0,0.0,0.0,
L55424,L,299.0,310.4,1512.0,38.8,109.0,0,0.0,0.0,0.0,0.0,0.0,
M23105,M,299.0,310.3,1303.0,68.6,111.0,1,0.0,0.0,1.0,0.0,0.0,
L55426,L,299.0,310.3,1552.0,39.9,114.0,0,0.0,0.0,0.0,0.0,0.0,
L55427,L,299.0,310.4,1713.0,28.0,116.0,0,0.0,0.0,0.0,0.0,0.0,
L55428,L,298.9,310.3,1456.0,44.1,118.0,0,0.0,0.0,0.0,0.0,0.0,
L55429,L,299.0,310.4,1524.0,39.8,120.0,0,0.0,0.0,0.0,0.0,0.0,
M23110,M,299.0,310.4,1394.0,45.2,122.0,0,0.0,0.0,0.0,0.0,0.0,
L55431,L,299.0,310.4,1981.0,21.2,125.0,0,0.0,0.0,0.0,0.0,0.0,
L55432,L,299.0,310.4,1565.0,36.1,127.0,0,0.0,0.0,0.0,0.0,0.0,
L55433,L,299.1,310.4,1657.0,31.0,129.0,0,0.0,0.0,0.0,0.0,0.0,
M23114,M,299.0,310.4,1625.0,37.1,131.0,0,0.0,0.0,0.0,0.0,0.0,
L55435,L,299.0,310.4,1606.0,31.1,134.0,0,0.0,0.0,0.0,0.0,0.0,
H37670,H,299.0,310.5,1336.0,56.8,136.0,0,0.0,0.0,0.0,0.0,0.0,
M23117,M,299.0,310.6,1587.0,34.2,141.0,0,0.0,0.0,0.0,0.0,0.0,
L55438,L,299.1,310.6,1602.0,39.7,144.0,0,0.0,0.0,0.0,0.0,0.0,
L55439,L,299.1,310.5,1471.0,38.4,146.0,0,0.0,0.0,0.0,0.0,0.0,
H37674,H,299.1,310.6,1332.0,48.0,148.0,0,0.0,0.0,0.0,0.0,0.0,
H37675,H,299.2,310.6,1434.0,48.4,153.0,0,0.0,0.0,0.0,0.0,0.0,
L55442,L,299.1,310.6,1921.0,23.9,158.0,0,0.0,0.0,0.0,0.0,0.0,
H37677,H,299.2,310.6,1704.0,30.6,160.0,0,0.0,0.0,0.0,0.0,0.0,
M23124,M,299.1,310.6,1397.0,49.5,165.0,0,0.0,0.0,0.0,0.0,0.0,
H37679,H,299.1,310.6,1791.0,28.0,168.0,0,0.0,0.0,0.0,0.0,0.0,
L55446,L,299.1,310.6,1818.0,24.1,173.0,0,0.0,0.0,0.0,0.0,0.0,
L55447,L,299.2,310.7,1540.0,36.3,175.0,0,0.0,0.0,0.0,0.0,0.0,
M23128,M,299.2,310.8,1502.0,39.8,177.0,0,0.0,0.0,0.0,0.0,0.0,
H37683,H,299.2,310.8,1761.0,30.4,180.0,0,0.0,0.0,0.0,0.0,0.0,
M23130,M,299.1,310.8,1517.0,38.4,185.0,0,0.0,0.0,0.0,0.0,0.0,
L55451,L,299.1,310.7,1309.0,51.1,188.0,0,0.0,0.0,0.0,0.0,0.0,
L55452,L,298.9,310.6,1363.0,52.6,190.0,0,0.0,0.0,0.0,0.0,0.0,
M23133,M,299.0,310.6,1787.0,22.2,192.0,0,0.0,0.0,0.0,0.0,0.0,
L55454,L,298.9,310.5,1640.0,29.2,195.0,0,0.0,0.0,0.0,0.0,0.0,
M23135,M,298.9,310.6,1720.0,25.3,197.0,0,0.0,0.0,0.0,0.0,0.0,
L55456,L,298.8,310.5,1384.0,52.8,200.0,0,0.0,0.0,0.0,0.0,0.0,
H37691,H,298.8,310.5,1294.0,55.8,202.0,0,0.0,0.0,0.0,0.0,0.0,
L55458,L,298.8,310.5,1464.0,46.4,207.0,0,0.0,0.0,0.0,0.0,0.0,
L55459,L,298.8,310.6,1803.0,25.4,209.0,0,0.0,0.0,0.0,0.0,0.0,
L55460,L,298.8,310.6,1602.0,39.1,211.0,0,0.0,0.0,0.0,0.0,0.0,
H37695,H,298.9,310.6,1519.0,38.8,213.0,0,0.0,0.0,0.0,0.0,0.0,
M23142,M,298.9,310.7,1638.0,33.6,218.0,0,0.0,0.0,0.0,0.0,0.0,
H37697,H,298.9,310.6,1615.0,33.0,221.0,0,0.0,0.0,0.0,0.0,0.0,
L55464,L,298.8,310.6,1651.0,33.3,0.0,0,0.0,0.0,0.0,0.0,0.0,
L55465,L,298.9,310.6,1387.0,52.7,2.0,0,0.0,0.0,0.0,0.0,0.0,
M23146,M,298.8,310.5,1678.0,32.8,4.0,0,0.0,0.0,0.0,0.0,0.0,
L55467,L,298.9,310.6,1585.0,38.1,7.0,0,0.0,0.0,0.0,0.0,0.0,
M23148,M,298.8,310.6,1640.0,33.8,9.0,0,0.0,0.0,0.0,0.0,0.0,
L55469,L,298.9,310.6,1406.0,43.8,12.0,0,0.0,0.0,0.0,0.0,0.0,
M23150,M,298.9,310.6,1679.0,35.8,14.0,0,0.0,0.0,0.0,0.0,0.0,
L55471,L,298.9,310.5,1717.0,26.9,17.0,0,0.0,0.0,0.0,0.0,0.0,
H37706,H,298.9,310.5,1429.0,39.9,19.0,0,0.0,0.0,0.0,0.0,0.0,
M23153,M,298.9,310.4,1533.0,44.4,24.0,0,0.0,0.0,0.0,0.0,0.0,
M23154,M,298.9,310.5,1525.0,38.5,27.0,0,0.0,0.0,0.0,0.0,0.0,
L55475,L,298.9,310.4,1739.0,26.3,30.0,0,0.0,0.0,0.0,0.0,0.0,
L55476,L,298.9,310.3,1436.0,39.0,32.0,0,0.0,0.0,0.0,0.0,0.0,
M23157,M,298.8,310.2,1595.0,33.1,34.0,0,0.0,0.0,0.0,0.0,0.0,
H37712,H,298.7,310.1,1435.0,45.6,37.0,0,0.0,0.0,0.0,0.0,0.0,
L55479,L,298.7,310.0,1637.0,31.8,42.0,0,0.0,0.0,0.0,0.0,0.0,
L55480,L,298.7,310.1,1558.0,37.6,44.0,0,0.0,0.0,0.0,0.0,0.0,
M23161,M,298.7,310.1,1644.0,34.1,46.0,0,0.0,0.0,0.0,0.0,0.0,
L55482,L,298.7,310.1,1641.0,31.1,49.0,0,0.0,0.0,0.0,0.0,0.0,
L55483,L,298.8,310.2,1504.0,41.0,51.0,0,0.0,0.0,0.0,0.0,0.0,
M23164,M,298.7,310.1,1506.0,50.7,53.0,0,0.0,0.0,0.0,0.0,0.0,
H37719,H,298.8,310.1,1380.0,44.0,56.0,0,0.0,0.0,0.0,0.0,0.0,
M23166,M,298.7,310.1,1549.0,42.5,61.0,0,0.0,0.0,0.0,0.0,0.0,
M23167,M,298.7,310.1,1402.0,69.7,64.0,1,0.0,0.0,1.0,0.0,0.0,
L55488,L,298.7,310.1,1401.0,45.3,67.0,0,0.0,0.0,0.0,0.0,0.0,
M23169,M,298.7,310.0,1459.0,40.2,69.0,0,0.0,0.0,0.0,0.0,0.0,
L55490,L,298.7,309.9,1465.0,39.7,72.0,0,0.0,0.0,0.0,0.0,0.0,
M23171,M,298.8,310.0,1295.0,52.7,74.0,0,0.0,0.0,0.0,0.0,0.0,
M23172,M,298.8,310.0,1529.0,38.5,77.0,0,0.0,0.0,0.0,0.0,0.0,
M23173,M,298.8,310.0,1484.0,44.9,80.0,0,0.0,0.0,0.0,0.0,0.0,
L55494,L,298.8,309.9,1739.0,30.6,83.0,0,0.0,0.0,0.0,0.0,0.0,
H37729,H,298.7,309.8,1422.0,40.7,85.0,0,0.0,0.0,0.0,0.0,0.0,
L55496,L,298.8,309.8,1463.0,40.0,90.0,0,0.0,0.0,0.0,0.0,0.0,
L55497,L,298.7,309.7,1667.0,30.4,92.0,0,0.0,0.0,0.0,0.0,0.0,
H37732,H,298.7,309.7,1565.0,39.3,94.0,0,0.0,0.0,0.0,0.0,0.0,
L55499,L,298.7,309.7,1393.0,45.7,99.0,0,0.0,0.0,0.0,0.0,0.0,
M23180,M,298.8,309.7,1453.0,47.7,101.0,0,0.0,0.0,0.0,0.0,0.0,
L55501,L,298.8,309.6,1442.0,50.0,104.0,0,0.0,0.0,0.0,0.0,0.0,
L55502,L,298.7,309.6,1364.0,44.9,106.0,0,0.0,0.0,0.0,0.0,0.0,
H37737,H,298.7,309.5,1453.0,40.4,108.0,0,0.0,0.0,0.0,0.0,0.0,
M23184,M,298.7,309.5,1394.0,46.0,113.0,0,0.0,0.0,0.0,0.0,0.0,
M23185,M,298.7,309.5,1500.0,38.8,116.0,0,0.0,0.0,0.0,0.0,0.0,
H37740,H,298.6,309.5,1523.0,34.2,119.0,0,0.0,0.0,0.0,0.0,0.0,
M23187,M,298.7,309.6,1254.0,57.1,124.0,0,0.0,0.0,0.0,0.0,0.0,
L55508,L,298.6,309.5,1325.0,52.2,127.0,0,0.0,0.0,0.0,0.0,0.0,
L55509,L,298.8,309.7,1424.0,49.6,129.0,0,0.0,0.0,0.0,0.0,0.0,
L55510,L,298.8,309.7,1505.0,39.0,131.0,0,0.0,0.0,0.0,0.0,0.0,
M23191,M,298.8,309.7,1392.0,48.7,133.0,0,0.0,0.0,0.0,0.0,0.0,
L55512,L,298.8,309.7,1529.0,44.0,136.0,0,0.0,0.0,0.0,0.0,0.0,
M23193,M,298.8,309.7,1477.0,48.5,138.0,0,0.0,0.0,0.0,0.0,0.0,
M23194,M,298.8,309.7,1459.0,47.3,141.0,0,0.0,0.0,0.0,0.0,0.0,
M23195,M,299.0,309.8,2240.0,15.9,144.0,0,0.0,0.0,0.0,0.0,0.0,
L55516,L,298.9,309.7,1449.0,48.8,147.0,0,0.0,0.0,0.0,0.0,0.0,
M23197,M,298.8,309.7,1589.0,35.3,149.0,0,0.0,0.0,0.0,0.0,0.0,
L55518,L,298.8,309.7,1740.0,28.5,152.0,0,0.0,0.0,0.0,0.0,0.0,
M23199,M,298.8,309.7,1499.0,40.3,154.0,0,0.0,0.0,0.0,0.0,0.0,
M23200,M,298.8,309.7,1480.0,38.1,157.0,0,0.0,0.0,0.0,0.0,0.0,
L55521,L,298.8,309.7,1751.0,29.6,160.0,0,0.0,0.0,0.0,0.0,0.0,
L55522,L,298.7,309.7,1510.0,40.6,162.0,0,0.0,0.0,0.0,0.0,0.0,
H37757,H,298.8,309.8,1437.0,48.2,164.0,0,0.0,0.0,0.0,0.0,0.0,
L55524,L,298.8,309.7,1609.0,40.4,169.0,0,0.0,0.0,0.0,0.0,0.0,
H37759,H,298.8,309.8,1490.0,35.9,171.0,0,0.0,0.0,0.0,0.0,0.0,
L55526,L,298.7,309.7,1601.0,35.7,176.0,0,0.0,0.0,0.0,0.0,0.0,
L55527,L,298.7,309.6,1665.0,31.1,178.0,0,0.0,0.0,0.0,0.0,0.0,
M23208,M,298.7,309.6,1452.0,42.7,180.0,0,0.0,0.0,0.0,0.0,0.0,
M23209,M,298.7,309.5,1487.0,33.6,183.0,0,0.0,0.0,0.0,0.0,0.0,
M23210,M,298.7,309.6,1382.0,48.1,186.0,0,0.0,0.0,0.0,0.0,0.0,
M23211,M,298.7,309.6,1686.0,26.2,189.0,0,0.0,0.0,0.0,0.0,0.0,
L55532,L,298.6,309.6,1491.0,36.9,192.0,0,0.0,0.0,0.0,0.0,0.0,
L55533,L,298.7,309.6,1442.0,55.6,194.0,0,0.0,0.0,0.0,0.0,0.0,
L55534,L,298.6,309.6,1390.0,50.3,196.0,0,0.0,0.0,0.0,0.0,0.0,
L55535,L,298.7,309.6,1502.0,46.7,198.0,0,0.0,0.0,0.0,0.0,0.0,
M23216,M,298.6,309.6,1344.0,59.4,200.0,0,0.0,0.0,0.0,0.0,0.0,
L55537,L,298.5,309.5,1385.0,46.3,203.0,1,1.0,0.0,0.0,0.0,0.0,
L55538,L,298.7,309.7,1547.0,37.4,0.0,0,0.0,0.0,0.0,0.0,0.0,
M23219,M,298.6,309.6,1525.0,42.4,2.0,0,0.0,0.0,0.0,0.0,0.0,
L55540,L,298.6,309.6,1540.0,35.8,5.0,0,0.0,0.0,0.0,0.0,0.0,
L55541,L,298.6,309.5,1450.0,44.3,7.0,0,0.0,0.0,0.0,0.0,0.0,
L55542,L,298.6,309.6,1353.0,62.5,9.0,0,0.0,0.0,0.0,0.0,0.0,
L55543,L,298.8,309.7,1582.0,45.0,11.0,0,0.0,0.0,0.0,0.0,0.0,
L55544,L,298.9,309.8,1396.0,49.0,13.0,0,0.0,0.0,0.0,0.0,0.0,
M23225,M,298.8,309.8,1551.0,36.6,15.0,0,0.0,0.0,0.0,0.0,0.0,
M23226,M,298.9,309.8,1836.0,22.8,18.0,0,0.0,0.0,0.0,0.0,0.0,
L55547,L,298.9,309.8,1390.0,49.9,21.0,0,0.0,0.0,0.0,0.0,0.0,
L55548,L,298.9,309.8,1534.0,42.1,23.0,0,0.0,0.0,0.0,0.0,0.0,
L55549,L,298.8,309.7,1953.0,20.6,25.0,0,0.0,0.0,0.0,0.0,0.0,
L55550,L,298.8,309.8,1634.0,33.6,27.0,0,0.0,0.0,0.0,0.0,0.0,
L55551,L,298.7,309.7,1881.0,21.7,29.0,0,0.0,0.0,0.0,0.0,0.0,
M23232,M,298.8,309.7,1448.0,44.8,31.0,0,0.0,0.0,0.0,0.0,0.0,
M23233,M,298.7,309.7,1362.0,50.5,34.0,0,0.0,0.0,0.0,0.0,0.0,
L55554,L,298.8,309.7,1225.0,63.4,37.0,0,0.0,0.0,0.0,0.0,0.0,
M23235,M,298.8,309.6,1384.0,48.2,39.0,0,0.0,0.0,0.0,0.0,0.0,
L55556,L,298.8,309.8,1334.0,49.3,42.0,0,0.0,0.0,0.0,0.0,0.0,
L55557,L,298.8,309.7,1336.0,50.3,44.0,0,0.0,0.0,0.0,0.0,0.0,
M23238,M,298.8,309.9,1331.0,61.6,46.0,0,0.0,0.0,0.0,0.0,0.0,
L55559,L,298.8,309.9,1629.0,31.9,49.0,0,0.0,0.0,0.0,0.0,0.0,
L55560,L,298.9,310.0,1776.0,25.7,51.0,0,0.0,0.0,0.0,0.0,0.0,
H37795,H,298.8,310.0,1530.0,38.3,53.0,0,0.0,0.0,0.0,0.0,0.0,
L55562,L,298.9,310.0,1719.0,27.3,58.0,0,0.0,0.0,0.0,0.0,0.0,
M23243,M,298.8,309.9,1495.0,35.2,60.0,0,0.0,0.0,0.0,0.0,0.0,
L55564,L,298.8,309.7,1450.0,43.1,63.0,0,0.0,0.0,0.0,0.0,0.0,
H37799,H,298.8,309.8,1563.0,38.8,65.0,0,0.0,0.0,0.0,0.0,0.0,
M23246,M,298.9,309.9,1501.0,37.1,70.0,0,0.0,0.0,0.0,0.0,0.0,
L55567,L,298.8,309.9,1351.0,47.2,73.0,0,0.0,0.0,0.0,0.0,0.0,
L55568,L,298.9,309.9,1365.0,46.5,75.0,0,0.0,0.0,0.0,0.0,0.0,
L55569,L,298.8,309.9,1525.0,39.7,77.0,0,0.0,0.0,0.0,0.0,0.0,
M23250,M,298.8,309.8,1288.0,61.9,79.0,0,0.0,0.0,0.0,0.0,0.0,
L55571,L,298.6,309.6,1423.0,42.7,82.0,0,0.0,0.0,0.0,0.0,0.0,
M23252,M,298.5,309.6,1502.0,39.4,84.0,0,0.0,0.0,0.0,0.0,0.0,
L55573,L,298.5,309.5,1428.0,43.5,87.0,0,0.0,0.0,0.0,0.0,0.0,
M23254,M,298.6,309.5,1566.0,38.1,89.0,0,0.0,0.0,0.0,0.0,0.0,
M23255,M,298.5,309.5,1483.0,44.8,92.0,0,0.0,0.0,0.0,0.0,0.0,
H37810,H,298.6,309.6,1593.0,33.3,95.0,0,0.0,0.0,0.0,0.0,0.0,
L55577,L,298.5,309.6,1724.0,26.4,100.0,0,0.0,0.0,0.0,0.0,0.0,
L55578,L,298.5,309.7,2617.0,12.1,102.0,1,0.0,0.0,1.0,0.0,0.0,
L55579,L,298.6,309.7,1294.0,59.4,104.0,0,0.0,0.0,0.0,0.0,0.0,
L55580,L,298.6,309.6,1533.0,40.7,106.0,0,0.0,0.0,0.0,0.0,0.0,
H37815,H,298.5,309.4,1671.0,31.8,108.0,0,0.0,0.0,0.0,0.0,0.0,
L55582,L,298.5,309.5,1370.0,52.4,113.0,0,0.0,0.0,0.0,0.0,0.0,
L55583,L,298.5,309.6,1462.0,45.1,115.0,0,0.0,0.0,0.0,0.0,0.0,
L55584,L,298.4,309.5,1545.0,36.6,117.0,0,0.0,0.0,0.0,0.0,0.0,
M23265,M,298.4,309.5,1484.0,41.7,119.0,0,0.0,0.0,0.0,0.0,0.0,
M23266,M,298.4,309.5,1344.0,45.3,122.0,0,0.0,0.0,0.0,0.0,0.0,
L55587,L,298.4,309.5,1357.0,50.1,125.0,0,0.0,0.0,0.0,0.0,0.0,
M23268,M,298.5,309.6,1572.0,33.0,127.0,0,0.0,0.0,0.0,0.0,0.0,
L55589,L,298.5,309.6,1861.0,26.9,130.0,0,0.0,0.0,0.0,0.0,0.0,
L55590,L,298.5,309.5,1548.0,44.5,132.0,0,0.0,0.0,0.0,0.0,0.0,
L55591,L,298.6,309.8,1496.0,37.7,134.0,0,0.0,0.0,0.0,0.0,0.0,
M23272,M,298.6,309.7,1314.0,49.7,136.0,0,0.0,0.0,0.0,0.0,0.0,
M23273,M,298.6,309.7,1422.0,49.7,139.0,0,0.0,0.0,0.0,0.0,0.0,
L55594,L,298.6,309.8,1842.0,20.1,142.0,0,0.0,0.0,0.0,0.0,0.0,
M23275,M,298.7,309.9,1434.0,53.0,144.0,0,0.0,0.0,0.0,0.0,0.0,
M23276,M,298.8,310.1,1585.0,31.3,147.0,0,0.0,0.0,0.0,0.0,0.0,
H37831,H,298.8,310.1,1704.0,30.7,150.0,0,0.0,0.0,0.0,0.0,0.0,
L55598,L,298.9,310.2,1971.0,23.2,155.0,0,0.0,0.0,0.0,0.0,0.0,
L55599,L,299.0,310.3,1431.0,39.9,157.0,0,0.0,0.0,0.0,0.0,0.0,
L55600,L,298.9,310.4,1546.0,37.7,159.0,0,0.0,0.0,0.0,0.0,0.0,
L55601,L,298.9,310.3,1496.0,36.3,161.0,0,0.0,0.0,0.0,0.0,0.0,
H37836,H,298.9,310.3,1243.0,63.0,163.0,0,0.0,0.0,0.0,0.0,0.0,
L55603,L,299.0,310.4,1452.0,46.2,168.0,0,0.0,0.0,0.0,0.0,0.0,
L55604,L,299.1,310.6,1380.0,44.7,170.0,0,0.0,0.0,0.0,0.0,0.0,
L55605,L,299.2,310.6,1567.0,38.4,172.0,0,0.0,0.0,0.0,0.0,0.0,
L55606,L,299.1,310.5,1628.0,35.9,174.0,0,0.0,0.0,0.0,0.0,0.0,
L55607,L,299.1,310.4,1505.0,46.1,176.0,0,0.0,0.0,0.0,0.0,0.0,
M23288,M,299.0,310.3,1827.0,28.0,178.0,0,0.0,0.0,0.0,0.0,0.0,
L55609,L,299.0,310.3,1577.0,40.0,181.0,0,0.0,0.0,0.0,0.0,0.0,
L55610,L,298.9,310.2,1304.0,57.2,183.0,0,0.0,0.0,0.0,0.0,0.0,
H37845,H,298.9,310.1,1324.0,54.6,185.0,0,0.0,0.0,0.0,0.0,0.0,
L55612,L,298.8,310.0,1537.0,39.9,190.0,0,0.0,0.0,0.0,0.0,0.0,
M23293,M,298.8,310.1,1501.0,48.7,192.0,0,0.0,0.0,0.0,0.0,0.0,
M23294,M,298.7,309.9,1654.0,29.1,195.0,0,0.0,0.0,0.0,0.0,0.0,
M23295,M,298.7,310.0,1519.0,38.1,198.0,0,0.0,0.0,0.0,0.0,0.0,
L55616,L,298.7,309.9,1371.0,51.3,201.0,0,0.0,0.0,0.0,0.0,0.0,
L55617,L,298.7,309.8,1181.0,65.9,203.0,1,0.0,0.0,0.0,1.0,0.0,
L55618,L,298.6,309.8,1469.0,42.8,205.0,0,0.0,0.0,0.0,0.0,0.0,
L55619,L,298.6,309.8,1637.0,34.6,207.0,0,0.0,0.0,0.0,0.0,0.0,
L55620,L,298.6,309.8,1370.0,56.0,0.0,0,0.0,0.0,0.0,0.0,0.0,
L55621,L,298.6,309.9,1630.0,30.6,2.0,0,0.0,0.0,0.0,0.0,0.0,
L55622,L,298.6,310.0,1517.0,39.0,4.0,0,0.0,0.0,0.0,0.0,0.0,
M23303,M,298.6,309.9,1668.0,32.3,6.0,0,0.0,0.0,0.0,0.0,0.0,
M23304,M,298.6,309.9,1818.0,24.9,9.0,0,0.0,0.0,0.0,0.0,0.0,
M23305,M,298.6,310.0,1541.0,36.9,12.0,0,0.0,0.0,0.0,0.0,0.0,
L55626,L,298.5,309.9,1482.0,42.1,15.0,0,0.0,0.0,0.0,0.0,0.0,
L55627,L,298.6,310.1,1439.0,49.9,17.0,0,0.0,0.0,0.0,0.0,0.0,
L55628,L,298.5,310.0,1492.0,41.2,19.0,0,0.0,0.0,0.0,0.0,0.0,
L55629,L,298.4,309.9,1725.0,27.8,21.0,0,0.0,0.0,0.0,0.0,0.0,
L55630,L,298.4,310.0,1559.0,44.2,23.0,0,0.0,0.0,0.0,0.0,0.0,
L55631,L,298.5,310.0,1435.0,42.5,25.0,0,0.0,0.0,0.0,0.0,0.0,
M23312,M,298.6,310.0,1512.0,37.5,27.0,0,0.0,0.0,0.0,0.0,0.0,
L55633,L,298.6,309.9,1564.0,37.1,30.0,0,0.0,0.0,0.0,0.0,0.0,
L55634,L,298.6,310.0,1522.0,40.3,32.0,0,0.0,0.0,0.0,0.0,0.0,
L55635,L,298.6,309.9,1356.0,59.5,34.0,0,0.0,0.0,0.0,0.0,0.0,
L55636,L,298.6,309.9,1556.0,38.6,36.0,0,0.0,0.0,0.0,0.0,0.0,
L55637,L,298.6,309.9,1393.0,45.5,38.0,0,0.0,0.0,0.0,0.0,0.0,
L55638,L,298.7,309.9,1753.0,26.8,40.0,0,0.0,0.0,0.0,0.0,0.0,
L55639,L,298.7,309.9,1651.0,29.5,42.0,0,0.0,0.0,0.0,0.0,0.0,
L55640,L,298.7,309.9,1372.0,54.7,44.0,0,0.0,0.0,0.0,0.0,0.0,
L55641,L,298.7,309.9,1446.0,43.3,46.0,0,0.0,0.0,0.0,0.0,0.0,
M23322,M,298.7,309.8,1501.0,44.7,48.0,0,0.0,0.0,0.0,0.0,0.0,
M23323,M,298.7,309.9,1411.0,45.1,51.0,0,0.0,0.0,0.0,0.0,0.0,
H37878,H,298.6,309.7,1672.0,27.5,54.0,0,0.0,0.0,0.0,0.0,0.0,
M23325,M,298.7,309.8,1475.0,40.5,59.0,0,0.0,0.0,0.0,0.0,0.0,
L55646,L,298.7,309.8,1469.0,38.4,62.0,0,0.0,0.0,0.0,0.0,0.0,
L55647,L,298.6,309.8,1704.0,28.3,64.0,0,0.0,0.0,0.0,0.0,0.0,
H37882,H,298.6,309.7,1463.0,39.1,66.0,0,0.0,0.0,0.0,0.0,0.0,
M23329,M,298.6,309.7,1280.0,64.1,71.0,0,0.0,0.0,0.0,0.0,0.0,
L55650,L,298.7,309.9,1464.0,38.0,74.0,0,0.0,0.0,0.0,0.0,0.0,
L55651,L,298.6,309.8,1332.0,46.4,76.0,0,0.0,0.0,0.0,0.0,0.0,
L55652,L,298.5,309.7,1634.0,37.8,78.0,0,0.0,0.0,0.0,0.0,0.0,
M23333,M,298.6,309.8,1430.0,43.1,80.0,0,0.0,0.0,0.0,0.0,0.0,
M23334,M,298.5,309.7,1523.0,44.6,83.0,0,0.0,0.0,0.0,0.0,0.0,
M23335,M,298.5,309.7,1557.0,37.7,86.0,0,0.0,0.0,0.0,0.0,0.0,
L55656,L,298.5,309.6,1585.0,32.2,89.0,0,0.0,0.0,0.0,0.0,0.0,
H37891,H,298.5,309.6,1579.0,33.5,91.0,0,0.0,0.0,0.0,0.0,0.0,
M23338,M,298.5,309.7,1354.0,60.8,96.0,0,0.0,0.0,0.0,0.0,0.0,
L55659,L,298.6,309.7,1627.0,33.4,99.0,0,0.0,0.0,0.0,0.0,0.0,
L55660,L,298.4,309.6,1477.0,35.6,101.0,0,0.0,0.0,0.0,0.0,0.0,
M23341,M,298.3,309.4,1595.0,29.0,103.0,0,0.0,0.0,0.0,0.0,0.0,
L55662,L,298.4,309.5,1520.0,38.1,106.0,0,0.0,0.0,0.0,0.0,0.0,
L55663,L,298.3,309.4,1618.0,31.5,108.0,0,0.0,0.0,0.0,0.0,0.0,
L55664,L,298.4,309.5,1397.0,50.3,110.0,0,0.0,0.0,0.0,0.0,0.0,
L55665,L,298.4,309.5,1450.0,47.9,112.0,0,0.0,0.0,0.0,0.0,0.0,
M23346,M,298.5,309.5,1501.0,40.2,114.0,0,0.0,0.0,0.0,0.0,0.0,
L55667,L,298.4,309.4,1392.0,50.1,117.0,0,0.0,0.0,0.0,0.0,0.0,
L55668,L,298.4,309.4,1385.0,43.2,119.0,0,0.0,0.0,0.0,0.0,0.0,
L55669,L,298.4,309.4,1461.0,46.3,121.0,0,0.0,0.0,0.0,0.0,0.0,
M23350,M,298.5,309.6,1364.0,58.7,123.0,0,0.0,0.0,0.0,0.0,0.0,
L55671,L,298.5,309.5,1579.0,38.6,126.0,0,0.0,0.0,0.0,0.0,0.0,
M23352,M,298.4,309.5,1514.0,38.8,128.0,0,0.0,0.0,0.0,0.0,0.0,
M23353,M,298.3,309.5,1560.0,36.9,131.0,0,0.0,0.0,0.0,0.0,0.0,
L55674,L,298.3,309.5,1542.0,36.7,134.0,0,0.0,0.0,0.0,0.0,0.0,
L55675,L,298.3,309.4,1668.0,27.1,136.0,0,0.0,0.0,0.0,0.0,0.0,
M23356,M,298.3,309.4,1816.0,22.6,138.0,0,0.0,0.0,0.0,0.0,0.0,
M23357,M,298.3,309.4,1509.0,34.2,141.0,0,0.0,0.0,0.0,0.0,0.0,
L55678,L,298.4,309.6,1479.0,37.8,144.0,0,0.0,0.0,0.0,0.0,0.0,
L55679,L,298.4,309.6,1655.0,30.2,146.0,0,0.0,0.0,0.0,0.0,0.0,
L55680,L,298.3,309.5,1711.0,30.3,148.0,0,0.0,0.0,0.0,0.0,0.0,
L55681,L,298.4,309.7,1581.0,34.6,150.0,0,0.0,0.0,0.0,0.0,0.0,
H37916,H,298.6,309.8,1279.0,55.9,152.0,0,0.0,0.0,0.0,0.0,0.0,
L55683,L,298.5,309.8,1468.0,40.9,157.0,0,0.0,0.0,0.0,0.0,0.0,
L55684,L,298.4,309.7,1419.0,41.3,159.0,0,0.0,0.0,0.0,0.0,0.0,
L55685,L,298.4,309.7,1530.0,38.6,161.0,0,0.0,0.0,0.0,0.0,0.0,
L55686,L,298.4,309.6,1710.0,27.3,163.0,1,0.0,0.0,0.0,0.0,0.0,
L55687,L,298.4,309.7,1518.0,39.8,165.0,0,0.0,0.0,0.0,0.0,0.0,
M23368,M,298.4,309.7,1679.0,33.3,167.0,0,0.0,0.0,0.0,0.0,0.0,
M23369,M,298.4,309.7,1870.0,22.5,170.0,0,0.0,0.0,0.0,0.0,0.0,
L55690,L,298.3,309.7,1484.0,44.3,173.0,0,0.0,0.0,0.0,0.0,0.0,
L55691,L,298.4,309.7,1457.0,44.2,175.0,0,0.0,0.0,0.0,0.0,0.0,
H37926,H,298.3,309.6,1546.0,36.2,177.0,0,0.0,0.0,0.0,0.0,0.0,
M23373,M,298.2,309.5,1478.0,36.5,182.0,0,0.0,0.0,0.0,0.0,0.0,
L55694,L,298.2,309.4,1447.0,47.1,185.0,0,0.0,0.0,0.0,0.0,0.0,
L55695,L,298.2,309.4,1443.0,45.4,187.0,0,0.0,0.0,0.0,0.0,0.0,
L55696,L,298.3,309.6,1527.0,30.9,189.0,0,0.0,0.0,0.0,0.0,0.0,
M23377,M,298.3,309.6,1469.0,54.8,191.0,0,0.0,0.0,0.0,0.0,0.0,
M23378,M,298.3,309.6,1681.0,27.1,194.0,0,0.0,0.0,0.0,0.0,0.0,
L55699,L,298.3,309.6,1420.0,44.1,197.0,0,0.0,0.0,0.0,0.0,0.0,
M23380,M,298.3,309.5,1543.0,49.9,199.0,0,0.0,0.0,0.0,0.0,0.0,
L55701,L,298.4,309.5,1376.0,50.4,202.0,0,0.0,0.0,0.0,0.0,0.0,
H37936,H,298.3,309.4,1631.0,29.8,0.0,0,0.0,0.0,0.0,0.0,0.0,
H37937,H,298.3,309.3,1529.0,41.7,5.0,0,0.0,0.0,0.0,0.0,0.0,
L55704,L,298.3,309.4,1468.0,46.2,10.0,0,0.0,0.0,0.0,0.0,0.0,
L55705,L,298.3,309.4,1378.0,52.3,12.0,0,0.0,0.0,0.0,0.0,0.0,
L55706,L,298.3,309.3,1401.0,51.9,14.0,0,0.0,0.0,0.0,0.0,0.0,
L55707,L,298.4,309.3,1531.0,37.4,16.0,0,0.0,0.0,0.0,0.0,0.0,
L55708,L,298.4,309.3,1512.0,35.8,18.0,0,0.0,0.0,0.0,0.0,0.0,
M23389,M,298.5,309.4,1522.0,47.4,20.0,0,0.0,0.0,0.0,0.0,0.0,
M23390,M,298.5,309.3,1615.0,31.8,23.0,0,0.0,0.0,0.0,0.0,0.0,
L55711,L,298.6,309.3,1449.0,46.5,26.0,0,0.0,0.0,0.0,0.0,0.0,
L55712,L,298.6,309.4,1315.0,55.5,28.0,0,0.0,0.0,0.0,0.0,0.0,
M23393,M,298.6,309.4,1465.0,41.1,30.0,0,0.0,0.0,0.0,0.0,0.0,
M23394,M,298.6,309.5,1404.0,43.3,33.0,0,0.0,0.0,0.0,0.0,0.0,
L55715,L,298.6,309.5,1547.0,44.8,36.0,0,0.0,0.0,0.0,0.0,0.0,
M23396,M,298.6,309.5,1426.0,45.4,38.0,0,0.0,0.0,0.0,0.0,0.0,
L55717,L,298.6,309.5,1730.0,30.2,41.0,0,0.0,0.0,0.0,0.0,0.0,
L55718,L,298.5,309.4,1548.0,37.7,43.0,0,0.0,0.0,0.0,0.0,0.0,
L55719,L,298.5,309.4,1517.0,40.2,45.0,0,0.0,0.0,0.0,0.0,0.0,
L55720,L,298.6,309.5,1687.0,29.3,47.0,0,0.0,0.0,0.0,0.0,0.0,
L55721,L,298.5,309.5,1738.0,25.2,49.0,0,0.0,0.0,0.0,0.0,0.0,
H37956,H,298.4,309.4,1512.0,35.3,51.0,0,0.0,0.0,0.0,0.0,0.0,
M23403,M,298.5,309.4,1365.0,48.7,56.0,0,0.0,0.0,0.0,0.0,0.0,
H37958,H,298.5,309.4,2011.0,21.0,59.0,0,0.0,0.0,0.0,0.0,0.0,
L55725,L,298.4,309.3,1806.0,27.6,64.0,0,0.0,0.0,0.0,0.0,0.0,
L55726,L,298.4,309.3,1716.0,28.4,66.0,0,0.0,0.0,0.0,0.0,0.0,
M23407,M,298.4,309.4,1666.0,24.3,68.0,0,0.0,0.0,0.0,0.0,0.0,
L55728,L,298.5,309.4,1578.0,36.3,71.0,0,0.0,0.0,0.0,0.0,0.0,
L55729,L,298.3,309.3,1558.0,37.2,73.0,0,0.0,0.0,0.0,0.0,0.0,
L55730,L,298.3,309.2,1456.0,45.5,75.0,0,0.0,0.0,0.0,0.0,0.0,
M23411,M,298.2,309.1,1457.0,49.0,77.0,0,0.0,0.0,0.0,0.0,0.0,
L55732,L,298.2,309.1,1467.0,44.5,80.0,0,0.0,0.0,0.0,0.0,0.0,
M23413,M,298.1,309.0,1661.0,38.2,82.0,0,0.0,0.0,0.0,0.0,0.0,
L55734,L,298.1,309.0,1592.0,33.9,85.0,0,0.0,0.0,0.0,0.0,0.0,
L55735,L,298.2,309.0,1596.0,37.2,87.0,0,0.0,0.0,0.0,0.0,0.0,
L55736,L,298.2,309.0,1489.0,40.6,89.0,0,0.0,0.0,0.0,0.0,0.0,
L55737,L,298.3,309.0,1471.0,48.3,91.0,0,0.0,0.0,0.0,0.0,0.0,
M23418,M,298.3,309.0,1505.0,41.3,93.0,0,0.0,0.0,0.0,0.0,0.0,
L55739,L,298.3,309.0,1519.0,40.0,96.0,0,0.0,0.0,0.0,0.0,0.0,
L55740,L,298.3,309.0,1408.0,45.4,98.0,0,0.0,0.0,0.0,0.0,0.0,
L55741,L,298.2,308.9,1332.0,44.4,100.0,0,0.0,0.0,0.0,0.0,0.0,
L55742,L,298.1,308.9,1351.0,52.4,102.0,0,0.0,0.0,0.0,0.0,0.0,
L55743,L,298.0,308.9,1500.0,36.7,104.0,0,0.0,0.0,0.0,0.0,0.0,
M23424,M,298.0,308.7,1614.0,30.7,106.0,0,0.0,0.0,0.0,0.0,0.0,
L55745,L,298.0,308.8,1489.0,36.5,109.0,0,0.0,0.0,0.0,0.0,0.0,
M23426,M,297.9,308.7,1751.0,26.6,111.0,0,0.0,0.0,0.0,0.0,0.0,
L55747,L,298.0,308.7,1511.0,45.8,114.0,0,0.0,0.0,0.0,0.0,0.0,
L55748,L,297.9,308.6,1691.0,29.6,116.0,0,0.0,0.0,0.0,0.0,0.0,
L55749,L,297.9,308.6,1757.0,27.5,118.0,0,0.0,0.0,0.0,0.0,0.0,
H37984,H,297.9,308.7,1545.0,35.9,120.0,0,0.0,0.0,0.0,0.0,0.0,
L55751,L,297.9,308.6,2262.0,15.7,125.0,0,0.0,0.0,0.0,0.0,0.0,
M23432,M,297.7,308.5,1559.0,35.2,127.0,0,0.0,0.0,0.0,0.0,0.0,
L55753,L,297.6,308.4,1626.0,32.4,130.0,0,0.0,0.0,0.0,0.0,0.0,
L55754,L,297.6,308.3,1424.0,53.9,132.0,0,0.0,0.0,0.0,0.0,0.0,
M23435,M,297.6,308.3,1648.0,29.1,134.0,0,0.0,0.0,0.0,0.0,0.0,
L55756,L,297.6,308.3,1523.0,39.5,137.0,0,0.0,0.0,0.0,0.0,0.0,
L55757,L,297.6,308.3,1502.0,43.2,139.0,0,0.0,0.0,0.0,0.0,0.0,
L55758,L,297.5,308.2,1489.0,40.7,141.0,0,0.0,0.0,0.0,0.0,0.0,
M23439,M,297.4,308.1,1620.0,31.2,143.0,0,0.0,0.0,0.0,0.0,0.0,
L55760,L,297.5,308.1,1631.0,30.6,146.0,0,0.0,0.0,0.0,0.0,0.0,
M23441,M,297.5,308.0,1429.0,45.8,148.0,0,0.0,0.0,0.0,0.0,0.0,
M23442,M,297.5,308.1,1334.0,72.0,151.0,1,0.0,0.0,1.0,0.0,0.0,
L55763,L,297.4,308.0,1423.0,38.0,154.0,0,0.0,0.0,0.0,0.0,0.0,
L55764,L,297.4,307.9,1390.0,47.7,156.0,0,0.0,0.0,0.0,0.0,0.0,
M23445,M,297.4,307.9,1338.0,48.5,158.0,0,0.0,0.0,0.0,0.0,0.0,
H38000,H,297.3,307.9,1461.0,37.5,161.0,0,0.0,0.0,0.0,0.0,0.0,
M23447,M,297.4,307.9,1627.0,34.3,166.0,0,0.0,0.0,0.0,0.0,0.0,
L55768,L,297.3,307.8,1385.0,44.4,169.0,0,0.0,0.0,0.0,0.0,0.0,
M23449,M,297.3,307.8,1538.0,48.0,171.0,0,0.0,0.0,0.0,0.0,0.0,
L55770,L,297.4,307.9,1557.0,35.5,174.0,0,0.0,0.0,0.0,0.0,0.0,
L55771,L,297.4,307.9,1606.0,33.4,176.0,0,0.0,0.0,0.0,0.0,0.0,
M23452,M,297.5,308.0,1430.0,44.5,178.0,0,0.0,0.0,0.0,0.0,0.0,
M23453,M,297.4,308.0,1601.0,34.6,181.0,0,0.0,0.0,0.0,0.0,0.0,
L55774,L,297.4,308.0,1356.0,51.9,184.0,0,0.0,0.0,0.0,0.0,0.0,
M23455,M,297.5,308.2,1624.0,30.9,186.0,0,0.0,0.0,0.0,0.0,0.0,
L55776,L,297.5,308.2,1327.0,56.5,189.0,0,0.0,0.0,0.0,0.0,0.0,
L55777,L,297.6,308.3,1410.0,47.0,191.0,0,0.0,0.0,0.0,0.0,0.0,
L55778,L,297.6,308.3,1478.0,42.3,193.0,0,0.0,0.0,0.0,0.0,0.0,
L55779,L,297.6,308.4,1460.0,40.3,195.0,0,0.0,0.0,0.0,0.0,0.0,
L55780,L,297.5,308.3,1435.0,40.3,197.0,0,0.0,0.0,0.0,0.0,0.0,
H38015,H,297.4,308.2,1359.0,46.9,199.0,0,0.0,0.0,0.0,0.0,0.0,
L55782,L,297.4,308.1,1729.0,31.7,204.0,0,0.0,0.0,0.0,0.0,0.0,
H38017,H,297.3,308.0,1384.0,49.1,206.0,0,0.0,0.0,0.0,0.0,0.0,
L55784,L,297.4,308.2,1297.0,52.1,211.0,0,0.0,0.0,0.0,0.0,0.0,
L55785,L,297.5,308.4,1633.0,33.3,213.0,0,0.0,0.0,0.0,0.0,0.0,
M23466,M,297.5,308.4,1505.0,37.2,215.0,0,0.0,0.0,0.0,0.0,0.0,
L55787,L,297.5,308.4,1433.0,50.0,218.0,0,0.0,0.0,0.0,0.0,0.0,
L55788,L,297.4,308.4,1369.0,50.6,220.0,1,0.0,0.0,0.0,1.0,0.0,
L55789,L,297.4,308.3,1475.0,40.5,222.0,1,1.0,0.0,0.0,0.0,0.0,
L55790,L,297.4,308.3,1561.0,38.3,0.0,0,0.0,0.0,0.0,0.0,0.0,
L55791,L,297.4,308.3,1472.0,45.5,2.0,0,0.0,0.0,0.0,0.0,0.0,
L55792,L,297.5,308.4,1441.0,44.5,4.0,0,0.0,0.0,0.0,0.0,0.0,
M23473,M,297.5,308.5,1401.0,50.5,6.0,0,0.0,0.0,0.0,0.0,0.0,
L55794,L,297.5,308.5,1691.0,33.1,9.0,0,0.0,0.0,0.0,0.0,0.0,
L55795,L,297.6,308.6,1382.0,47.1,11.0,0,0.0,0.0,0.0,0.0,0.0,
L55796,L,297.6,308.6,1355.0,46.4,13.0,0,0.0,0.0,0.0,0.0,0.0,
L55797,L,297.6,308.6,1529.0,45.3,15.0,0,0.0,0.0,0.0,0.0,0.0,
L55798,L,297.7,308.7,1829.0,24.9,17.0,0,0.0,0.0,0.0,0.0,0.0,
H38033,H,297.6,308.6,1480.0,39.8,19.0,0,0.0,0.0,0.0,0.0,0.0,
L55800,L,297.6,308.5,1475.0,42.4,24.0,0,0.0,0.0,0.0,0.0,0.0,
M23481,M,297.6,308.5,1431.0,52.6,26.0,0,0.0,0.0,0.0,0.0,0.0,
L55802,L,297.5,308.3,1437.0,42.3,29.0,0,0.0,0.0,0.0,0.0,0.0,
M23483,M,297.5,308.3,1476.0,45.6,31.0,0,0.0,0.0,0.0,0.0,0.0,
H38038,H,297.5,308.4,1490.0,39.7,34.0,0,0.0,0.0,0.0,0.0,0.0,
L55805,L,297.4,308.3,1632.0,33.5,39.0,0,0.0,0.0,0.0,0.0,0.0,
L55806,L,297.4,308.2,1402.0,49.7,41.0,0,0.0,0.0,0.0,0.0,0.0,
L55807,L,297.4,308.3,1347.0,45.8,43.0,0,0.0,0.0,0.0,0.0,0.0,
L55808,L,297.5,308.4,1747.0,31.0,45.0,0,0.0,0.0,0.0,0.0,0.0,
H38043,H,297.5,308.5,1557.0,39.1,47.0,0,0.0,0.0,0.0,0.0,0.0,
L55810,L,297.4,308.4,1371.0,57.4,52.0,0,0.0,0.0,0.0,0.0,0.0,
H38045,H,297.3,308.3,1506.0,37.0,54.0,0,0.0,0.0,0.0,0.0,0.0,
L55812,L,297.3,308.3,1590.0,35.5,59.0,0,0.0,0.0,0.0,0.0,0.0,
L55813,L,297.4,308.3,1336.0,53.7,61.0,0,0.0,0.0,0.0,0.0,0.0,
L55814,L,297.3,308.3,1411.0,43.2,63.0,0,0.0,0.0,0.0,0.0,0.0,
L55815,L,297.4,308.3,1704.0,27.3,65.0,0,0.0,0.0,0.0,0.0,0.0,
L55816,L,297.5,308.4,1723.0,27.3,67.0,0,0.0,0.0,0.0,0.0,0.0,
L55817,L,297.5,308.5,1459.0,39.7,69.0,0,0.0,0.0,0.0,0.0,0.0,
L55818,L,297.6,308.5,1572.0,35.9,71.0,0,0.0,0.0,0.0,0.0,0.0,
L55819,L,297.5,308.4,1384.0,56.0,73.0,0,0.0,0.0,0.0,0.0,0.0,
L55820,L,297.6,308.6,1383.0,47.5,75.0,0,0.0,0.0,0.0,0.0,0.0,
M23501,M,297.6,308.5,1360.0,48.6,77.0,0,0.0,0.0,0.0,0.0,0.0,
M23502,M,297.5,308.4,1596.0,36.6,80.0,0,0.0,0.0,0.0,0.0,0.0,
L55823,L,297.5,308.5,1448.0,54.3,83.0,0,0.0,0.0,0.0,0.0,0.0,
M23504,M,297.6,308.5,1443.0,38.2,85.0,0,0.0,0.0,0.0,0.0,0.0,
M23505,M,297.6,308.6,1492.0,35.5,88.0,0,0.0,0.0,0.0,0.0,0.0,
L55826,L,297.5,308.6,1497.0,43.9,91.0,0,0.0,0.0,0.0,0.0,0.0,
L55827,L,297.5,308.5,1530.0,38.5,93.0,0,0.0,0.0,0.0,0.0,0.0,
M23508,M,297.4,308.4,1478.0,46.2,95.0,0,0.0,0.0,0.0,0.0,0.0,
L55829,L,297.4,308.4,1328.0,61.8,98.0,0,0.0,0.0,0.0,0.0,0.0,
H38064,H,297.4,308.3,1771.0,27.4,100.0,0,0.0,0.0,0.0,0.0,0.0,
M23511,M,297.4,308.4,1564.0,35.0,105.0,0,0.0,0.0,0.0,0.0,0.0,
H38066,H,297.3,308.3,1461.0,41.5,108.0,0,0.0,0.0,0.0,0.0,0.0,
M23513,M,297.4,308.3,1335.0,57.9,113.0,0,0.0,0.0,0.0,0.0,0.0,
M23514,M,297.4,308.4,1441.0,46.8,116.0,0,0.0,0.0,0.0,0.0,0.0,
L55835,L,297.3,308.3,1268.0,60.6,119.0,0,0.0,0.0,0.0,0.0,0.0,
M23516,M,297.3,308.3,1697.0,27.4,121.0,0,0.0,0.0,0.0,0.0,0.0,
L55837,L,297.4,308.4,1421.0,46.0,124.0,0,0.0,0.0,0.0,0.0,0.0,
L55838,L,297.4,308.5,1496.0,36.4,126.0,0,0.0,0.0,0.0,0.0,0.0,
L55839,L,297.5,308.5,1375.0,55.6,128.0,0,0.0,0.0,0.0,0.0,0.0,
L55840,L,297.4,308.5,1295.0,52.1,130.0,0,0.0,0.0,0.0,0.0,0.0,
L55841,L,297.4,308.5,1643.0,33.8,132.0,0,0.0,0.0,0.0,0.0,0.0,
L55842,L,297.5,308.6,1514.0,36.9,134.0,0,0.0,0.0,0.0,0.0,0.0,
L55843,L,297.5,308.6,1671.0,29.4,136.0,0,0.0,0.0,0.0,0.0,0.0,
H38078,H,297.5,308.6,1355.0,58.9,138.0,0,0.0,0.0,0.0,0.0,0.0,
L55845,L,297.6,308.7,1365.0,50.6,143.0,0,0.0,0.0,0.0,0.0,0.0,
L55846,L,297.5,308.7,1407.0,42.5,145.0,0,0.0,0.0,0.0,0.0,0.0,
M23527,M,297.5,308.8,1455.0,46.1,147.0,0,0.0,0.0,0.0,0.0,0.0,
L55848,L,297.5,308.8,1502.0,45.9,150.0,0,0.0,0.0,0.0,0.0,0.0,
M23529,M,297.5,308.8,1471.0,52.3,152.0,0,0.0,0.0,0.0,0.0,0.0,
L55850,L,297.5,308.9,1581.0,30.4,155.0,0,0.0,0.0,0.0,0.0,0.0,
L55851,L,297.5,308.8,1530.0,37.8,157.0,0,0.0,0.0,0.0,0.0,0.0,
L55852,L,297.5,308.8,1312.0,50.3,159.0,0,0.0,0.0,0.0,0.0,0.0,
L55853,L,297.4,308.6,1494.0,42.6,161.0,0,0.0,0.0,0.0,0.0,0.0,
M23534,M,297.4,308.6,1528.0,29.1,163.0,0,0.0,0.0,0.0,0.0,0.0,
H38089,H,297.3,308.6,1688.0,29.4,166.0,0,0.0,0.0,0.0,0.0,0.0,
M23536,M,297.3,308.5,1520.0,42.4,171.0,0,0.0,0.0,0.0,0.0,0.0,
M23537,M,297.3,308.5,1664.0,28.9,174.0,0,0.0,0.0,0.0,0.0,0.0,
L55858,L,297.3,308.5,1514.0,44.5,177.0,0,0.0,0.0,0.0,0.0,0.0,
L55859,L,297.3,308.5,1456.0,54.2,179.0,0,0.0,0.0,0.0,0.0,0.0,
L55860,L,297.2,308.5,1494.0,39.6,181.0,0,0.0,0.0,0.0,0.0,0.0,
L55861,L,297.2,308.4,1605.0,30.0,183.0,0,0.0,0.0,0.0,0.0,0.0,
M23542,M,297.2,308.5,1353.0,46.5,185.0,0,0.0,0.0,0.0,0.0,0.0,
L55863,L,297.2,308.5,1447.0,47.9,188.0,0,0.0,0.0,0.0,0.0,0.0,
L55864,L,297.2,308.5,1588.0,40.4,190.0,0,0.0,0.0,0.0,0.0,0.0,
H38099,H,297.2,308.5,1524.0,41.4,192.0,0,0.0,0.0,0.0,0.0,0.0,
M23546,M,297.2,308.5,1611.0,31.6,197.0,0,0.0,0.0,0.0,0.0,0.0,
M23547,M,297.2,308.5,1604.0,34.9,200.0,0,0.0,0.0,0.0,0.0,0.0,
L55868,L,297.1,308.5,1483.0,46.9,203.0,0,0.0,0.0,0.0,0.0,0.0,
L55869,L,297.1,308.4,1543.0,39.6,205.0,0,0.0,0.0,0.0,0.0,0.0,
L55870,L,297.1,308.5,1323.0,44.4,207.0,1,1.0,0.0,0.0,0.0,0.0,
L55871,L,297.1,308.5,1555.0,36.2,0.0,0,0.0,0.0,0.0,0.0,0.0,
L55872,L,297.1,308.4,1583.0,31.9,2.0,0,0.0,0.0,0.0,0.0,0.0,
M23553,M,297.2,308.5,1584.0,40.0,4.0,0,0.0,0.0,0.0,0.0,0.0,
L55874,L,297.2,308.5,1766.0,25.8,7.0,0,0.0,0.0,0.0,0.0,0.0,
M23555,M,297.2,308.6,1498.0,44.4,9.0,0,0.0,0.0,0.0,0.0,0.0,
L55876,L,297.2,308.6,1413.0,49.8,12.0,0,0.0,0.0,0.0,0.0,0.0,
L55877,L,297.3,308.6,1505.0,33.5,14.0,0,0.0,0.0,0.0,0.0,0.0,
H38112,H,297.3,308.7,1438.0,46.2,16.0,0,0.0,0.0,0.0,0.0,0.0,
M23559,M,297.3,308.7,1655.0,34.1,21.0,0,0.0,0.0,0.0,0.0,0.0,
M23560,M,297.3,308.7,1451.0,43.8,24.0,0,0.0,0.0,0.0,0.0,0.0,
M23561,M,297.3,308.7,1466.0,38.4,27.0,0,0.0,0.0,0.0,0.0,0.0,
L55882,L,297.2,308.6,1774.0,23.0,30.0,0,0.0,0.0,0.0,0.0,0.0,
M23563,M,297.2,308.6,1284.0,51.3,32.0,0,0.0,0.0,0.0,0.0,0.0,
L55884,L,297.1,308.5,1425.0,40.0,35.0,0,0.0,0.0,0.0,0.0,0.0,
L55885,L,297.2,308.6,1437.0,52.4,37.0,0,0.0,0.0,0.0,0.0,0.0,
L55886,L,297.2,308.6,1335.0,53.0,39.0,0,0.0,0.0,0.0,0.0,0.0,
L55887,L,297.2,308.5,1471.0,41.7,41.0,0,0.0,0.0,0.0,0.0,0.0,
M23568,M,297.2,308.5,1364.0,54.0,43.0,0,0.0,0.0,0.0,0.0,0.0,
L55889,L,297.1,308.5,1578.0,35.6,46.0,0,0.0,0.0,0.0,0.0,0.0,
L55890,L,297.1,308.5,1712.0,32.1,48.0,0,0.0,0.0,0.0,0.0,0.0,
L55891,L,297.1,308.5,1733.0,28.7,50.0,0,0.0,0.0,0.0,0.0,0.0,
L55892,L,297.2,308.6,1652.0,32.1,52.0,0,0.0,0.0,0.0,0.0,0.0,
L55893,L,297.2,308.6,1917.0,24.1,54.0,0,0.0,0.0,0.0,0.0,0.0,
M23574,M,297.2,308.6,1444.0,41.1,56.0,0,0.0,0.0,0.0,0.0,0.0,
L55895,L,297.1,308.6,1442.0,37.1,59.0,0,0.0,0.0,0.0,0.0,0.0,
M23576,M,297.1,308.6,1717.0,31.3,61.0,0,0.0,0.0,0.0,0.0,0.0,
L55897,L,297.1,308.7,1474.0,42.3,64.0,0,0.0,0.0,0.0,0.0,0.0,
L55898,L,297.2,308.7,1509.0,39.3,66.0,0,0.0,0.0,0.0,0.0,0.0,
L55899,L,297.2,308.8,1451.0,43.1,68.0,0,0.0,0.0,0.0,0.0,0.0,
L55900,L,297.3,308.8,1554.0,36.1,70.0,0,0.0,0.0,0.0,0.0,0.0,
L55901,L,297.2,308.7,1669.0,30.7,72.0,0,0.0,0.0,0.0,0.0,0.0,
L55902,L,297.2,308.6,1366.0,50.4,74.0,0,0.0,0.0,0.0,0.0,0.0,
L55903,L,297.2,308.6,1578.0,34.4,76.0,0,0.0,0.0,0.0,0.0,0.0,
M23584,M,297.2,308.6,1513.0,39.0,78.0,0,0.0,0.0,0.0,0.0,0.0,
M23585,M,297.1,308.5,1515.0,42.1,81.0,0,0.0,0.0,0.0,0.0,0.0,
L55906,L,297.2,308.6,1562.0,33.0,84.0,0,0.0,0.0,0.0,0.0,0.0,
L55907,L,297.2,308.7,1501.0,38.5,86.0,0,0.0,0.0,0.0,0.0,0.0,
M23588,M,297.2,308.7,1398.0,38.1,88.0,0,0.0,0.0,0.0,0.0,0.0,
L55909,L,297.3,308.7,1352.0,53.8,91.0,0,0.0,0.0,0.0,0.0,0.0,
H38144,H,297.3,308.7,1569.0,33.9,93.0,0,0.0,0.0,0.0,0.0,0.0,
H38145,H,297.2,308.6,1486.0,46.6,98.0,0,0.0,0.0,0.0,0.0,0.0,
L55912,L,297.2,308.6,1864.0,23.6,103.0,0,0.0,0.0,0.0,0.0,0.0,
M23593,M,297.3,308.7,1447.0,44.5,105.0,0,0.0,0.0,0.0,0.0,0.0,
L55914,L,297.2,308.6,1392.0,41.5,108.0,0,0.0,0.0,0.0,0.0,0.0,
L55915,L,297.3,308.6,1358.0,47.6,110.0,0,0.0,0.0,0.0,0.0,0.0,
L55916,L,297.3,308.7,1491.0,40.2,112.0,0,0.0,0.0,0.0,0.0,0.0,
L55917,L,297.3,308.7,1556.0,36.7,114.0,0,0.0,0.0,0.0,0.0,0.0,
L55918,L,297.3,308.7,1531.0,36.7,116.0,0,0.0,0.0,0.0,0.0,0.0,
H38153,H,297.4,308.7,1429.0,37.6,118.0,0,0.0,0.0,0.0,0.0,0.0,
M23600,M,297.4,308.8,1573.0,33.9,123.0,0,0.0,0.0,0.0,0.0,0.0,
L55921,L,297.4,308.8,1538.0,41.2,126.0,0,0.0,0.0,0.0,0.0,0.0,
L55922,L,297.4,308.8,1467.0,39.0,128.0,0,0.0,0.0,0.0,0.0,0.0,
H38157,H,297.4,308.7,1323.0,51.1,130.0,0,0.0,0.0,0.0,0.0,0.0,
M23604,M,297.4,308.7,1798.0,23.0,135.0,0,0.0,0.0,0.0,0.0,0.0,
L55925,L,297.4,308.6,1411.0,46.3,138.0,0,0.0,0.0,0.0,0.0,0.0,
L55926,L,297.3,308.5,1528.0,44.5,140.0,0,0.0,0.0,0.0,0.0,0.0,
L55927,L,297.3,308.5,1504.0,42.0,142.0,0,0.0,0.0,0.0,0.0,0.0,
L55928,L,297.3,308.5,1384.0,39.6,144.0,0,0.0,0.0,0.0,0.0,0.0,
L55929,L,297.2,308.4,1677.0,26.4,146.0,0,0.0,0.0,0.0,0.0,0.0,
L55930,L,297.3,308.5,1764.0,30.8,148.0,0,0.0,0.0,0.0,0.0,0.0,
M23611,M,297.4,308.5,1472.0,42.0,150.0,0,0.0,0.0,0.0,0.0,0.0,
M23612,M,297.4,308.5,1465.0,55.9,153.0,0,0.0,0.0,0.0,0.0,0.0,
M23613,M,297.4,308.6,1657.0,33.1,156.0,0,0.0,0.0,0.0,0.0,0.0,
L55934,L,297.4,308.6,1635.0,30.5,159.0,0,0.0,0.0,0.0,0.0,0.0,
M23615,M,297.4,308.7,1582.0,31.9,161.0,0,0.0,0.0,0.0,0.0,0.0,
L55936,L,297.5,308.7,1761.0,26.2,164.0,0,0.0,0.0,0.0,0.0,0.0,
L55937,L,297.5,308.8,1587.0,34.9,166.0,0,0.0,0.0,0.0,0.0,0.0,
M23618,M,297.5,308.7,1446.0,53.0,168.0,0,0.0,0.0,0.0,0.0,0.0,
M23619,M,297.5,308.7,1352.0,53.0,171.0,0,0.0,0.0,0.0,0.0,0.0,
M23620,M,297.4,308.7,1392.0,46.4,174.0,0,0.0,0.0,0.0,0.0,0.0,
L55941,L,297.5,308.8,1417.0,49.8,177.0,0,0.0,0.0,0.0,0.0,0.0,
H38176,H,297.5,308.8,1824.0,24.0,179.0,0,0.0,0.0,0.0,0.0,0.0,
L55943,L,297.5,308.8,1603.0,36.7,184.0,0,0.0,0.0,0.0,0.0,0.0,
L55944,L,297.4,308.8,1620.0,33.4,186.0,0,0.0,0.0,0.0,0.0,0.0,
L55945,L,297.4,308.8,1353.0,49.4,188.0,0,0.0,0.0,0.0,0.0,0.0,
L55946,L,297.5,308.8,1360.0,50.7,190.0,0,0.0,0.0,0.0,0.0,0.0,
L55947,L,297.5,308.6,1380.0,53.5,192.0,0,0.0,0.0,0.0,0.0,0.0,
M23628,M,297.5,308.7,1363.0,53.6,194.0,0,0.0,0.0,0.0,0.0,0.0,
M23629,M,297.4,308.6,1452.0,41.2,197.0,0,0.0,0.0,0.0,0.0,0.0,
L55950,L,297.4,308.6,1680.0,32.8,200.0,0,0.0,0.0,0.0,0.0,0.0,
L55951,L,297.5,308.6,1536.0,39.0,202.0,0,0.0,0.0,0.0,0.0,0.0,
L55952,L,297.5,308.6,1621.0,28.9,0.0,0,0.0,0.0,0.0,0.0,0.0,
L55953,L,297.5,308.6,1585.0,37.6,2.0,0,0.0,0.0,0.0,0.0,0.0,
M23634,M,297.6,308.7,1408.0,51.5,4.0,0,0.0,0.0,0.0,0.0,0.0,
H38189,H,297.5,308.6,1536.0,38.7,7.0,0,0.0,0.0,0.0,0.0,0.0,
L55956,L,297.5,308.6,1352.0,52.6,12.0,0,0.0,0.0,0.0,0.0,0.0,
H38191,H,297.5,308.6,1481.0,38.8,14.0,0,0.0,0.0,0.0,0.0,0.0,
L55958,L,297.5,308.7,1454.0,45.0,19.0,0,0.0,0.0,0.0,0.0,0.0,
M23639,M,297.5,308.6,1349.0,51.5,21.0,0,0.0,0.0,0.0,0.0,0.0,
M23640,M,297.5,308.6,1327.0,52.1,24.0,0,0.0,0.0,0.0,0.0,0.0,
L55961,L,297.6,308.7,1552.0,42.3,27.0,0,0.0,0.0,0.0,0.0,0.0,
L55962,L,297.5,308.7,1456.0,44.7,29.0,0,0.0,0.0,0.0,0.0,0.0,
M23643,M,297.6,308.6,1254.0,45.8,31.0,0,0.0,0.0,0.0,0.0,0.0,
L55964,L,297.5,308.6,1437.0,43.3,34.0,0,0.0,0.0,0.0,0.0,0.0,
L55965,L,297.5,308.6,1694.0,27.1,36.0,0,0.0,0.0,0.0,0.0,0.0,
L55966,L,297.5,308.5,1306.0,50.7,38.0,0,0.0,0.0,0.0,0.0,0.0,
M23647,M,297.5,308.5,1699.0,30.1,40.0,0,0.0,0.0,0.0,0.0,0.0,
L55968,L,297.4,308.5,1369.0,53.2,43.0,0,0.0,0.0,0.0,0.0,0.0,
L55969,L,297.4,308.5,1471.0,43.9,45.0,0,0.0,0.0,0.0,0.0,0.0,
L55970,L,297.4,308.5,1410.0,43.9,47.0,0,0.0,0.0,0.0,0.0,0.0,
M23651,M,297.4,308.5,1412.0,45.5,49.0,0,0.0,0.0,0.0,0.0,0.0,
L55972,L,297.4,308.5,1418.0,51.2,52.0,0,0.0,0.0,0.0,0.0,0.0,
L55973,L,297.4,308.5,1782.0,25.9,54.0,0,0.0,0.0,0.0,0.0,0.0,
M23654,M,297.4,308.5,1497.0,36.4,56.0,0,0.0,0.0,0.0,0.0,0.0,
L55975,L,297.3,308.4,1459.0,39.4,59.0,0,0.0,0.0,0.0,0.0,0.0,
L55976,L,297.2,308.3,1796.0,23.8,61.0,0,0.0,0.0,0.0,0.0,0.0,
L55977,L,297.2,308.3,1569.0,31.2,63.0,0,0.0,0.0,0.0,0.0,0.0,
L55978,L,297.3,308.4,1469.0,46.7,65.0,0,0.0,0.0,0.0,0.0,0.0,
L55979,L,297.3,308.4,1472.0,41.3,67.0,0,0.0,0.0,0.0,0.0,0.0,
L55980,L,297.4,308.5,1475.0,47.2,69.0,0,0.0,0.0,0.0,0.0,0.0,
L55981,L,297.4,308.6,1488.0,36.4,71.0,0,0.0,0.0,0.0,0.0,0.0,
L55982,L,297.4,308.6,1524.0,43.1,73.0,0,0.0,0.0,0.0,0.0,0.0,
L55983,L,297.4,308.5,1486.0,48.6,75.0,0,0.0,0.0,0.0,0.0,0.0,
M23664,M,297.5,308.6,1255.0,60.7,77.0,0,0.0,0.0,0.0,0.0,0.0,
M23665,M,297.4,308.6,1469.0,42.6,80.0,0,0.0,0.0,0.0,0.0,0.0,
L55986,L,297.4,308.5,1692.0,34.3,83.0,0,0.0,0.0,0.0,0.0,0.0,
M23667,M,297.4,308.6,1604.0,32.8,85.0,0,0.0,0.0,0.0,0.0,0.0,
L55988,L,297.4,308.6,1446.0,48.1,88.0,0,0.0,0.0,0.0,0.0,0.0,
L55989,L,297.3,308.5,1503.0,43.3,90.0,0,0.0,0.0,0.0,0.0,0.0,
M23670,M,297.3,308.5,1625.0,32.8,92.0,0,0.0,0.0,0.0,0.0,0.0,
L55991,L,297.2,308.5,1574.0,35.8,95.0,0,0.0,0.0,0.0,0.0,0.0,
M23672,M,297.2,308.4,1378.0,41.9,97.0,0,0.0,0.0,0.0,0.0,0.0,
L55993,L,297.1,308.4,1693.0,29.5,100.0,0,0.0,0.0,0.0,0.0,0.0,
L55994,L,297.2,308.4,1462.0,51.2,102.0,0,0.0,0.0,0.0,0.0,0.0,
H38229,H,297.3,308.5,1435.0,55.0,104.0,0,0.0,0.0,0.0,0.0,0.0,
M23676,M,297.2,308.5,1425.0,45.8,109.0,0,0.0,0.0,0.0,0.0,0.0,
H38231,H,297.3,308.6,1376.0,53.5,112.0,0,0.0,0.0,0.0,0.0,0.0,
M23678,M,297.4,308.7,1481.0,48.0,117.0,0,0.0,0.0,0.0,0.0,0.0,
H38233,H,297.4,308.7,1349.0,48.9,120.0,0,0.0,0.0,0.0,0.0,0.0,
L56000,L,297.3,308.7,1551.0,40.0,125.0,0,0.0,0.0,0.0,0.0,0.0,
H38235,H,297.4,308.7,1623.0,33.8,127.0,0,0.0,0.0,0.0,0.0,0.0,
L56002,L,297.4,308.8,1462.0,49.7,132.0,0,0.0,0.0,0.0,0.0,0.0,
M23683,M,297.3,308.8,1447.0,57.4,134.0,0,0.0,0.0,0.0,0.0,0.0,
M23684,M,297.3,308.9,1799.0,24.5,137.0,0,0.0,0.0,0.0,0.0,0.0,
M23685,M,297.3,308.8,1548.0,41.3,140.0,0,0.0,0.0,0.0,0.0,0.0,
M23686,M,297.2,308.8,1485.0,47.9,143.0,0,0.0,0.0,0.0,0.0,0.0,
L56007,L,297.2,308.7,1463.0,49.9,146.0,0,0.0,0.0,0.0,0.0,0.0,
L56008,L,297.3,308.7,1587.0,35.8,148.0,0,0.0,0.0,0.0,0.0,0.0,
M23689,M,297.3,308.8,1469.0,44.1,150.0,0,0.0,0.0,0.0,0.0,0.0,
H38244,H,297.3,308.7,1430.0,42.8,153.0,0,0.0,0.0,0.0,0.0,0.0,
H38245,H,297.4,308.7,1726.0,26.8,158.0,0,0.0,0.0,0.0,0.0,0.0,
L56012,L,297.4,308.8,1651.0,34.1,163.0,0,0.0,0.0,0.0,0.0,0.0,
L56013,L,297.4,308.8,1529.0,41.3,165.0,0,0.0,0.0,0.0,0.0,0.0,
L56014,L,297.4,308.8,1473.0,46.2,167.0,0,0.0,0.0,0.0,0.0,0.0,
H38249,H,297.4,308.8,1324.0,53.5,169.0,0,0.0,0.0,0.0,0.0,0.0,
L56016,L,297.4,308.9,1708.0,28.8,174.0,0,0.0,0.0,0.0,0.0,0.0,
M23697,M,297.5,309.1,1540.0,38.5,176.0,0,0.0,0.0,0.0,0.0,0.0,
L56018,L,297.5,309.0,1320.0,54.7,179.0,0,0.0,0.0,0.0,0.0,0.0,
M23699,M,297.4,308.9,1376.0,39.0,181.0,0,0.0,0.0,0.0,0.0,0.0,
M23700,M,297.3,308.7,1542.0,37.0,184.0,0,0.0,0.0,0.0,0.0,0.0,
L56021,L,297.3,308.7,1506.0,39.3,187.0,0,0.0,0.0,0.0,0.0,0.0,
L56022,L,297.3,308.7,1492.0,43.6,189.0,0,0.0,0.0,0.0,0.0,0.0,
H38257,H,297.3,308.8,1564.0,38.0,191.0,0,0.0,0.0,0.0,0.0,0.0,
H38258,H,297.4,308.9,1645.0,30.8,196.0,0,0.0,0.0,0.0,0.0,0.0,
M23705,M,297.4,308.9,1348.0,59.1,201.0,0,0.0,0.0,0.0,0.0,0.0,
M23706,M,297.4,308.8,1325.0,62.4,204.0,1,1.0,0.0,0.0,1.0,0.0,
L56027,L,297.5,308.9,1443.0,43.5,0.0,0,0.0,0.0,0.0,0.0,0.0,
M23708,M,297.5,308.9,1436.0,44.8,2.0,0,0.0,0.0,0.0,0.0,0.0,
L56029,L,297.5,308.9,1596.0,30.7,5.0,0,0.0,0.0,0.0,0.0,0.0,
L56030,L,297.6,309.0,1491.0,43.2,7.0,0,0.0,0.0,0.0,0.0,0.0,
M23711,M,297.7,308.9,1573.0,35.1,9.0,0,0.0,0.0,0.0,0.0,0.0,
L56032,L,297.7,308.9,1575.0,39.9,12.0,0,0.0,0.0,0.0,0.0,0.0,
L56033,L,297.7,308.9,1458.0,41.1,14.0,0,0.0,0.0,0.0,0.0,0.0,
M23714,M,297.7,309.0,1433.0,41.8,16.0,0,0.0,0.0,0.0,0.0,0.0,
L56035,L,297.7,308.9,1662.0,28.1,19.0,0,0.0,0.0,0.0,0.0,0.0,
M23716,M,297.7,308.9,1327.0,63.7,21.0,0,0.0,0.0,0.0,0.0,0.0,
L56037,L,297.7,308.9,1742.0,26.3,24.0,0,0.0,0.0,0.0,0.0,0.0,
L56038,L,297.8,308.9,1506.0,33.5,26.0,0,0.0,0.0,0.0,0.0,0.0,
L56039,L,297.9,309.1,1457.0,44.4,28.0,0,0.0,0.0,0.0,0.0,0.0,
M23720,M,297.9,309.1,1488.0,37.3,30.0,0,0.0,0.0,0.0,0.0,0.0,
L56041,L,297.9,309.1,1619.0,34.7,33.0,0,0.0,0.0,0.0,0.0,0.0,
M23722,M,298.0,309.2,1558.0,41.7,35.0,0,0.0,0.0,0.0,0.0,0.0,
L56043,L,298.0,309.2,1731.0,28.7,38.0,0,0.0,0.0,0.0,0.0,0.0,
M23724,M,298.0,309.1,1574.0,34.8,40.0,0,0.0,0.0,0.0,0.0,0.0,
L56045,L,297.9,309.0,1290.0,49.8,43.0,0,0.0,0.0,0.0,0.0,0.0,
H38280,H,297.9,308.9,1416.0,39.6,45.0,0,0.0,0.0,0.0,0.0,0.0,
L56047,L,297.9,308.9,1566.0,41.9,50.0,0,0.0,0.0,0.0,0.0,0.0,
L56048,L,297.9,309.0,1456.0,46.5,52.0,0,0.0,0.0,0.0,0.0,0.0,
L56049,L,297.9,309.0,1528.0,37.5,54.0,0,0.0,0.0,0.0,0.0,0.0,
M23730,M,297.9,309.1,1338.0,49.6,56.0,0,0.0,0.0,0.0,0.0,0.0,
M23731,M,297.9,309.1,1558.0,39.2,59.0,0,0.0,0.0,0.0,0.0,0.0,
M23732,M,297.9,309.1,1614.0,38.1,62.0,0,0.0,0.0,0.0,0.0,0.0,
H38287,H,298.0,309.1,1557.0,36.4,65.0,0,0.0,0.0,0.0,0.0,0.0,
L56054,L,298.1,309.3,1443.0,45.3,70.0,0,0.0,0.0,0.0,0.0,0.0,
H38289,H,298.1,309.3,1332.0,51.0,72.0,0,0.0,0.0,0.0,0.0,0.0,
M23736,M,298.1,309.3,1752.0,25.2,77.0,0,0.0,0.0,0.0,0.0,0.0,
M23737,M,298.1,309.2,1460.0,45.8,80.0,0,0.0,0.0,0.0,0.0,0.0,
L56058,L,298.1,309.2,1802.0,26.9,83.0,0,0.0,0.0,0.0,0.0,0.0,
L56059,L,298.0,309.2,1527.0,39.5,85.0,0,0.0,0.0,0.0,0.0,0.0,
L56060,L,298.0,309.2,1458.0,39.8,87.0,0,0.0,0.0,0.0,0.0,0.0,
H38295,H,298.0,309.2,1520.0,37.9,89.0,0,0.0,0.0,0.0,0.0,0.0,
L56062,L,298.0,309.2,1378.0,49.7,94.0,0,0.0,0.0,0.0,0.0,0.0,
M23743,M,297.9,309.2,1529.0,38.1,96.0,0,0.0,0.0,0.0,0.0,0.0,
L56064,L,298.0,309.2,1527.0,32.4,99.0,0,0.0,0.0,0.0,0.0,0.0,
M23745,M,298.0,309.2,1438.0,42.9,101.0,0,0.0,0.0,0.0,0.0,0.0,
L56066,L,297.9,309.0,1583.0,36.7,104.0,0,0.0,0.0,0.0,0.0,0.0,
L56067,L,297.8,308.9,1530.0,37.6,106.0,0,0.0,0.0,0.0,0.0,0.0,
M23748,M,297.7,308.9,1530.0,39.1,108.0,0,0.0,0.0,0.0,0.0,0.0,
M23749,M,297.7,308.8,2089.0,19.1,111.0,0,0.0,0.0,0.0,0.0,0.0,
L56070,L,297.7,308.8,1616.0,34.2,114.0,0,0.0,0.0,0.0,0.0,0.0,
M23751,M,297.7,308.9,1681.0,28.3,116.0,0,0.0,0.0,0.0,0.0,0.0,
L56072,L,297.6,308.8,1475.0,43.0,119.0,0,0.0,0.0,0.0,0.0,0.0,
L56073,L,297.5,308.7,1371.0,46.5,121.0,0,0.0,0.0,0.0,0.0,0.0,
M23754,M,297.5,308.7,1546.0,38.0,123.0,0,0.0,0.0,0.0,0.0,0.0,
H38309,H,297.4,308.6,1461.0,40.1,126.0,0,0.0,0.0,0.0,0.0,0.0,
L56076,L,297.4,308.7,1638.0,31.9,131.0,0,0.0,0.0,0.0,0.0,0.0,
M23757,M,297.3,308.7,1577.0,35.6,133.0,0,0.0,0.0,0.0,0.0,0.0,
L56078,L,297.4,308.6,1532.0,38.7,136.0,0,0.0,0.0,0.0,0.0,0.0,
M23759,M,297.3,308.5,1710.0,27.7,138.0,0,0.0,0.0,0.0,0.0,0.0,
M23760,M,297.3,308.6,1584.0,29.4,141.0,0,0.0,0.0,0.0,0.0,0.0,
L56081,L,297.3,308.6,1446.0,50.1,144.0,0,0.0,0.0,0.0,0.0,0.0,
H38316,H,297.4,308.7,1522.0,46.3,146.0,0,0.0,0.0,0.0,0.0,0.0,
M23763,M,297.4,308.7,1382.0,49.9,151.0,0,0.0,0.0,0.0,0.0,0.0,
L56084,L,297.4,308.7,1584.0,38.2,154.0,0,0.0,0.0,0.0,0.0,0.0,
L56085,L,297.3,308.6,1385.0,55.2,156.0,0,0.0,0.0,0.0,0.0,0.0,
L56086,L,297.3,308.7,1592.0,34.4,158.0,0,0.0,0.0,0.0,0.0,0.0,
M23767,M,297.2,308.6,1404.0,43.7,160.0,0,0.0,0.0,0.0,0.0,0.0,
L56088,L,297.2,308.5,1518.0,44.3,163.0,0,0.0,0.0,0.0,0.0,0.0,
L56089,L,297.1,308.4,1529.0,40.4,165.0,0,0.0,0.0,0.0,0.0,0.0,
L56090,L,297.1,308.4,1550.0,37.0,167.0,0,0.0,0.0,0.0,0.0,0.0,
L56091,L,297.1,308.3,1773.0,23.8,169.0,0,0.0,0.0,0.0,0.0,0.0,
L56092,L,297.2,308.5,1446.0,43.7,171.0,0,0.0,0.0,0.0,0.0,0.0,
M23773,M,297.2,308.5,1487.0,46.9,173.0,0,0.0,0.0,0.0,0.0,0.0,
M23774,M,297.3,308.5,1524.0,49.3,176.0,0,0.0,0.0,0.0,0.0,0.0,
L56095,L,297.1,308.3,1403.0,54.1,179.0,0,0.0,0.0,0.0,0.0,0.0,
L56096,L,297.1,308.2,2267.0,15.7,181.0,0,0.0,0.0,0.0,0.0,0.0,
M23777,M,297.1,308.2,1529.0,37.9,183.0,0,0.0,0.0,0.0,0.0,0.0,
L56098,L,297.1,308.2,1402.0,51.2,186.0,0,0.0,0.0,0.0,0.0,0.0,
L56099,L,297.2,308.3,1693.0,28.0,188.0,0,0.0,0.0,0.0,0.0,0.0,
L56100,L,297.1,308.3,1496.0,45.8,190.0,0,0.0,0.0,0.0,0.0,0.0,
L56101,L,297.1,308.1,1633.0,33.3,192.0,0,0.0,0.0,0.0,0.0,0.0,
L56102,L,297.1,308.2,1399.0,42.6,194.0,0,0.0,0.0,0.0,0.0,0.0,
M23783,M,297.0,308.1,1363.0,45.3,196.0,0,0.0,0.0,0.0,0.0,0.0,
H38338,H,297.1,308.2,1527.0,42.2,199.0,0,0.0,0.0,0.0,0.0,0.0,
M23785,M,297.2,308.2,1405.0,42.5,204.0,0,0.0,0.0,0.0,0.0,0.0,
M23786,M,297.3,308.3,1459.0,59.6,207.0,1,0.0,0.0,1.0,1.0,0.0,
M23787,M,297.4,308.4,1789.0,25.0,210.0,0,0.0,0.0,0.0,0.0,0.0,
L56108,L,297.4,308.4,1531.0,41.5,213.0,0,0.0,0.0,0.0,0.0,0.0,
M23789,M,297.4,308.4,1620.0,35.8,215.0,0,0.0,0.0,0.0,0.0,0.0,
L56110,L,297.4,308.4,1571.0,39.4,0.0,0,0.0,0.0,0.0,0.0,0.0,
L56111,L,297.4,308.4,1434.0,39.9,2.0,0,0.0,0.0,0.0,0.0,0.0,
L56112,L,297.4,308.4,1474.0,43.6,4.0,0,0.0,0.0,0.0,0.0,0.0,
M23793,M,297.3,308.3,1544.0,41.7,6.0,0,0.0,0.0,0.0,0.0,0.0,
L56114,L,297.3,308.2,1601.0,35.7,9.0,0,0.0,0.0,0.0,0.0,0.0,
L56115,L,297.4,308.3,1801.0,26.9,11.0,0,0.0,0.0,0.0,0.0,0.0,
L56116,L,297.4,308.3,1465.0,42.0,13.0,0,0.0,0.0,0.0,0.0,0.0,
M23797,M,297.4,308.4,1340.0,52.6,15.0,0,0.0,0.0,0.0,0.0,0.0,
M23798,M,297.4,308.4,1517.0,41.0,18.0,0,0.0,0.0,0.0,0.0,0.0,
M23799,M,297.3,308.4,1434.0,44.8,21.0,0,0.0,0.0,0.0,0.0,0.0,
H38354,H,297.3,308.3,1935.0,19.3,24.0,0,0.0,0.0,0.0,0.0,0.0,
M23801,M,297.3,308.3,1595.0,32.2,29.0,0,0.0,0.0,0.0,0.0,0.0,
L56122,L,297.3,308.3,2188.0,17.0,32.0,0,0.0,0.0,0.0,0.0,0.0,
M23803,M,297.3,308.4,1449.0,44.4,34.0,0,0.0,0.0,0.0,0.0,0.0,
L56124,L,297.3,308.3,1471.0,38.2,37.0,0,0.0,0.0,0.0,0.0,0.0,
L56125,L,297.4,308.2,1639.0,33.8,39.0,0,0.0,0.0,0.0,0.0,0.0,
M23806,M,297.3,308.2,1846.0,24.5,41.0,0,0.0,0.0,0.0,0.0,0.0,
M23807,M,297.3,308.2,1452.0,38.2,44.0,0,0.0,0.0,0.0,0.0,0.0,
M23808,M,297.4,308.3,1483.0,41.9,47.0,0,0.0,0.0,0.0,0.0,0.0,
L56129,L,297.4,308.3,1284.0,60.3,50.0,0,0.0,0.0,0.0,0.0,0.0,
L56130,L,297.4,308.2,1419.0,50.0,52.0,0,0.0,0.0,0.0,0.0,0.0,
L56131,L,297.3,308.1,1763.0,28.4,54.0,0,0.0,0.0,0.0,0.0,0.0,
M23812,M,297.2,308.0,1478.0,42.5,56.0,0,0.0,0.0,0.0,0.0,0.0,
L56133,L,297.3,308.0,1518.0,36.0,59.0,0,0.0,0.0,0.0,0.0,0.0,
L56134,L,297.3,308.0,1447.0,49.0,61.0,0,0.0,0.0,0.0,0.0,0.0,
M23815,M,297.4,308.0,1355.0,55.1,63.0,0,0.0,0.0,0.0,0.0,0.0,
L56136,L,297.4,308.1,1348.0,57.4,66.0,0,0.0,0.0,0.0,0.0,0.0,
L56137,L,297.4,308.1,1348.0,53.7,68.0,0,0.0,0.0,0.0,0.0,0.0,
M23818,M,297.4,308.1,1734.0,27.7,70.0,0,0.0,0.0,0.0,0.0,0.0,
L56139,L,297.3,308.0,1420.0,46.5,73.0,0,0.0,0.0,0.0,0.0,0.0,
L56140,L,297.3,307.9,1797.0,24.7,75.0,0,0.0,0.0,0.0,0.0,0.0,
M23821,M,297.3,308.0,1403.0,45.0,77.0,0,0.0,0.0,0.0,0.0,0.0,
L56142,L,297.3,307.9,1628.0,30.2,80.0,0,0.0,0.0,0.0,0.0,0.0,
M23823,M,297.2,307.9,1687.0,30.4,82.0,0,0.0,0.0,0.0,0.0,0.0,
M23824,M,297.2,307.9,1456.0,44.9,85.0,0,0.0,0.0,0.0,0.0,0.0,
L56145,L,297.1,307.9,1496.0,44.7,88.0,0,0.0,0.0,0.0,0.0,0.0,
L56146,L,297.1,307.8,1636.0,30.3,90.0,0,0.0,0.0,0.0,0.0,0.0,
L56147,L,297.1,307.8,1536.0,40.4,92.0,0,0.0,0.0,0.0,0.0,0.0,
L56148,L,297.1,307.8,1454.0,50.6,94.0,0,0.0,0.0,0.0,0.0,0.0,
L56149,L,297.0,307.8,1396.0,50.0,96.0,0,0.0,0.0,0.0,0.0,0.0,
L56150,L,297.0,307.6,1575.0,37.4,98.0,0,0.0,0.0,0.0,0.0,0.0,
L56151,L,296.9,307.6,1514.0,35.7,100.0,0,0.0,0.0,0.0,0.0,0.0,
M23832,M,296.8,307.4,1455.0,49.9,102.0,0,0.0,0.0,0.0,0.0,0.0,
L56153,L,296.8,307.4,1549.0,48.3,105.0,0,0.0,0.0,0.0,0.0,0.0,
L56154,L,296.8,307.5,1474.0,42.4,107.0,0,0.0,0.0,0.0,0.0,0.0,
H38389,H,296.7,307.4,1661.0,34.2,109.0,0,0.0,0.0,0.0,0.0,0.0,
L56156,L,296.7,307.4,1535.0,34.6,114.0,0,0.0,0.0,0.0,0.0,0.0,
M23837,M,296.9,307.5,1556.0,31.2,116.0,0,0.0,0.0,0.0,0.0,0.0,
L56158,L,296.9,307.6,1435.0,45.0,119.0,0,0.0,0.0,0.0,0.0,0.0,
M23839,M,296.9,307.5,1332.0,51.1,121.0,0,0.0,0.0,0.0,0.0,0.0,
L56160,L,297.0,307.6,1513.0,42.4,124.0,0,0.0,0.0,0.0,0.0,0.0,
L56161,L,297.0,307.7,1502.0,39.4,126.0,0,0.0,0.0,0.0,0.0,0.0,
L56162,L,297.0,307.7,1315.0,60.1,128.0,0,0.0,0.0,0.0,0.0,0.0,
M23843,M,297.0,307.7,1261.0,51.1,130.0,0,0.0,0.0,0.0,0.0,0.0,
L56164,L,297.1,307.8,1406.0,60.4,133.0,0,0.0,0.0,0.0,0.0,0.0,
L56165,L,297.1,307.8,1584.0,42.3,135.0,0,0.0,0.0,0.0,0.0,0.0,
M23846,M,297.1,307.8,1443.0,43.9,137.0,0,0.0,0.0,0.0,0.0,0.0,
L56167,L,297.2,307.9,1580.0,35.8,140.0,0,0.0,0.0,0.0,0.0,0.0,
L56168,L,297.2,307.9,1825.0,24.6,142.0,0,0.0,0.0,0.0,0.0,0.0,
L56169,L,297.2,307.9,1469.0,48.2,144.0,0,0.0,0.0,0.0,0.0,0.0,
L56170,L,297.2,307.9,1493.0,38.4,146.0,0,0.0,0.0,0.0,0.0,0.0,
M23851,M,297.3,308.0,1598.0,29.4,148.0,0,0.0,0.0,0.0,0.0,0.0,
H38406,H,297.2,307.9,1450.0,37.2,151.0,0,0.0,0.0,0.0,0.0,0.0,
M23853,M,297.2,307.9,1632.0,37.5,156.0,0,0.0,0.0,0.0,0.0,0.0,
M23854,M,297.1,307.9,1980.0,20.3,159.0,0,0.0,0.0,0.0,0.0,0.0,
L56175,L,297.2,308.0,1474.0,43.7,162.0,0,0.0,0.0,0.0,0.0,0.0,
L56176,L,297.2,307.9,1540.0,37.1,164.0,0,0.0,0.0,0.0,0.0,0.0,
M23857,M,297.1,307.9,1609.0,38.9,166.0,0,0.0,0.0,0.0,0.0,0.0,
L56178,L,297.1,308.0,1467.0,42.8,169.0,0,0.0,0.0,0.0,0.0,0.0,
L56179,L,297.1,307.9,1492.0,39.4,171.0,0,0.0,0.0,0.0,0.0,0.0,
L56180,L,297.0,307.9,1493.0,46.1,173.0,0,0.0,0.0,0.0,0.0,0.0,
L56181,L,297.0,307.8,1500.0,39.9,175.0,0,0.0,0.0,0.0,0.0,0.0,
L56182,L,297.1,307.8,1477.0,36.6,177.0,0,0.0,0.0,0.0,0.0,0.0,
L56183,L,297.1,307.9,1342.0,49.1,179.0,0,0.0,0.0,0.0,0.0,0.0,
M23864,M,297.1,307.8,1538.0,34.3,181.0,0,0.0,0.0,0.0,0.0,0.0,
L56185,L,297.2,307.9,1337.0,58.1,184.0,0,0.0,0.0,0.0,0.0,0.0,
L56186,L,297.3,307.9,1417.0,41.8,186.0,0,0.0,0.0,0.0,0.0,0.0,
L56187,L,297.4,308.0,1383.0,46.2,188.0,0,0.0,0.0,0.0,0.0,0.0,
M23868,M,297.4,308.0,1440.0,42.4,190.0,0,0.0,0.0,0.0,0.0,0.0,
L56189,L,297.3,307.9,1579.0,34.4,193.0,0,0.0,0.0,0.0,0.0,0.0,
L56190,L,297.2,307.9,1441.0,40.0,195.0,0,0.0,0.0,0.0,0.0,0.0,
M23871,M,297.2,307.9,1530.0,35.9,197.0,0,0.0,0.0,0.0,0.0,0.0,
L56192,L,297.2,308.0,1705.0,26.0,200.0,0,0.0,0.0,0.0,0.0,0.0,
H38427,H,297.2,308.0,1435.0,43.0,202.0,0,0.0,0.0,0.0,0.0,0.0,
M23874,M,297.2,308.1,1340.0,61.3,207.0,1,0.0,0.0,0.0,1.0,0.0,
L56195,L,297.2,308.1,1431.0,49.7,210.0,1,0.0,0.0,0.0,0.0,0.0,
L56196,L,297.3,308.2,1396.0,52.7,212.0,1,0.0,0.0,0.0,1.0,0.0,
M23877,M,297.3,308.1,1369.0,52.0,214.0,0,0.0,0.0,0.0,0.0,0.0,
L56198,L,297.3,308.1,1615.0,35.4,217.0,1,1.0,0.0,0.0,0.0,0.0,
L56199,L,297.2,308.1,1662.0,31.3,0.0,0,0.0,0.0,0.0,0.0,0.0,
L56200,L,297.3,308.2,1553.0,33.5,2.0,0,0.0,0.0,0.0,0.0,0.0,
M23881,M,297.4,308.2,1536.0,34.6,4.0,0,0.0,0.0,0.0,0.0,0.0,
L56202,L,297.4,308.3,1548.0,46.6,7.0,0,0.0,0.0,0.0,0.0,0.0,
L56203,L,297.4,308.3,1706.0,30.9,9.0,0,0.0,0.0,0.0,0.0,0.0,
L56204,L,297.4,308.3,1366.0,45.5,11.0,0,0.0,0.0,0.0,0.0,0.0,
L56205,L,297.5,308.4,1440.0,35.9,13.0,0,0.0,0.0,0.0,0.0,0.0,
M23886,M,297.5,308.4,1685.0,28.1,15.0,0,0.0,0.0,0.0,0.0,0.0,
M23887,M,297.4,308.3,1444.0,44.0,18.0,0,0.0,0.0,0.0,0.0,0.0,
L56208,L,297.4,308.3,1395.0,48.7,21.0,0,0.0,0.0,0.0,0.0,0.0,
L56209,L,297.4,308.3,1483.0,38.8,23.0,0,0.0,0.0,0.0,0.0,0.0,
M23890,M,297.5,308.4,1403.0,44.3,25.0,0,0.0,0.0,0.0,0.0,0.0,
H38445,H,297.5,308.4,1793.0,23.9,28.0,0,0.0,0.0,0.0,0.0,0.0,
L56212,L,297.4,308.3,1723.0,28.8,33.0,0,0.0,0.0,0.0,0.0,0.0,
L56213,L,297.4,308.2,1386.0,41.0,35.0,0,0.0,0.0,0.0,0.0,0.0,
H38448,H,297.4,308.2,1585.0,46.2,37.0,0,0.0,0.0,0.0,0.0,0.0,
M23895,M,297.3,308.1,1731.0,27.7,42.0,0,0.0,0.0,0.0,0.0,0.0,
L56216,L,297.3,308.3,1519.0,37.7,45.0,0,0.0,0.0,0.0,0.0,0.0,
L56217,L,297.3,308.2,1896.0,24.4,47.0,0,0.0,0.0,0.0,0.0,0.0,
L56218,L,297.3,308.3,2358.0,14.9,49.0,0,0.0,0.0,0.0,0.0,0.0,
M23899,M,297.3,308.3,1341.0,51.9,51.0,0,0.0,0.0,0.0,0.0,0.0,
L56220,L,297.3,308.3,1550.0,37.0,54.0,0,0.0,0.0,0.0,0.0,0.0,
L56221,L,297.3,308.3,1309.0,61.5,56.0,0,0.0,0.0,0.0,0.0,0.0,
M23902,M,297.3,308.4,1599.0,32.9,58.0,0,0.0,0.0,0.0,0.0,0.0,
L56223,L,297.4,308.4,1343.0,40.0,61.0,0,0.0,0.0,0.0,0.0,0.0,
L56224,L,297.4,308.4,1378.0,39.9,63.0,0,0.0,0.0,0.0,0.0,0.0,
L56225,L,297.4,308.4,1603.0,34.6,65.0,0,0.0,0.0,0.0,0.0,0.0,
L56226,L,297.4,308.4,1664.0,28.1,67.0,0,0.0,0.0,0.0,0.0,0.0,
L56227,L,297.3,308.4,1488.0,37.4,69.0,0,0.0,0.0,0.0,0.0,0.0,
M23908,M,297.3,308.4,1370.0,50.5,71.0,0,0.0,0.0,0.0,0.0,0.0,
L56229,L,297.3,308.5,1545.0,34.3,74.0,0,0.0,0.0,0.0,0.0,0.0,
M23910,M,297.4,308.5,1566.0,31.4,76.0,0,0.0,0.0,0.0,0.0,0.0,
L56231,L,297.4,308.6,1820.0,24.6,79.0,0,0.0,0.0,0.0,0.0,0.0,
M23912,M,297.4,308.6,1901.0,22.1,81.0,0,0.0,0.0,0.0,0.0,0.0,
M23913,M,297.4,308.5,1638.0,32.2,84.0,0,0.0,0.0,0.0,0.0,0.0,
M23914,M,297.3,308.4,1521.0,38.2,87.0,0,0.0,0.0,0.0,0.0,0.0,
H38469,H,297.3,308.4,1864.0,23.1,90.0,0,0.0,0.0,0.0,0.0,0.0,
L56236,L,297.3,308.3,1430.0,41.9,95.0,0,0.0,0.0,0.0,0.0,0.0,
M23917,M,297.3,308.4,1686.0,34.5,97.0,0,0.0,0.0,0.0,0.0,0.0,
M23918,M,297.2,308.3,1326.0,57.2,100.0,0,0.0,0.0,0.0,0.0,0.0,
L56239,L,297.2,308.3,1805.0,25.6,103.0,0,0.0,0.0,0.0,0.0,0.0,
H38474,H,297.2,308.3,1453.0,45.8,105.0,0,0.0,0.0,0.0,0.0,0.0,
M23921,M,297.2,308.4,1863.0,26.0,110.0,0,0.0,0.0,0.0,0.0,0.0,
L56242,L,297.2,308.3,1576.0,35.3,113.0,0,0.0,0.0,0.0,0.0,0.0,
L56243,L,297.2,308.3,1419.0,39.7,115.0,0,0.0,0.0,0.0,0.0,0.0,
L56244,L,297.2,308.4,1833.0,25.2,117.0,0,0.0,0.0,0.0,0.0,0.0,
H38479,H,297.2,308.4,2182.0,17.3,119.0,0,0.0,0.0,0.0,0.0,0.0,
L56246,L,297.2,308.3,1656.0,30.3,124.0,0,0.0,0.0,0.0,0.0,0.0,
L56247,L,297.1,308.2,1351.0,56.6,126.0,0,0.0,0.0,0.0,0.0,0.0,
H38482,H,297.1,308.2,1790.0,30.3,128.0,0,0.0,0.0,0.0,0.0,0.0,
M23929,M,297.2,308.2,1678.0,28.1,133.0,0,0.0,0.0,0.0,0.0,0.0,
L56250,L,297.1,308.2,1427.0,45.2,136.0,0,0.0,0.0,0.0,0.0,0.0,
L56251,L,297.0,308.1,1429.0,54.0,138.0,0,0.0,0.0,0.0,0.0,0.0,
H38486,H,297.2,308.1,1770.0,27.2,140.0,0,0.0,0.0,0.0,0.0,0.0,
L56253,L,297.2,308.1,1689.0,31.2,145.0,0,0.0,0.0,0.0,0.0,0.0,
M23934,M,297.2,308.1,1554.0,41.3,147.0,0,0.0,0.0,0.0,0.0,0.0,
L56255,L,297.3,308.1,1506.0,36.0,150.0,0,0.0,0.0,0.0,0.0,0.0,
L56256,L,297.2,308.1,1474.0,44.3,152.0,0,0.0,0.0,0.0,0.0,0.0,
L56257,L,297.3,308.1,1762.0,26.1,154.0,0,0.0,0.0,0.0,0.0,0.0,
L56258,L,297.3,308.1,1566.0,35.7,156.0,0,0.0,0.0,0.0,0.0,0.0,
H38493,H,297.3,308.1,1554.0,42.4,158.0,0,0.0,0.0,0.0,0.0,0.0,
L56260,L,297.2,308.0,1869.0,25.4,163.0,0,0.0,0.0,0.0,0.0,0.0,
L56261,L,297.3,308.0,1527.0,35.1,165.0,0,0.0,0.0,0.0,0.0,0.0,
L56262,L,297.2,307.9,1309.0,49.6,167.0,0,0.0,0.0,0.0,0.0,0.0,
M23943,M,297.2,307.9,1541.0,35.7,169.0,0,0.0,0.0,0.0,0.0,0.0,
L56264,L,297.2,307.9,1326.0,75.4,172.0,1,0.0,0.0,1.0,1.0,0.0,
H38499,H,297.1,307.9,1365.0,54.0,174.0,0,0.0,0.0,0.0,0.0,0.0,
L56266,L,297.1,307.8,1428.0,43.7,179.0,0,0.0,0.0,0.0,0.0,0.0,
L56267,L,297.1,307.8,1681.0,27.6,181.0,0,0.0,0.0,0.0,0.0,0.0,
M23948,M,297.1,307.9,1662.0,26.9,183.0,0,0.0,0.0,0.0,0.0,0.0,
L56269,L,297.2,307.9,1989.0,20.3,186.0,0,0.0,0.0,0.0,0.0,0.0,
M23950,M,297.2,307.9,1747.0,29.0,188.0,0,0.0,0.0,0.0,0.0,0.0,
M23951,M,297.2,308.0,1765.0,31.1,191.0,0,0.0,0.0,0.0,0.0,0.0,
L56272,L,297.3,308.1,1568.0,34.4,194.0,0,0.0,0.0,0.0,0.0,0.0,
M23953,M,297.3,308.1,1709.0,30.6,196.0,0,0.0,0.0,0.0,0.0,0.0,
M23954,M,297.3,308.1,1370.0,58.8,199.0,0,0.0,0.0,0.0,0.0,0.0,
L56275,L,297.3,308.1,1458.0,45.7,202.0,0,0.0,0.0,0.0,0.0,0.0,
L56276,L,297.2,308.1,1712.0,30.9,204.0,0,0.0,0.0,0.0,0.0,0.0,
L56277,L,297.3,308.1,1642.0,36.9,206.0,0,0.0,0.0,0.0,0.0,0.0,
L56278,L,297.3,308.1,1468.0,49.8,0.0,0,0.0,0.0,0.0,0.0,0.0,
H38513,H,297.3,308.1,1477.0,52.3,2.0,0,0.0,0.0,0.0,0.0,0.0,
L56280,L,297.3,308.2,1446.0,53.5,7.0,0,0.0,0.0,0.0,0.0,0.0,
H38515,H,297.3,308.2,1653.0,31.4,9.0,0,0.0,0.0,0.0,0.0,0.0,
L56282,L,297.3,308.3,1494.0,38.2,14.0,0,0.0,0.0,0.0,0.0,0.0,
L56283,L,297.3,308.2,1490.0,41.0,16.0,0,0.0,0.0,0.0,0.0,0.0,
M23964,M,297.4,308.3,1550.0,47.8,18.0,0,0.0,0.0,0.0,0.0,0.0,
M23965,M,297.3,308.2,1677.0,34.9,21.0,0,0.0,0.0,0.0,0.0,0.0,
L56286,L,297.4,308.3,1854.0,21.8,24.0,0,0.0,0.0,0.0,0.0,0.0,
M23967,M,297.5,308.5,1662.0,30.3,26.0,0,0.0,0.0,0.0,0.0,0.0,
M23968,M,297.5,308.6,1440.0,38.8,29.0,0,0.0,0.0,0.0,0.0,0.0,
L56289,L,297.5,308.6,1513.0,39.7,32.0,0,0.0,0.0,0.0,0.0,0.0,
M23970,M,297.6,308.6,1389.0,49.0,34.0,0,0.0,0.0,0.0,0.0,0.0,
L56291,L,297.6,308.6,1351.0,51.0,37.0,0,0.0,0.0,0.0,0.0,0.0,
M23972,M,297.6,308.6,1482.0,38.3,39.0,0,0.0,0.0,0.0,0.0,0.0,
L56293,L,297.6,308.6,1744.0,28.5,42.0,0,0.0,0.0,0.0,0.0,0.0,
L56294,L,297.6,308.7,1476.0,39.0,44.0,0,0.0,0.0,0.0,0.0,0.0,
M23975,M,297.6,308.6,1444.0,48.2,46.0,0,0.0,0.0,0.0,0.0,0.0,
H38530,H,297.6,308.7,1659.0,32.1,49.0,0,0.0,0.0,0.0,0.0,0.0,
M23977,M,297.6,308.7,1475.0,46.6,54.0,0,0.0,0.0,0.0,0.0,0.0,
L56298,L,297.6,308.6,1526.0,42.1,57.0,0,0.0,0.0,0.0,0.0,0.0,
M23979,M,297.4,308.4,1675.0,29.5,59.0,0,0.0,0.0,0.0,0.0,0.0,
L56300,L,297.4,308.4,1525.0,38.7,62.0,0,0.0,0.0,0.0,0.0,0.0,
L56301,L,297.3,308.3,1396.0,45.9,64.0,0,0.0,0.0,0.0,0.0,0.0,
L56302,L,297.4,308.4,1580.0,41.2,66.0,0,0.0,0.0,0.0,0.0,0.0,
L56303,L,297.4,308.5,1462.0,42.8,68.0,0,0.0,0.0,0.0,0.0,0.0,
L56304,L,297.4,308.4,1426.0,50.4,70.0,0,0.0,0.0,0.0,0.0,0.0,
L56305,L,297.4,308.5,1569.0,34.2,72.0,0,0.0,0.0,0.0,0.0,0.0,
L56306,L,297.4,308.5,1477.0,40.7,74.0,0,0.0,0.0,0.0,0.0,0.0,
L56307,L,297.4,308.5,1761.0,27.2,76.0,0,0.0,0.0,0.0,0.0,0.0,
M23988,M,297.5,308.6,1486.0,45.9,78.0,0,0.0,0.0,0.0,0.0,0.0,
L56309,L,297.6,308.6,1664.0,30.1,81.0,0,0.0,0.0,0.0,0.0,0.0,
L56310,L,297.6,308.6,1576.0,32.7,83.0,0,0.0,0.0,0.0,0.0,0.0,
H38545,H,297.6,308.6,1463.0,46.7,85.0,0,0.0,0.0,0.0,0.0,0.0,
M23992,M,297.6,308.6,1585.0,42.0,90.0,0,0.0,0.0,0.0,0.0,0.0,
L56313,L,297.7,308.7,1479.0,45.7,93.0,0,0.0,0.0,0.0,0.0,0.0,
L56314,L,297.7,308.7,1449.0,40.2,95.0,0,0.0,0.0,0.0,0.0,0.0,
H38549,H,297.7,308.8,1404.0,50.3,97.0,0,0.0,0.0,0.0,0.0,0.0,
L56316,L,297.7,308.7,1694.0,29.1,102.0,0,0.0,0.0,0.0,0.0,0.0,
L56317,L,297.7,308.7,1731.0,28.4,104.0,0,0.0,0.0,0.0,0.0,0.0,
L56318,L,297.6,308.6,1522.0,37.0,106.0,0,0.0,0.0,0.0,0.0,0.0,
L56319,L,297.5,308.5,1536.0,36.9,108.0,0,0.0,0.0,0.0,0.0,0.0,
L56320,L,297.5,308.5,1373.0,39.9,110.0,0,0.0,0.0,0.0,0.0,0.0,
L56321,L,297.5,308.5,1597.0,36.4,112.0,0,0.0,0.0,0.0,0.0,0.0,
L56322,L,297.6,308.5,1678.0,34.2,114.0,0,0.0,0.0,0.0,0.0,0.0,
L56323,L,297.6,308.5,1452.0,42.6,116.0,0,0.0,0.0,0.0,0.0,0.0,
M24004,M,297.5,308.5,1447.0,41.6,118.0,0,0.0,0.0,0.0,0.0,0.0,
L56325,L,297.6,308.5,1574.0,37.1,121.0,0,0.0,0.0,0.0,0.0,0.0,
L56326,L,297.6,308.6,1528.0,40.0,123.0,0,0.0,0.0,0.0,0.0,0.0,
L56327,L,297.7,308.7,1688.0,27.2,125.0,0,0.0,0.0,0.0,0.0,0.0,
L56328,L,297.6,308.6,1393.0,40.4,127.0,0,0.0,0.0,0.0,0.0,0.0,
M24009,M,297.5,308.6,1429.0,50.5,129.0,0,0.0,0.0,0.0,0.0,0.0,
M24010,M,297.5,308.6,1347.0,57.0,132.0,0,0.0,0.0,0.0,0.0,0.0,
L56331,L,297.6,308.6,1553.0,40.5,135.0,0,0.0,0.0,0.0,0.0,0.0,
L56332,L,297.5,308.6,1260.0,53.6,137.0,0,0.0,0.0,0.0,0.0,0.0,
L56333,L,297.5,308.6,1546.0,33.8,139.0,0,0.0,0.0,0.0,0.0,0.0,
L56334,L,297.5,308.6,1596.0,36.0,141.0,0,0.0,0.0,0.0,0.0,0.0,
L56335,L,297.5,308.5,1340.0,57.4,143.0,0,0.0,0.0,0.0,0.0,0.0,
M24016,M,297.5,308.4,1369.0,54.8,145.0,0,0.0,0.0,0.0,0.0,0.0,
L56337,L,297.5,308.5,1462.0,52.3,148.0,0,0.0,0.0,0.0,0.0,0.0,
H38572,H,297.4,308.4,1487.0,46.2,150.0,0,0.0,0.0,0.0,0.0,0.0,
M24019,M,297.5,308.6,1510.0,35.5,155.0,0,0.0,0.0,0.0,0.0,0.0,
H38574,H,297.5,308.5,1671.0,28.0,158.0,0,0.0,0.0,0.0,0.0,0.0,
M24021,M,297.5,308.5,1612.0,30.0,163.0,0,0.0,0.0,0.0,0.0,0.0,
M24022,M,297.6,308.6,1509.0,39.7,166.0,0,0.0,0.0,0.0,0.0,0.0,
L56343,L,297.6,308.6,1415.0,47.3,169.0,0,0.0,0.0,0.0,0.0,0.0,
L56344,L,297.6,308.6,2384.0,14.4,171.0,0,0.0,0.0,0.0,0.0,0.0,
L56345,L,297.6,308.6,1326.0,62.4,173.0,0,0.0,0.0,0.0,0.0,0.0,
M24026,M,297.6,308.6,1390.0,53.4,175.0,0,0.0,0.0,0.0,0.0,0.0,
M24027,M,297.6,308.7,1392.0,41.2,178.0,0,0.0,0.0,0.0,0.0,0.0,
H38582,H,297.6,308.8,1385.0,44.4,181.0,0,0.0,0.0,0.0,0.0,0.0,
L56349,L,297.7,308.8,1896.0,24.5,186.0,0,0.0,0.0,0.0,0.0,0.0,
L56350,L,297.7,308.7,1474.0,46.8,188.0,0,0.0,0.0,0.0,0.0,0.0,
M24031,M,297.7,308.8,1388.0,45.6,190.0,0,0.0,0.0,0.0,0.0,0.0,
L56352,L,297.7,308.9,1715.0,27.2,193.0,0,0.0,0.0,0.0,0.0,0.0,
H38587,H,297.8,308.9,1650.0,32.2,195.0,0,0.0,0.0,0.0,0.0,0.0,
L56354,L,297.8,308.9,1871.0,25.6,200.0,1,1.0,0.0,0.0,0.0,0.0,
L56355,L,297.8,309.0,1403.0,64.2,0.0,1,0.0,0.0,1.0,0.0,0.0,
L56356,L,297.8,308.9,1518.0,40.4,2.0,0,0.0,0.0,0.0,0.0,0.0,
L56357,L,297.9,309.1,1504.0,43.0,4.0,0,0.0,0.0,0.0,0.0,0.0,
L56358,L,297.8,309.0,1340.0,56.9,6.0,0,0.0,0.0,0.0,0.0,0.0,
H38593,H,297.9,309.1,1435.0,44.7,8.0,0,0.0,0.0,0.0,0.0,0.0,
L56360,L,297.9,309.1,1507.0,36.9,13.0,0,0.0,0.0,0.0,0.0,0.0,
L56361,L,297.9,309.1,1521.0,36.1,15.0,0,0.0,0.0,0.0,0.0,0.0,
M24042,M,297.8,309.0,1576.0,45.0,17.0,0,0.0,0.0,0.0,0.0,0.0,
L56363,L,297.9,309.1,1543.0,36.6,20.0,0,0.0,0.0,0.0,0.0,0.0,
L56364,L,298.0,309.2,1665.0,36.6,22.0,0,0.0,0.0,0.0,0.0,0.0,
L56365,L,297.9,309.1,1442.0,50.3,24.0,0,0.0,0.0,0.0,0.0,0.0,
L56366,L,297.9,309.0,1629.0,29.0,26.0,0,0.0,0.0,0.0,0.0,0.0,
L56367,L,297.9,309.0,1379.0,47.3,28.0,0,0.0,0.0,0.0,0.0,0.0,
L56368,L,297.9,309.0,1502.0,40.2,30.0,0,0.0,0.0,0.0,0.0,0.0,
L56369,L,297.9,309.1,1595.0,32.0,32.0,0,0.0,0.0,0.0,0.0,0.0,
M24050,M,298.0,309.0,1439.0,38.5,34.0,0,0.0,0.0,0.0,0.0,0.0,
M24051,M,297.9,309.0,1970.0,21.6,37.0,0,0.0,0.0,0.0,0.0,0.0,
L56372,L,297.9,309.0,1562.0,35.8,40.0,0,0.0,0.0,0.0,0.0,0.0,
M24053,M,297.9,309.0,1530.0,40.9,42.0,0,0.0,0.0,0.0,0.0,0.0,
L56374,L,297.9,308.9,1393.0,40.6,45.0,0,0.0,0.0,0.0,0.0,0.0,
L56375,L,297.9,309.0,1532.0,37.6,47.0,0,0.0,0.0,0.0,0.0,0.0,
L56376,L,298.0,308.9,1607.0,37.7,49.0,0,0.0,0.0,0.0,0.0,0.0,
M24057,M,297.9,308.8,1469.0,49.0,51.0,0,0.0,0.0,0.0,0.0,0.0,
M24058,M,297.9,308.8,1538.0,37.6,54.0,0,0.0,0.0,0.0,0.0,0.0,
L56379,L,297.9,308.8,1613.0,31.4,57.0,0,0.0,0.0,0.0,0.0,0.0,
M24060,M,297.9,308.8,1602.0,32.1,59.0,0,0.0,0.0,0.0,0.0,0.0,
L56381,L,297.8,308.7,1404.0,44.2,62.0,0,0.0,0.0,0.0,0.0,0.0,
L56382,L,297.8,308.8,1548.0,36.9,64.0,0,0.0,0.0,0.0,0.0,0.0,
L56383,L,297.8,308.8,1559.0,35.2,66.0,0,0.0,0.0,0.0,0.0,0.0,
L56384,L,297.8,308.8,1621.0,36.1,68.0,0,0.0,0.0,0.0,0.0,0.0,
L56385,L,297.8,308.8,1579.0,32.9,70.0,0,0.0,0.0,0.0,0.0,0.0,
M24066,M,297.9,308.9,1547.0,44.0,72.0,0,0.0,0.0,0.0,0.0,0.0,
L56387,L,297.9,308.8,1386.0,48.6,75.0,0,0.0,0.0,0.0,0.0,0.0,
L56388,L,298.0,308.9,1406.0,40.9,77.0,0,0.0,0.0,0.0,0.0,0.0,
M24069,M,298.0,309.0,1393.0,55.9,79.0,0,0.0,0.0,0.0,0.0,0.0,
M24070,M,297.9,309.0,2456.0,13.9,82.0,0,0.0,0.0,0.0,0.0,0.0,
M24071,M,298.0,309.0,1409.0,49.1,85.0,0,0.0,0.0,0.0,0.0,0.0,
L56392,L,298.0,308.9,1390.0,53.9,88.0,0,0.0,0.0,0.0,0.0,0.0,
L56393,L,298.0,309.0,1679.0,32.4,90.0,0,0.0,0.0,0.0,0.0,0.0,
L56394,L,298.0,308.9,1508.0,37.1,92.0,0,0.0,0.0,0.0,0.0,0.0,
L56395,L,297.9,308.8,1681.0,31.7,94.0,0,0.0,0.0,0.0,0.0,0.0,
H38630,H,297.7,308.8,1469.0,43.7,96.0,0,0.0,0.0,0.0,0.0,0.0,
L56397,L,297.8,308.8,1421.0,49.6,101.0,0,0.0,0.0,0.0,0.0,0.0,
L56398,L,297.7,308.8,1354.0,50.2,103.0,0,0.0,0.0,0.0,0.0,0.0,
M24079,M,297.7,308.8,1350.0,57.0,105.0,0,0.0,0.0,0.0,0.0,0.0,
L56400,L,297.8,308.9,1282.0,58.1,108.0,0,0.0,0.0,0.0,0.0,0.0,
M24081,M,297.8,309.0,1675.0,30.0,110.0,0,0.0,0.0,0.0,0.0,0.0,
M24082,M,297.9,309.0,1525.0,38.5,113.0,0,0.0,0.0,0.0,0.0,0.0,
L56403,L,297.9,309.0,1382.0,43.9,116.0,0,0.0,0.0,0.0,0.0,0.0,
L56404,L,297.9,309.0,1450.0,46.8,118.0,0,0.0,0.0,0.0,0.0,0.0,
L56405,L,298.0,309.1,1820.0,23.6,120.0,0,0.0,0.0,0.0,0.0,0.0,
L56406,L,298.0,309.1,1822.0,23.5,122.0,0,0.0,0.0,0.0,0.0,0.0,
L56407,L,298.0,309.1,1473.0,44.3,124.0,0,0.0,0.0,0.0,0.0,0.0,
M24088,M,298.1,309.1,1572.0,37.5,126.0,0,0.0,0.0,0.0,0.0,0.0,
M24089,M,298.1,309.0,2042.0,17.8,129.0,0,0.0,0.0,0.0,0.0,0.0,
L56410,L,298.2,309.2,1922.0,22.6,132.0,0,0.0,0.0,0.0,0.0,0.0,
L56411,L,298.2,309.1,1539.0,36.5,134.0,0,0.0,0.0,0.0,0.0,0.0,
L56412,L,298.2,309.1,1350.0,52.0,136.0,0,0.0,0.0,0.0,0.0,0.0,
L56413,L,298.3,309.1,1403.0,45.1,138.0,0,0.0,0.0,0.0,0.0,0.0,
L56414,L,298.3,309.1,1904.0,20.3,140.0,0,0.0,0.0,0.0,0.0,0.0,
M24095,M,298.2,308.9,1592.0,35.2,142.0,0,0.0,0.0,0.0,0.0,0.0,
L56416,L,298.1,308.7,1556.0,31.6,145.0,0,0.0,0.0,0.0,0.0,0.0,
M24097,M,298.1,308.8,1811.0,25.4,147.0,0,0.0,0.0,0.0,0.0,0.0,
M24098,M,298.2,308.8,1456.0,41.2,150.0,0,0.0,0.0,0.0,0.0,0.0,
H38653,H,298.2,308.8,1436.0,51.9,153.0,0,0.0,0.0,0.0,0.0,0.0,
M24100,M,298.1,308.7,1362.0,49.6,158.0,0,0.0,0.0,0.0,0.0,0.0,
L56421,L,298.1,308.7,1683.0,29.1,161.0,0,0.0,0.0,0.0,0.0,0.0,
M24102,M,298.2,308.7,1269.0,60.9,163.0,0,0.0,0.0,0.0,0.0,0.0,
L56423,L,298.3,308.8,1454.0,49.0,166.0,0,0.0,0.0,0.0,0.0,0.0,
L56424,L,298.3,308.8,1767.0,27.3,168.0,0,0.0,0.0,0.0,0.0,0.0,
L56425,L,298.3,308.9,1708.0,27.3,170.0,0,0.0,0.0,0.0,0.0,0.0,
L56426,L,298.3,308.9,1862.0,27.0,172.0,0,0.0,0.0,0.0,0.0,0.0,
L56427,L,298.3,308.9,1695.0,30.7,174.0,0,0.0,0.0,0.0,0.0,0.0,
M24108,M,298.3,309.1,1488.0,40.6,176.0,0,0.0,0.0,0.0,0.0,0.0,
L56429,L,298.3,309.0,1657.0,32.2,179.0,0,0.0,0.0,0.0,0.0,0.0,
H38664,H,298.3,309.0,1823.0,25.9,181.0,0,0.0,0.0,0.0,0.0,0.0,
M24111,M,298.2,309.1,1651.0,28.8,186.0,0,0.0,0.0,0.0,0.0,0.0,
M24112,M,298.1,309.0,1533.0,36.1,189.0,0,0.0,0.0,0.0,0.0,0.0,
M24113,M,298.2,309.0,1508.0,40.5,192.0,0,0.0,0.0,0.0,0.0,0.0,
L56434,L,298.3,309.1,1616.0,31.1,195.0,0,0.0,0.0,0.0,0.0,0.0,
L56435,L,298.2,309.0,1651.0,31.5,197.0,0,0.0,0.0,0.0,0.0,0.0,
L56436,L,298.2,309.1,1569.0,35.2,199.0,0,0.0,0.0,0.0,0.0,0.0,
M24117,M,298.3,309.1,1296.0,58.7,201.0,0,0.0,0.0,0.0,0.0,0.0,
H38672,H,298.3,309.0,1379.0,43.2,0.0,0,0.0,0.0,0.0,0.0,0.0,
M24119,M,298.2,309.0,1694.0,28.0,5.0,0,0.0,0.0,0.0,0.0,0.0,
L56440,L,298.2,309.0,1377.0,57.8,8.0,0,0.0,0.0,0.0,0.0,0.0,
H38675,H,298.3,309.0,1470.0,38.4,10.0,0,0.0,0.0,0.0,0.0,0.0,
M24122,M,298.3,309.1,1404.0,47.0,15.0,0,0.0,0.0,0.0,0.0,0.0,
L56443,L,298.3,309.1,1593.0,40.1,18.0,0,0.0,0.0,0.0,0.0,0.0,
M24124,M,298.3,309.0,1526.0,36.9,20.0,0,0.0,0.0,0.0,0.0,0.0,
M24125,M,298.3,308.9,1390.0,49.7,23.0,0,0.0,0.0,0.0,0.0,0.0,
L56446,L,298.2,308.9,1737.0,25.5,26.0,0,0.0,0.0,0.0,0.0,0.0,
L56447,L,298.2,308.8,1362.0,57.3,28.0,0,0.0,0.0,0.0,0.0,0.0,
L56448,L,298.2,308.8,1666.0,31.5,30.0,0,0.0,0.0,0.0,0.0,0.0,
L56449,L,298.2,308.8,1354.0,60.9,32.0,0,0.0,0.0,0.0,0.0,0.0,
L56450,L,298.2,308.8,1302.0,60.4,34.0,0,0.0,0.0,0.0,0.0,0.0,
L56451,L,298.2,308.7,1991.0,20.5,36.0,0,0.0,0.0,0.0,0.0,0.0,
L56452,L,298.2,308.6,1353.0,54.1,38.0,0,0.0,0.0,0.0,0.0,0.0,
H38687,H,298.2,308.7,1520.0,35.7,40.0,0,0.0,0.0,0.0,0.0,0.0,
L56454,L,298.2,308.7,1428.0,54.9,45.0,0,0.0,0.0,0.0,0.0,0.0,
L56455,L,298.2,308.7,1605.0,29.4,47.0,0,0.0,0.0,0.0,0.0,0.0,
L56456,L,298.1,308.7,1691.0,30.3,49.0,0,0.0,0.0,0.0,0.0,0.0,
L56457,L,298.2,308.7,1447.0,48.4,51.0,0,0.0,0.0,0.0,0.0,0.0,
H38692,H,298.2,308.8,1606.0,39.9,53.0,0,0.0,0.0,0.0,0.0,0.0,
M24139,M,298.2,308.8,1645.0,28.2,58.0,0,0.0,0.0,0.0,0.0,0.0,
H38694,H,298.2,308.8,1470.0,43.3,61.0,0,0.0,0.0,0.0,0.0,0.0,
L56461,L,298.2,308.9,1336.0,45.0,66.0,0,0.0,0.0,0.0,0.0,0.0,
M24142,M,298.2,308.9,1414.0,44.3,68.0,0,0.0,0.0,0.0,0.0,0.0,
M24143,M,298.3,309.0,1802.0,27.5,71.0,0,0.0,0.0,0.0,0.0,0.0,
L56464,L,298.2,308.9,1683.0,31.7,74.0,0,0.0,0.0,0.0,0.0,0.0,
M24145,M,298.2,309.0,1410.0,47.6,76.0,0,0.0,0.0,0.0,0.0,0.0,
L56466,L,298.2,308.9,1605.0,32.0,79.0,0,0.0,0.0,0.0,0.0,0.0,
L56467,L,298.2,308.9,1709.0,28.1,81.0,0,0.0,0.0,0.0,0.0,0.0,
L56468,L,298.2,308.9,1444.0,53.1,83.0,0,0.0,0.0,0.0,0.0,0.0,
L56469,L,298.2,308.9,1367.0,45.0,85.0,0,0.0,0.0,0.0,0.0,0.0,
L56470,L,298.2,309.0,1418.0,44.2,87.0,0,0.0,0.0,0.0,0.0,0.0,
L56471,L,298.2,309.0,1353.0,57.8,89.0,0,0.0,0.0,0.0,0.0,0.0,
L56472,L,298.2,309.0,1643.0,34.1,91.0,0,0.0,0.0,0.0,0.0,0.0,
L56473,L,298.3,309.1,1437.0,38.0,93.0,0,0.0,0.0,0.0,0.0,0.0,
L56474,L,298.1,309.0,1437.0,36.2,95.0,0,0.0,0.0,0.0,0.0,0.0,
M24155,M,298.2,309.0,1413.0,47.9,97.0,0,0.0,0.0,0.0,0.0,0.0,
H38710,H,298.2,309.0,1524.0,39.1,100.0,0,0.0,0.0,0.0,0.0,0.0,
M24157,M,298.1,308.9,1479.0,43.4,105.0,0,0.0,0.0,0.0,0.0,0.0,
L56478,L,298.1,308.9,1313.0,50.6,108.0,0,0.0,0.0,0.0,0.0,0.0,
M24159,M,298.1,308.9,1335.0,50.4,110.0,0,0.0,0.0,0.0,0.0,0.0,
L56480,L,298.1,308.9,1367.0,41.9,113.0,0,0.0,0.0,0.0,0.0,0.0,
M24161,M,298.1,308.9,1459.0,50.3,115.0,0,0.0,0.0,0.0,0.0,0.0,
M24162,M,298.1,308.9,1804.0,25.1,118.0,0,0.0,0.0,0.0,0.0,0.0,
L56483,L,298.2,309.0,1491.0,38.3,121.0,0,0.0,0.0,0.0,0.0,0.0,
L56484,L,298.3,309.1,1537.0,43.0,123.0,0,0.0,0.0,0.0,0.0,0.0,
H38719,H,298.3,309.1,1646.0,30.2,125.0,0,0.0,0.0,0.0,0.0,0.0,
M24166,M,298.3,309.2,1783.0,28.3,130.0,0,0.0,0.0,0.0,0.0,0.0,
L56487,L,298.3,309.1,1395.0,49.8,133.0,0,0.0,0.0,0.0,0.0,0.0,
L56488,L,298.4,309.1,1423.0,48.0,135.0,0,0.0,0.0,0.0,0.0,0.0,
L56489,L,298.3,309.2,1562.0,37.6,137.0,0,0.0,0.0,0.0,0.0,0.0,
L56490,L,298.4,309.3,1549.0,40.8,139.0,0,0.0,0.0,0.0,0.0,0.0,
L56491,L,298.4,309.4,1540.0,43.2,141.0,0,0.0,0.0,0.0,0.0,0.0,
H38726,H,298.5,309.4,1573.0,33.6,143.0,0,0.0,0.0,0.0,0.0,0.0,
L56493,L,298.5,309.4,1418.0,45.1,148.0,0,0.0,0.0,0.0,0.0,0.0,
M24174,M,298.5,309.4,1565.0,33.7,150.0,0,0.0,0.0,0.0,0.0,0.0,
L56495,L,298.5,309.5,1569.0,41.0,153.0,0,0.0,0.0,0.0,0.0,0.0,
H38730,H,298.5,309.4,1417.0,41.2,155.0,0,0.0,0.0,0.0,0.0,0.0,
L56497,L,298.5,309.5,1480.0,38.1,160.0,0,0.0,0.0,0.0,0.0,0.0,
L56498,L,298.5,309.4,1364.0,44.5,162.0,0,0.0,0.0,0.0,0.0,0.0,
L56499,L,298.5,309.4,1911.0,21.5,164.0,0,0.0,0.0,0.0,0.0,0.0,
L56500,L,298.4,309.3,1409.0,43.1,166.0,0,0.0,0.0,0.0,0.0,0.0,
L56501,L,298.4,309.2,1335.0,53.5,168.0,0,0.0,0.0,0.0,0.0,0.0,
M24182,M,298.5,309.3,1512.0,38.1,170.0,0,0.0,0.0,0.0,0.0,0.0,
L56503,L,298.6,309.4,1447.0,40.2,173.0,0,0.0,0.0,0.0,0.0,0.0,
L56504,L,298.6,309.3,1537.0,37.6,175.0,0,0.0,0.0,0.0,0.0,0.0,
M24185,M,298.6,309.3,1510.0,40.8,177.0,0,0.0,0.0,0.0,0.0,0.0,
L56506,L,298.6,309.3,1677.0,31.2,180.0,0,0.0,0.0,0.0,0.0,0.0,
L56507,L,298.5,309.2,1504.0,33.7,182.0,0,0.0,0.0,0.0,0.0,0.0,
H38742,H,298.5,309.1,2051.0,19.0,184.0,0,0.0,0.0,0.0,0.0,0.0,
L56509,L,298.5,309.1,1474.0,41.3,189.0,0,0.0,0.0,0.0,0.0,0.0,
M24190,M,298.4,309.0,1507.0,36.1,191.0,0,0.0,0.0,0.0,0.0,0.0,
L56511,L,298.4,308.9,1496.0,37.9,194.0,0,0.0,0.0,0.0,0.0,0.0,
M24192,M,298.5,309.0,1921.0,22.0,196.0,0,0.0,0.0,0.0,0.0,0.0,
L56513,L,298.5,309.0,1450.0,40.5,199.0,0,0.0,0.0,0.0,0.0,0.0,
L56514,L,298.4,308.9,1402.0,44.8,201.0,0,0.0,0.0,0.0,0.0,0.0,
L56515,L,298.4,308.9,1501.0,50.0,203.0,0,0.0,0.0,0.0,0.0,0.0,
L56516,L,298.5,308.9,1725.0,31.9,205.0,0,0.0,0.0,0.0,0.0,0.0,
H38751,H,298.5,308.9,1500.0,40.3,207.0,0,0.0,0.0,0.0,0.0,0.0,
H38752,H,298.5,309.0,1531.0,30.8,212.0,0,0.0,0.0,0.0,0.0,0.0,
L56519,L,298.5,309.0,1458.0,44.8,217.0,0,0.0,0.0,0.0,0.0,0.0,
H38754,H,298.4,308.9,1577.0,37.1,0.0,0,0.0,0.0,0.0,0.0,0.0,
M24201,M,298.3,308.9,1363.0,46.1,5.0,0,0.0,0.0,0.0,0.0,0.0,
H38756,H,298.3,308.9,1706.0,31.8,8.0,0,0.0,0.0,0.0,0.0,0.0,
M24203,M,298.3,308.8,1391.0,50.4,13.0,0,0.0,0.0,0.0,0.0,0.0,
L56524,L,298.2,308.8,1616.0,33.7,16.0,0,0.0,0.0,0.0,0.0,0.0,
L56525,L,298.2,308.8,1442.0,47.0,18.0,0,0.0,0.0,0.0,0.0,0.0,
M24206,M,298.2,308.8,1626.0,40.4,20.0,0,0.0,0.0,0.0,0.0,0.0,
M24207,M,298.2,308.7,1426.0,42.6,23.0,0,0.0,0.0,0.0,0.0,0.0,
L56528,L,298.2,308.7,1436.0,49.1,26.0,0,0.0,0.0,0.0,0.0,0.0,
M24209,M,298.2,308.7,1599.0,36.2,28.0,0,0.0,0.0,0.0,0.0,0.0,
L56530,L,298.2,308.7,2186.0,17.8,31.0,0,0.0,0.0,0.0,0.0,0.0,
L56531,L,298.3,308.8,1645.0,30.4,33.0,0,0.0,0.0,0.0,0.0,0.0,
L56532,L,298.2,308.7,1780.0,27.9,35.0,0,0.0,0.0,0.0,0.0,0.0,
L56533,L,298.2,308.8,1345.0,44.3,37.0,0,0.0,0.0,0.0,0.0,0.0,
M24214,M,298.2,308.8,1607.0,31.9,39.0,0,0.0,0.0,0.0,0.0,0.0,
L56535,L,298.3,308.9,1708.0,28.0,42.0,0,0.0,0.0,0.0,0.0,0.0,
L56536,L,298.3,308.9,1270.0,52.7,44.0,0,0.0,0.0,0.0,0.0,0.0,
M24217,M,298.3,308.9,1646.0,25.4,46.0,0,0.0,0.0,0.0,0.0,0.0,
L56538,L,298.2,308.7,1407.0,45.1,49.0,0,0.0,0.0,0.0,0.0,0.0,
M24219,M,298.1,308.7,1581.0,47.4,51.0,0,0.0,0.0,0.0,0.0,0.0,
L56540,L,298.0,308.6,1532.0,42.6,54.0,0,0.0,0.0,0.0,0.0,0.0,
L56541,L,298.0,308.6,1610.0,33.1,56.0,0,0.0,0.0,0.0,0.0,0.0,
M24222,M,298.0,308.5,1682.0,33.0,58.0,0,0.0,0.0,0.0,0.0,0.0,
L56543,L,297.9,308.5,1519.0,34.3,61.0,0,0.0,0.0,0.0,0.0,0.0,
L56544,L,297.9,308.5,1683.0,28.5,63.0,0,0.0,0.0,0.0,0.0,0.0,
M24225,M,298.0,308.6,1254.0,55.8,65.0,0,0.0,0.0,0.0,0.0,0.0,
L56546,L,298.0,308.5,1461.0,48.0,68.0,0,0.0,0.0,0.0,0.0,0.0,
L56547,L,297.9,308.5,1472.0,45.1,70.0,0,0.0,0.0,0.0,0.0,0.0,
L56548,L,297.7,308.4,1510.0,38.6,72.0,0,0.0,0.0,0.0,0.0,0.0,
M24229,M,297.7,308.3,1547.0,36.8,74.0,0,0.0,0.0,0.0,0.0,0.0,
H38784,H,297.7,308.4,1418.0,51.9,77.0,0,0.0,0.0,0.0,0.0,0.0,
L56551,L,297.7,308.4,1289.0,51.3,82.0,0,0.0,0.0,0.0,0.0,0.0,
L56552,L,297.7,308.4,1487.0,41.4,84.0,0,0.0,0.0,0.0,0.0,0.0,
L56553,L,297.7,308.5,1453.0,45.5,86.0,0,0.0,0.0,0.0,0.0,0.0,
M24234,M,297.8,308.5,1466.0,44.7,88.0,0,0.0,0.0,0.0,0.0,0.0,
H38789,H,297.7,308.4,1288.0,49.5,91.0,0,0.0,0.0,0.0,0.0,0.0,
H38790,H,297.7,308.4,1738.0,27.7,96.0,0,0.0,0.0,0.0,0.0,0.0,
H38791,H,297.7,308.3,1488.0,41.0,101.0,0,0.0,0.0,0.0,0.0,0.0,
L56558,L,297.6,308.3,1816.0,28.8,106.0,0,0.0,0.0,0.0,0.0,0.0,
L56559,L,297.5,308.2,1419.0,48.5,108.0,0,0.0,0.0,0.0,0.0,0.0,
L56560,L,297.4,308.1,1435.0,45.7,110.0,0,0.0,0.0,0.0,0.0,0.0,
M24241,M,297.5,308.1,1480.0,42.4,112.0,0,0.0,0.0,0.0,0.0,0.0,
L56562,L,297.5,308.2,1610.0,33.6,115.0,0,0.0,0.0,0.0,0.0,0.0,
H38797,H,297.5,308.1,1548.0,38.2,117.0,0,0.0,0.0,0.0,0.0,0.0,
M24244,M,297.6,308.1,1379.0,57.4,122.0,0,0.0,0.0,0.0,0.0,0.0,
M24245,M,297.5,308.1,1907.0,23.5,125.0,0,0.0,0.0,0.0,0.0,0.0,
M24246,M,297.5,308.0,2033.0,16.7,128.0,0,0.0,0.0,0.0,0.0,0.0,
H38801,H,297.4,307.9,1390.0,52.0,131.0,0,0.0,0.0,0.0,0.0,0.0,
M24248,M,297.5,307.9,1544.0,37.9,136.0,0,0.0,0.0,0.0,0.0,0.0,
L56569,L,297.6,308.0,1258.0,57.4,139.0,0,0.0,0.0,0.0,0.0,0.0,
M24250,M,297.5,308.0,1560.0,39.0,141.0,0,0.0,0.0,0.0,0.0,0.0,
H38805,H,297.6,308.2,2071.0,18.5,144.0,0,0.0,0.0,0.0,0.0,0.0,
L56572,L,297.6,308.1,1437.0,46.3,149.0,0,0.0,0.0,0.0,0.0,0.0,
H38807,H,297.7,308.2,1489.0,43.0,151.0,0,0.0,0.0,0.0,0.0,0.0,
L56574,L,297.7,308.2,1334.0,53.0,156.0,0,0.0,0.0,0.0,0.0,0.0,
L56575,L,297.7,308.2,1500.0,39.9,158.0,0,0.0,0.0,0.0,0.0,0.0,
L56576,L,297.8,308.3,1498.0,47.3,160.0,0,0.0,0.0,0.0,0.0,0.0,
M24257,M,297.7,308.2,1370.0,53.4,162.0,0,0.0,0.0,0.0,0.0,0.0,
H38812,H,297.7,308.2,1526.0,40.1,165.0,0,0.0,0.0,0.0,0.0,0.0,
L56579,L,297.8,308.3,1477.0,44.8,170.0,0,0.0,0.0,0.0,0.0,0.0,
L56580,L,297.7,308.2,1446.0,43.9,172.0,0,0.0,0.0,0.0,0.0,0.0,
M24261,M,297.7,308.2,1720.0,25.6,174.0,0,0.0,0.0,0.0,0.0,0.0,
L56582,L,297.7,308.1,1734.0,30.7,177.0,0,0.0,0.0,0.0,0.0,0.0,
L56583,L,297.7,308.1,1697.0,29.1,179.0,0,0.0,0.0,0.0,0.0,0.0,
L56584,L,297.7,308.2,2007.0,19.3,181.0,0,0.0,0.0,0.0,0.0,0.0,
M24265,M,297.7,308.1,1469.0,48.8,183.0,0,0.0,0.0,0.0,0.0,0.0,
M24266,M,297.7,308.1,2189.0,15.6,186.0,0,0.0,0.0,0.0,0.0,0.0,
L56587,L,297.8,308.3,1435.0,50.1,189.0,0,0.0,0.0,0.0,0.0,0.0,
H38822,H,297.9,308.4,1637.0,34.5,191.0,0,0.0,0.0,0.0,0.0,0.0,
L56589,L,298.0,308.5,1664.0,28.3,196.0,0,0.0,0.0,0.0,0.0,0.0,
M24270,M,298.0,308.5,1666.0,31.0,198.0,0,0.0,0.0,0.0,0.0,0.0,
L56591,L,298.0,308.5,1404.0,46.6,201.0,0,0.0,0.0,0.0,0.0,0.0,
L56592,L,298.0,308.5,1702.0,26.7,203.0,0,0.0,0.0,0.0,0.0,0.0,
L56593,L,298.1,308.6,1439.0,44.9,205.0,0,0.0,0.0,0.0,0.0,0.0,
L56594,L,298.1,308.6,1354.0,53.9,207.0,1,0.0,0.0,0.0,1.0,0.0,
M24275,M,298.2,308.7,1361.0,44.2,0.0,0,0.0,0.0,0.0,0.0,0.0,
M24276,M,298.1,308.5,1463.0,45.9,3.0,0,0.0,0.0,0.0,0.0,0.0,
H38831,H,298.1,308.4,1515.0,43.8,6.0,0,0.0,0.0,0.0,0.0,0.0,
L56598,L,298.0,308.4,1432.0,46.2,11.0,0,0.0,0.0,0.0,0.0,0.0,
L56599,L,298.0,308.4,1911.0,22.0,13.0,0,0.0,0.0,0.0,0.0,0.0,
L56600,L,298.0,308.4,1472.0,42.0,15.0,0,0.0,0.0,0.0,0.0,0.0,
M24281,M,298.1,308.5,1382.0,54.5,17.0,0,0.0,0.0,0.0,0.0,0.0,
L56602,L,298.1,308.5,1665.0,29.6,20.0,0,0.0,0.0,0.0,0.0,0.0,
L56603,L,298.1,308.5,1676.0,30.5,22.0,0,0.0,0.0,0.0,0.0,0.0,
M24284,M,298.0,308.5,1585.0,33.0,24.0,0,0.0,0.0,0.0,0.0,0.0,
M24285,M,298.1,308.6,1415.0,46.3,27.0,0,0.0,0.0,0.0,0.0,0.0,
L56606,L,298.1,308.7,1341.0,55.7,30.0,0,0.0,0.0,0.0,0.0,0.0,
L56607,L,298.2,308.8,1540.0,34.8,32.0,0,0.0,0.0,0.0,0.0,0.0,
H38842,H,298.2,308.8,1837.0,28.4,34.0,0,0.0,0.0,0.0,0.0,0.0,
L56609,L,298.2,308.8,1498.0,36.0,39.0,0,0.0,0.0,0.0,0.0,0.0,
L56610,L,298.1,308.7,1671.0,28.8,41.0,0,0.0,0.0,0.0,0.0,0.0,
L56611,L,298.0,308.6,1430.0,57.0,43.0,0,0.0,0.0,0.0,0.0,0.0,
L56612,L,298.0,308.7,1619.0,40.1,45.0,0,0.0,0.0,0.0,0.0,0.0,
M24293,M,298.0,308.7,1430.0,51.9,47.0,0,0.0,0.0,0.0,0.0,0.0,
L56614,L,298.0,308.6,1626.0,33.3,50.0,0,0.0,0.0,0.0,0.0,0.0,
L56615,L,298.0,308.7,1443.0,49.3,52.0,0,0.0,0.0,0.0,0.0,0.0,
L56616,L,298.0,308.6,1481.0,42.5,54.0,0,0.0,0.0,0.0,0.0,0.0,
M24297,M,298.1,308.7,1527.0,43.0,56.0,0,0.0,0.0,0.0,0.0,0.0,
M24298,M,298.1,308.7,1315.0,56.8,59.0,0,0.0,0.0,0.0,0.0,0.0,
M24299,M,298.1,308.8,1433.0,48.2,62.0,0,0.0,0.0,0.0,0.0,0.0,
M24300,M,298.1,308.8,1378.0,53.5,65.0,0,0.0,0.0,0.0,0.0,0.0,
L56621,L,298.1,308.8,1432.0,43.4,68.0,0,0.0,0.0,0.0,0.0,0.0,
M24302,M,298.1,308.8,1394.0,47.9,70.0,0,0.0,0.0,0.0,0.0,0.0,
H38857,H,298.0,308.8,1411.0,53.8,73.0,0,0.0,0.0,0.0,0.0,0.0,
L56624,L,298.1,308.9,2136.0,15.9,78.0,0,0.0,0.0,0.0,0.0,0.0,
M24305,M,298.2,309.0,1446.0,45.8,80.0,0,0.0,0.0,0.0,0.0,0.0,
H38860,H,298.1,308.9,1388.0,53.5,83.0,0,0.0,0.0,0.0,0.0,0.0,
M24307,M,298.1,308.9,1323.0,51.7,88.0,0,0.0,0.0,0.0,0.0,0.0,
L56628,L,298.2,309.0,1780.0,29.3,91.0,0,0.0,0.0,0.0,0.0,0.0,
M24309,M,298.1,308.8,1434.0,41.8,93.0,0,0.0,0.0,0.0,0.0,0.0,
M24310,M,298.0,308.7,1494.0,42.6,96.0,0,0.0,0.0,0.0,0.0,0.0,
H38865,H,298.0,308.7,1536.0,39.6,99.0,0,0.0,0.0,0.0,0.0,0.0,
M24312,M,298.0,308.7,1392.0,53.4,104.0,0,0.0,0.0,0.0,0.0,0.0,
H38867,H,298.2,309.0,1360.0,56.8,107.0,0,0.0,0.0,0.0,0.0,0.0,
L56634,L,298.4,309.2,1583.0,35.4,112.0,0,0.0,0.0,0.0,0.0,0.0,
L56635,L,298.5,309.2,1983.0,20.2,114.0,0,0.0,0.0,0.0,0.0,0.0,
L56636,L,298.5,309.3,1630.0,33.3,116.0,0,0.0,0.0,0.0,0.0,0.0,
M24317,M,298.5,309.3,1692.0,26.7,118.0,0,0.0,0.0,0.0,0.0,0.0,
L56638,L,298.4,309.1,1417.0,40.6,121.0,0,0.0,0.0,0.0,0.0,0.0,
L56639,L,298.4,309.1,1579.0,36.1,123.0,0,0.0,0.0,0.0,0.0,0.0,
M24320,M,298.4,309.2,1399.0,45.2,125.0,0,0.0,0.0,0.0,0.0,0.0,
M24321,M,298.4,309.2,1414.0,46.4,128.0,0,0.0,0.0,0.0,0.0,0.0,
L56642,L,298.5,309.3,1570.0,40.1,131.0,0,0.0,0.0,0.0,0.0,0.0,
M24323,M,298.5,309.3,1552.0,36.8,133.0,0,0.0,0.0,0.0,0.0,0.0,
L56644,L,298.6,309.4,1440.0,48.2,136.0,0,0.0,0.0,0.0,0.0,0.0,
M24325,M,298.6,309.4,1460.0,43.8,138.0,0,0.0,0.0,0.0,0.0,0.0,
L56646,L,298.6,309.4,1471.0,48.0,141.0,0,0.0,0.0,0.0,0.0,0.0,
L56647,L,298.6,309.3,1702.0,27.6,143.0,0,0.0,0.0,0.0,0.0,0.0,
L56648,L,298.6,309.4,1375.0,55.4,145.0,0,0.0,0.0,0.0,0.0,0.0,
L56649,L,298.6,309.4,1698.0,33.2,147.0,0,0.0,0.0,0.0,0.0,0.0,
H38884,H,298.6,309.4,1439.0,47.1,149.0,0,0.0,0.0,0.0,0.0,0.0,
M24331,M,298.6,309.4,1774.0,27.5,154.0,0,0.0,0.0,0.0,0.0,0.0,
M24332,M,298.7,309.4,1375.0,48.3,157.0,0,0.0,0.0,0.0,0.0,0.0,
L56653,L,298.7,309.5,1446.0,40.0,160.0,0,0.0,0.0,0.0,0.0,0.0,
M24334,M,298.7,309.6,1455.0,46.8,162.0,0,0.0,0.0,0.0,0.0,0.0,
L56655,L,298.8,309.6,1523.0,41.9,165.0,0,0.0,0.0,0.0,0.0,0.0,
M24336,M,298.8,309.6,1692.0,31.9,167.0,0,0.0,0.0,0.0,0.0,0.0,
M24337,M,298.8,309.6,1693.0,33.3,170.0,0,0.0,0.0,0.0,0.0,0.0,
L56658,L,298.8,309.6,1890.0,24.0,173.0,0,0.0,0.0,0.0,0.0,0.0,
H38893,H,298.9,309.6,1600.0,33.5,175.0,0,0.0,0.0,0.0,0.0,0.0,
M24340,M,298.9,309.6,1434.0,43.8,180.0,0,0.0,0.0,0.0,0.0,0.0,
L56661,L,298.9,309.6,1365.0,50.9,183.0,0,0.0,0.0,0.0,0.0,0.0,
H38896,H,298.8,309.6,1309.0,57.4,185.0,0,0.0,0.0,0.0,0.0,0.0,
H38897,H,298.9,309.6,1546.0,35.3,190.0,0,0.0,0.0,0.0,0.0,0.0,
L56664,L,298.9,309.6,1663.0,33.7,195.0,0,0.0,0.0,0.0,0.0,0.0,
L56665,L,298.9,309.6,1589.0,34.2,197.0,0,0.0,0.0,0.0,0.0,0.0,
M24346,M,298.9,309.6,1472.0,46.0,199.0,0,0.0,0.0,0.0,0.0,0.0,
L56667,L,298.9,309.6,1583.0,39.8,202.0,0,0.0,0.0,0.0,0.0,0.0,
M24348,M,298.9,309.6,1567.0,34.5,204.0,0,0.0,0.0,0.0,0.0,0.0,
L56669,L,298.9,309.7,1407.0,41.9,207.0,0,0.0,0.0,0.0,0.0,0.0,
M24350,M,299.0,309.7,1418.0,44.7,209.0,0,0.0,0.0,0.0,0.0,0.0,
M24351,M,299.0,309.7,1489.0,40.7,212.0,0,0.0,0.0,0.0,0.0,0.0,
L56672,L,299.1,309.9,1586.0,36.6,215.0,0,0.0,0.0,0.0,0.0,0.0,
L56673,L,299.1,309.8,1398.0,55.4,217.0,1,0.0,0.0,0.0,1.0,0.0,
L56674,L,299.2,309.9,1516.0,41.4,219.0,0,0.0,0.0,0.0,0.0,0.0,
H38909,H,299.3,310.0,1373.0,44.8,221.0,0,0.0,0.0,0.0,0.0,0.0,
M24356,M,299.2,310.0,1349.0,50.4,226.0,0,0.0,0.0,0.0,0.0,0.0,
H38911,H,299.1,309.9,1443.0,40.3,0.0,0,0.0,0.0,0.0,0.0,0.0,
H38912,H,299.2,310.1,1542.0,36.1,5.0,0,0.0,0.0,0.0,0.0,0.0,
L56679,L,299.2,310.1,1534.0,37.7,10.0,0,0.0,0.0,0.0,0.0,0.0,
L56680,L,299.2,310.2,1697.0,30.6,12.0,0,0.0,0.0,0.0,0.0,0.0,
L56681,L,299.3,310.3,1396.0,47.4,14.0,0,0.0,0.0,0.0,0.0,0.0,
L56682,L,299.3,310.2,1495.0,49.2,16.0,0,0.0,0.0,0.0,0.0,0.0,
M24363,M,299.2,310.3,1551.0,44.8,18.0,0,0.0,0.0,0.0,0.0,0.0,
L56684,L,299.2,310.3,1440.0,47.0,21.0,0,0.0,0.0,0.0,0.0,0.0,
L56685,L,299.2,310.3,1429.0,40.1,23.0,0,0.0,0.0,0.0,0.0,0.0,
H38920,H,299.3,310.4,1548.0,41.6,25.0,0,0.0,0.0,0.0,0.0,0.0,
L56687,L,299.3,310.5,1505.0,38.8,30.0,0,0.0,0.0,0.0,0.0,0.0,
L56688,L,299.2,310.4,1611.0,36.4,32.0,0,0.0,0.0,0.0,0.0,0.0,
M24369,M,299.2,310.4,1502.0,39.8,34.0,0,0.0,0.0,0.0,0.0,0.0,
M24370,M,299.2,310.4,1504.0,43.3,37.0,0,0.0,0.0,0.0,0.0,0.0,
L56691,L,299.1,310.3,1449.0,40.7,40.0,0,0.0,0.0,0.0,0.0,0.0,
L56692,L,299.0,310.2,1575.0,37.8,42.0,0,0.0,0.0,0.0,0.0,0.0,
M24373,M,299.0,310.2,1598.0,33.4,44.0,0,0.0,0.0,0.0,0.0,0.0,
L56694,L,299.0,310.1,1416.0,45.9,47.0,0,0.0,0.0,0.0,0.0,0.0,
L56695,L,299.0,310.2,1682.0,28.8,49.0,0,0.0,0.0,0.0,0.0,0.0,
L56696,L,298.9,310.1,1341.0,54.5,51.0,0,0.0,0.0,0.0,0.0,0.0,
L56697,L,298.9,310.1,1523.0,39.1,53.0,0,0.0,0.0,0.0,0.0,0.0,
L56698,L,299.0,310.1,1580.0,41.9,55.0,0,0.0,0.0,0.0,0.0,0.0,
L56699,L,299.0,310.1,1531.0,36.0,57.0,0,0.0,0.0,0.0,0.0,0.0,
L56700,L,299.0,310.1,1375.0,48.9,59.0,0,0.0,0.0,0.0,0.0,0.0,
M24381,M,298.9,310.1,1484.0,40.4,61.0,0,0.0,0.0,0.0,0.0,0.0,
M24382,M,299.0,310.2,1657.0,32.3,64.0,0,0.0,0.0,0.0,0.0,0.0,
L56703,L,299.0,310.2,1494.0,40.6,67.0,0,0.0,0.0,0.0,0.0,0.0,
H38938,H,299.0,310.3,1658.0,27.6,69.0,0,0.0,0.0,0.0,0.0,0.0,
L56705,L,299.1,310.3,1411.0,42.1,74.0,0,0.0,0.0,0.0,0.0,0.0,
M24386,M,299.2,310.4,1395.0,55.4,76.0,0,0.0,0.0,0.0,0.0,0.0,
L56707,L,299.1,310.4,1550.0,43.9,79.0,0,0.0,0.0,0.0,0.0,0.0,
M24388,M,299.1,310.3,1233.0,59.0,81.0,0,0.0,0.0,0.0,0.0,0.0,
L56709,L,299.1,310.3,1459.0,46.7,84.0,0,0.0,0.0,0.0,0.0,0.0,
H38944,H,299.1,310.4,1405.0,53.6,86.0,0,0.0,0.0,0.0,0.0,0.0,
L56711,L,299.2,310.5,1458.0,44.1,91.0,0,0.0,0.0,0.0,0.0,0.0,
L56712,L,299.2,310.5,1384.0,48.7,93.0,0,0.0,0.0,0.0,0.0,0.0,
L56713,L,299.2,310.5,1705.0,29.5,95.0,0,0.0,0.0,0.0,0.0,0.0,
L56714,L,299.3,310.6,1443.0,45.7,97.0,0,0.0,0.0,0.0,0.0,0.0,
M24395,M,299.3,310.6,1609.0,31.4,99.0,0,0.0,0.0,0.0,0.0,0.0,
L56716,L,299.3,310.5,1818.0,26.0,102.0,0,0.0,0.0,0.0,0.0,0.0,
M24397,M,299.3,310.6,1457.0,42.1,104.0,0,0.0,0.0,0.0,0.0,0.0,
L56718,L,299.3,310.6,1480.0,45.1,107.0,0,0.0,0.0,0.0,0.0,0.0,
L56719,L,299.4,310.8,1424.0,47.7,109.0,0,0.0,0.0,0.0,0.0,0.0,
M24400,M,299.4,310.8,1628.0,40.2,111.0,0,0.0,0.0,0.0,0.0,0.0,
M24401,M,299.5,310.8,1754.0,31.3,114.0,0,0.0,0.0,0.0,0.0,0.0,
L56722,L,299.6,310.9,1716.0,28.5,117.0,0,0.0,0.0,0.0,0.0,0.0,
M24403,M,299.5,310.9,1378.0,48.7,119.0,0,0.0,0.0,0.0,0.0,0.0,
L56724,L,299.6,311.0,1708.0,31.0,122.0,0,0.0,0.0,0.0,0.0,0.0,
L56725,L,299.6,311.0,1430.0,38.3,124.0,0,0.0,0.0,0.0,0.0,0.0,
M24406,M,299.7,311.2,1560.0,43.9,126.0,0,0.0,0.0,0.0,0.0,0.0,
L56727,L,299.6,311.1,1679.0,30.7,129.0,0,0.0,0.0,0.0,0.0,0.0,
L56728,L,299.6,311.1,1521.0,37.2,131.0,0,0.0,0.0,0.0,0.0,0.0,
M24409,M,299.6,311.1,1649.0,33.8,133.0,0,0.0,0.0,0.0,0.0,0.0,
M24410,M,299.5,311.0,1451.0,43.3,136.0,0,0.0,0.0,0.0,0.0,0.0,
L56731,L,299.4,310.8,1391.0,48.9,139.0,0,0.0,0.0,0.0,0.0,0.0,
M24412,M,299.3,310.8,1523.0,40.9,141.0,0,0.0,0.0,0.0,0.0,0.0,
L56733,L,299.3,310.7,1495.0,39.2,144.0,0,0.0,0.0,0.0,0.0,0.0,
M24414,M,299.3,310.7,1440.0,45.5,146.0,0,0.0,0.0,0.0,0.0,0.0,
H38969,H,299.4,310.8,1585.0,31.4,149.0,0,0.0,0.0,0.0,0.0,0.0,
L56736,L,299.5,310.8,1374.0,48.3,154.0,0,0.0,0.0,0.0,0.0,0.0,
M24417,M,299.5,310.8,1507.0,40.2,156.0,0,0.0,0.0,0.0,0.0,0.0,
M24418,M,299.5,310.9,1577.0,34.6,159.0,0,0.0,0.0,0.0,0.0,0.0,
L56739,L,299.5,310.9,1496.0,38.5,162.0,0,0.0,0.0,0.0,0.0,0.0,
L56740,L,299.6,310.9,1487.0,42.5,164.0,0,0.0,0.0,0.0,0.0,0.0,
L56741,L,299.6,310.9,1853.0,26.3,166.0,0,0.0,0.0,0.0,0.0,0.0,
M24422,M,299.7,311.0,1435.0,50.1,168.0,0,0.0,0.0,0.0,0.0,0.0,
M24423,M,299.8,311.1,1763.0,25.5,171.0,0,0.0,0.0,0.0,0.0,0.0,
L56744,L,299.8,311.1,1820.0,24.9,174.0,0,0.0,0.0,0.0,0.0,0.0,
M24425,M,299.8,311.1,1498.0,38.1,176.0,0,0.0,0.0,0.0,0.0,0.0,
L56746,L,299.8,311.1,1603.0,35.1,179.0,0,0.0,0.0,0.0,0.0,0.0,
L56747,L,299.8,311.1,1412.0,42.5,181.0,0,0.0,0.0,0.0,0.0,0.0,
L56748,L,299.8,311.1,1588.0,38.0,183.0,0,0.0,0.0,0.0,0.0,0.0,
M24429,M,299.8,311.0,1948.0,20.0,185.0,0,0.0,0.0,0.0,0.0,0.0,
L56750,L,299.7,310.9,1384.0,48.2,188.0,0,0.0,0.0,0.0,0.0,0.0,
L56751,L,299.7,310.8,1589.0,36.0,190.0,0,0.0,0.0,0.0,0.0,0.0,
M24432,M,299.7,310.8,1405.0,47.6,192.0,0,0.0,0.0,0.0,0.0,0.0,
L56753,L,299.7,310.9,1491.0,40.1,195.0,0,0.0,0.0,0.0,0.0,0.0,
H38988,H,299.7,310.8,1418.0,46.6,197.0,0,0.0,0.0,0.0,0.0,0.0,
M24435,M,299.6,310.8,1603.0,35.4,202.0,0,0.0,0.0,0.0,0.0,0.0,
L56756,L,299.6,310.7,1922.0,23.3,205.0,1,1.0,0.0,0.0,0.0,0.0,
M24437,M,299.5,310.7,1364.0,49.5,0.0,0,0.0,0.0,0.0,0.0,0.0,
L56758,L,299.4,310.7,1551.0,41.2,3.0,0,0.0,0.0,0.0,0.0,0.0,
L56759,L,299.5,310.7,1589.0,33.5,5.0,0,0.0,0.0,0.0,0.0,0.0,
M24440,M,299.5,310.7,1423.0,56.5,7.0,0,0.0,0.0,0.0,0.0,0.0,
L56761,L,299.4,310.6,1418.0,53.1,10.0,0,0.0,0.0,0.0,0.0,0.0,
M24442,M,299.3,310.5,1404.0,47.5,12.0,0,0.0,0.0,0.0,0.0,0.0,
L56763,L,299.3,310.5,1281.0,59.8,15.0,0,0.0,0.0,0.0,0.0,0.0,
L56764,L,299.3,310.5,1529.0,41.3,17.0,0,0.0,0.0,0.0,0.0,0.0,
M24445,M,299.3,310.5,1563.0,42.1,19.0,0,0.0,0.0,0.0,0.0,0.0,
L56766,L,299.4,310.6,1348.0,54.5,22.0,0,0.0,0.0,0.0,0.0,0.0,
M24447,M,299.3,310.5,1462.0,40.5,24.0,0,0.0,0.0,0.0,0.0,0.0,
H39002,H,299.3,310.4,1510.0,45.5,27.0,0,0.0,0.0,0.0,0.0,0.0,
L56769,L,299.2,310.4,1472.0,43.3,32.0,0,0.0,0.0,0.0,0.0,0.0,
M24450,M,299.2,310.4,1325.0,52.0,34.0,0,0.0,0.0,0.0,0.0,0.0,
L56771,L,299.2,310.4,1570.0,37.3,37.0,0,0.0,0.0,0.0,0.0,0.0,
L56772,L,299.2,310.4,1379.0,46.8,39.0,0,0.0,0.0,0.0,0.0,0.0,
L56773,L,299.1,310.2,1352.0,52.8,41.0,0,0.0,0.0,0.0,0.0,0.0,
L56774,L,299.1,310.3,1727.0,28.7,43.0,0,0.0,0.0,0.0,0.0,0.0,
H39009,H,299.0,310.1,1432.0,50.0,45.0,0,0.0,0.0,0.0,0.0,0.0,
L56776,L,298.9,310.1,1466.0,43.4,50.0,0,0.0,0.0,0.0,0.0,0.0,
L56777,L,298.9,310.1,1510.0,38.0,52.0,0,0.0,0.0,0.0,0.0,0.0,
L56778,L,299.0,310.2,1490.0,41.1,54.0,0,0.0,0.0,0.0,0.0,0.0,
L56779,L,299.0,310.1,1463.0,37.4,56.0,0,0.0,0.0,0.0,0.0,0.0,
M24460,M,298.9,310.0,1561.0,45.3,58.0,0,0.0,0.0,0.0,0.0,0.0,
L56781,L,298.9,310.1,2109.0,18.0,61.0,0,0.0,0.0,0.0,0.0,0.0,
L56782,L,298.9,310.2,1705.0,32.5,63.0,0,0.0,0.0,0.0,0.0,0.0,
M24463,M,298.9,310.1,1549.0,40.2,65.0,0,0.0,0.0,0.0,0.0,0.0,
H39018,H,299.0,310.2,1637.0,38.0,68.0,0,0.0,0.0,0.0,0.0,0.0,
M24465,M,298.9,310.1,1484.0,37.9,73.0,0,0.0,0.0,0.0,0.0,0.0,
L56786,L,298.9,310.1,1401.0,44.4,76.0,0,0.0,0.0,0.0,0.0,0.0,
L56787,L,298.9,310.1,1571.0,36.8,78.0,0,0.0,0.0,0.0,0.0,0.0,
M24468,M,298.9,310.1,1513.0,41.5,80.0,0,0.0,0.0,0.0,0.0,0.0,
L56789,L,299.0,310.1,1470.0,40.3,83.0,0,0.0,0.0,0.0,0.0,0.0,
L56790,L,299.0,310.1,1505.0,41.3,85.0,0,0.0,0.0,0.0,0.0,0.0,
L56791,L,299.0,310.2,1432.0,42.2,87.0,0,0.0,0.0,0.0,0.0,0.0,
M24472,M,299.0,310.2,1625.0,31.8,89.0,0,0.0,0.0,0.0,0.0,0.0,
L56793,L,299.0,310.2,1377.0,62.5,92.0,1,0.0,0.0,1.0,0.0,0.0,
M24474,M,299.1,310.3,1441.0,43.9,94.0,0,0.0,0.0,0.0,0.0,0.0,
M24475,M,299.0,310.2,1564.0,39.9,97.0,0,0.0,0.0,0.0,0.0,0.0,
L56796,L,298.9,310.1,1580.0,37.3,100.0,0,0.0,0.0,0.0,0.0,0.0,
L56797,L,299.0,310.2,1516.0,35.3,102.0,0,0.0,0.0,0.0,0.0,0.0,
L56798,L,299.0,310.1,1447.0,42.8,104.0,0,0.0,0.0,0.0,0.0,0.0,
M24479,M,298.9,310.0,1323.0,52.9,106.0,0,0.0,0.0,0.0,0.0,0.0,
L56800,L,298.9,310.0,1470.0,45.9,109.0,0,0.0,0.0,0.0,0.0,0.0,
M24481,M,299.0,310.0,2049.0,19.5,111.0,0,0.0,0.0,0.0,0.0,0.0,
L56802,L,298.9,310.0,1794.0,27.2,114.0,0,0.0,0.0,0.0,0.0,0.0,
L56803,L,298.9,310.1,1356.0,47.8,116.0,0,0.0,0.0,0.0,0.0,0.0,
H39038,H,299.0,310.1,1555.0,38.6,118.0,0,0.0,0.0,0.0,0.0,0.0,
M24485,M,299.0,310.1,1487.0,47.5,123.0,0,0.0,0.0,0.0,0.0,0.0,
M24486,M,299.0,310.0,1341.0,58.9,126.0,0,0.0,0.0,0.0,0.0,0.0,
M24487,M,298.9,310.0,1487.0,36.6,129.0,0,0.0,0.0,0.0,0.0,0.0,
H39042,H,299.0,310.0,1569.0,34.3,132.0,0,0.0,0.0,0.0,0.0,0.0,
H39043,H,299.0,310.1,2053.0,19.7,137.0,0,0.0,0.0,0.0,0.0,0.0,
L56810,L,299.0,310.1,1583.0,35.8,142.0,0,0.0,0.0,0.0,0.0,0.0,
L56811,L,299.0,310.0,1672.0,33.2,144.0,0,0.0,0.0,0.0,0.0,0.0,
M24492,M,299.0,310.0,1337.0,57.4,146.0,0,0.0,0.0,0.0,0.0,0.0,
H39047,H,299.1,310.1,1421.0,41.2,149.0,0,0.0,0.0,0.0,0.0,0.0,
L56814,L,299.1,310.2,1425.0,52.7,154.0,0,0.0,0.0,0.0,0.0,0.0,
L56815,L,299.2,310.2,1609.0,33.2,156.0,0,0.0,0.0,0.0,0.0,0.0,
L56816,L,299.2,310.3,1507.0,41.3,158.0,0,0.0,0.0,0.0,0.0,0.0,
L56817,L,299.2,310.3,1463.0,38.9,160.0,0,0.0,0.0,0.0,0.0,0.0,
H39052,H,299.3,310.4,1393.0,44.9,162.0,0,0.0,0.0,0.0,0.0,0.0,
L56819,L,299.3,310.4,1725.0,26.8,167.0,0,0.0,0.0,0.0,0.0,0.0,
L56820,L,299.4,310.5,1514.0,36.1,169.0,0,0.0,0.0,0.0,0.0,0.0,
L56821,L,299.3,310.4,1365.0,53.9,171.0,0,0.0,0.0,0.0,0.0,0.0,
L56822,L,299.4,310.5,1372.0,46.3,173.0,0,0.0,0.0,0.0,0.0,0.0,
L56823,L,299.4,310.4,1509.0,40.6,175.0,0,0.0,0.0,0.0,0.0,0.0,
L56824,L,299.3,310.4,1629.0,32.6,177.0,0,0.0,0.0,0.0,0.0,0.0,
L56825,L,299.4,310.5,1749.0,28.1,179.0,0,0.0,0.0,0.0,0.0,0.0,
L56826,L,299.4,310.4,1582.0,31.7,181.0,0,0.0,0.0,0.0,0.0,0.0,
L56827,L,299.2,310.2,1458.0,47.0,183.0,0,0.0,0.0,0.0,0.0,0.0,
L56828,L,299.1,310.1,1416.0,41.2,185.0,0,0.0,0.0,0.0,0.0,0.0,
H39063,H,299.1,310.0,1657.0,33.1,187.0,0,0.0,0.0,0.0,0.0,0.0,
M24510,M,299.1,310.0,1437.0,41.1,192.0,0,0.0,0.0,0.0,0.0,0.0,
M24511,M,299.1,310.0,1580.0,36.0,195.0,0,0.0,0.0,0.0,0.0,0.0,
M24512,M,299.0,310.0,1488.0,46.3,198.0,0,0.0,0.0,0.0,0.0,0.0,
L56833,L,299.0,309.9,1373.0,55.7,201.0,1,0.0,0.0,0.0,1.0,0.0,
L56834,L,299.1,310.0,1367.0,56.3,203.0,1,0.0,0.0,0.0,1.0,0.0,
H39069,H,299.1,310.0,1431.0,49.5,205.0,0,0.0,0.0,0.0,0.0,0.0,
L56836,L,299.0,310.1,1623.0,33.0,210.0,0,0.0,0.0,0.0,0.0,0.0,
L56837,L,299.0,310.0,1484.0,39.6,212.0,0,0.0,0.0,0.0,0.0,0.0,
L56838,L,299.0,309.9,1548.0,34.5,214.0,0,0.0,0.0,0.0,0.0,0.0,
L56839,L,298.9,309.8,1287.0,61.9,216.0,1,0.0,0.0,0.0,1.0,0.0,
M24520,M,298.9,309.8,1392.0,43.1,218.0,0,0.0,0.0,0.0,0.0,0.0,
H39075,H,299.0,310.0,1458.0,44.9,221.0,0,0.0,0.0,0.0,0.0,0.0,
M24522,M,299.1,310.1,1570.0,30.9,226.0,0,0.0,0.0,0.0,0.0,0.0,
L56843,L,299.1,310.1,1435.0,48.8,229.0,1,0.0,0.0,0.0,1.0,0.0,
L56844,L,299.1,310.2,1317.0,54.8,231.0,1,0.0,0.0,0.0,1.0,0.0,
L56845,L,299.2,310.3,1610.0,33.3,233.0,0,0.0,0.0,0.0,0.0,0.0,
M24526,M,299.1,310.3,1838.0,24.0,235.0,0,0.0,0.0,0.0,0.0,0.0,
L56847,L,299.2,310.3,1352.0,48.9,238.0,1,0.0,0.0,0.0,1.0,0.0,
L56848,L,299.1,310.3,1619.0,35.2,240.0,0,0.0,0.0,0.0,0.0,0.0,
L56849,L,299.1,310.3,1619.0,31.1,242.0,0,0.0,0.0,0.0,0.0,0.0,
L56850,L,299.0,310.2,1690.0,30.7,244.0,0,0.0,0.0,0.0,0.0,0.0,
L56851,L,299.0,310.2,1412.0,44.1,246.0,0,0.0,0.0,0.0,0.0,0.0,
H39086,H,299.0,310.2,1744.0,31.5,0.0,0,0.0,0.0,0.0,0.0,0.0,
M24533,M,299.0,310.1,1593.0,35.4,5.0,0,0.0,0.0,0.0,0.0,0.0,
L56854,L,299.1,310.2,1695.0,29.6,8.0,0,0.0,0.0,0.0,0.0,0.0,
M24535,M,299.0,310.2,1298.0,57.2,10.0,0,0.0,0.0,0.0,0.0,0.0,
L56856,L,299.0,310.1,1886.0,21.2,13.0,0,0.0,0.0,0.0,0.0,0.0,
L56857,L,299.0,310.1,2033.0,19.3,15.0,0,0.0,0.0,0.0,0.0,0.0,
M24538,M,299.1,310.2,1711.0,28.1,17.0,0,0.0,0.0,0.0,0.0,0.0,
L56859,L,299.1,310.2,1598.0,33.4,20.0,0,0.0,0.0,0.0,0.0,0.0,
L56860,L,299.1,310.1,1894.0,24.2,22.0,0,0.0,0.0,0.0,0.0,0.0,
M24541,M,299.1,310.1,1412.0,44.4,24.0,0,0.0,0.0,0.0,0.0,0.0,
L56862,L,299.1,310.0,1394.0,46.6,27.0,0,0.0,0.0,0.0,0.0,0.0,
M24543,M,299.0,310.0,1338.0,56.4,29.0,0,0.0,0.0,0.0,0.0,0.0,
H39098,H,298.9,309.9,1376.0,51.0,32.0,0,0.0,0.0,0.0,0.0,0.0,
L56865,L,299.0,310.0,1360.0,48.1,37.0,0,0.0,0.0,0.0,0.0,0.0,
L56866,L,299.1,310.1,1486.0,40.7,39.0,0,0.0,0.0,0.0,0.0,0.0,
M24547,M,299.1,310.1,1649.0,31.6,41.0,0,0.0,0.0,0.0,0.0,0.0,
L56868,L,299.1,310.1,1367.0,45.6,44.0,0,0.0,0.0,0.0,0.0,0.0,
L56869,L,299.0,310.1,1362.0,59.5,46.0,0,0.0,0.0,0.0,0.0,0.0,
M24550,M,298.9,310.0,1520.0,35.6,48.0,0,0.0,0.0,0.0,0.0,0.0,
L56871,L,299.0,310.0,1582.0,31.9,51.0,0,0.0,0.0,0.0,0.0,0.0,
M24552,M,299.0,310.0,1667.0,30.0,53.0,0,0.0,0.0,0.0,0.0,0.0,
L56873,L,298.9,310.0,1693.0,28.8,56.0,0,0.0,0.0,0.0,0.0,0.0,
L56874,L,298.9,310.0,1559.0,33.4,58.0,0,0.0,0.0,0.0,0.0,0.0,
L56875,L,298.9,309.9,1592.0,32.0,60.0,0,0.0,0.0,0.0,0.0,0.0,
L56876,L,298.9,309.9,1404.0,39.8,62.0,0,0.0,0.0,0.0,0.0,0.0,
M24557,M,298.8,309.8,1413.0,45.5,64.0,0,0.0,0.0,0.0,0.0,0.0,
L56878,L,298.8,309.8,1663.0,28.2,67.0,0,0.0,0.0,0.0,0.0,0.0,
L56879,L,298.8,309.8,1508.0,36.3,69.0,0,0.0,0.0,0.0,0.0,0.0,
M24560,M,298.9,309.8,1353.0,53.7,71.0,0,0.0,0.0,0.0,0.0,0.0,
L56881,L,298.8,309.8,1485.0,42.4,74.0,0,0.0,0.0,0.0,0.0,0.0,
L56882,L,298.9,310.0,1633.0,31.2,76.0,0,0.0,0.0,0.0,0.0,0.0,
L56883,L,298.9,310.0,1422.0,43.6,78.0,0,0.0,0.0,0.0,0.0,0.0,
L56884,L,298.9,310.1,1577.0,41.4,80.0,0,0.0,0.0,0.0,0.0,0.0,
L56885,L,298.9,310.0,1482.0,41.1,82.0,0,0.0,0.0,0.0,0.0,0.0,
M24566,M,299.0,310.1,1705.0,30.1,84.0,0,0.0,0.0,0.0,0.0,0.0,
L56887,L,299.0,310.1,1699.0,32.9,87.0,0,0.0,0.0,0.0,0.0,0.0,
L56888,L,299.0,310.1,1664.0,29.7,89.0,0,0.0,0.0,0.0,0.0,0.0,
M24569,M,299.0,310.0,1486.0,34.6,91.0,0,0.0,0.0,0.0,0.0,0.0,
L56890,L,299.1,310.1,1336.0,61.3,94.0,0,0.0,0.0,0.0,0.0,0.0,
H39125,H,299.1,310.1,1429.0,42.9,96.0,0,0.0,0.0,0.0,0.0,0.0,
M24572,M,299.1,310.2,1456.0,48.4,101.0,0,0.0,0.0,0.0,0.0,0.0,
L56893,L,299.1,310.2,1496.0,45.0,104.0,0,0.0,0.0,0.0,0.0,0.0,
L56894,L,299.1,310.1,1894.0,20.1,106.0,0,0.0,0.0,0.0,0.0,0.0,
L56895,L,299.1,310.1,1373.0,55.6,108.0,0,0.0,0.0,0.0,0.0,0.0,
H39130,H,299.0,310.0,1387.0,45.2,110.0,0,0.0,0.0,0.0,0.0,0.0,
L56897,L,298.9,309.9,1500.0,44.2,115.0,0,0.0,0.0,0.0,0.0,0.0,
L56898,L,298.9,309.9,1517.0,36.6,117.0,0,0.0,0.0,0.0,0.0,0.0,
L56899,L,298.9,309.9,1309.0,56.2,119.0,0,0.0,0.0,0.0,0.0,0.0,
M24580,M,298.9,309.9,1357.0,54.5,121.0,0,0.0,0.0,0.0,0.0,0.0,
L56901,L,298.8,309.8,1490.0,40.6,124.0,0,0.0,0.0,0.0,0.0,0.0,
H39136,H,298.8,309.8,1911.0,21.6,126.0,0,0.0,0.0,0.0,0.0,0.0,
L56903,L,298.8,309.8,1599.0,33.6,131.0,0,0.0,0.0,0.0,0.0,0.0,
M24584,M,298.8,309.7,2098.0,19.0,133.0,0,0.0,0.0,0.0,0.0,0.0,
M24585,M,298.7,309.7,1629.0,27.9,136.0,0,0.0,0.0,0.0,0.0,0.0,
L56906,L,298.8,309.8,1557.0,37.2,139.0,0,0.0,0.0,0.0,0.0,0.0,
L56907,L,298.8,309.8,1461.0,39.4,141.0,0,0.0,0.0,0.0,0.0,0.0,
L56908,L,298.8,309.8,1563.0,33.7,143.0,0,0.0,0.0,0.0,0.0,0.0,
L56909,L,298.7,309.8,1695.0,29.0,145.0,0,0.0,0.0,0.0,0.0,0.0,
L56910,L,298.8,310.0,1528.0,36.7,147.0,0,0.0,0.0,0.0,0.0,0.0,
L56911,L,298.8,310.0,1389.0,49.6,149.0,0,0.0,0.0,0.0,0.0,0.0,
L56912,L,298.9,310.0,2231.0,17.4,151.0,0,0.0,0.0,0.0,0.0,0.0,
M24593,M,298.9,310.1,1442.0,42.9,153.0,0,0.0,0.0,0.0,0.0,0.0,
H39148,H,298.9,310.1,1458.0,44.3,156.0,0,0.0,0.0,0.0,0.0,0.0,
L56915,L,299.0,310.1,1444.0,47.7,161.0,0,0.0,0.0,0.0,0.0,0.0,
M24596,M,298.9,310.0,1348.0,58.2,163.0,0,0.0,0.0,0.0,0.0,0.0,
L56917,L,298.9,310.0,1791.0,27.6,166.0,0,0.0,0.0,0.0,0.0,0.0,
L56918,L,299.0,310.0,1509.0,38.0,168.0,0,0.0,0.0,0.0,0.0,0.0,
L56919,L,298.9,310.0,1515.0,42.9,170.0,0,0.0,0.0,0.0,0.0,0.0,
M24600,M,298.9,310.1,1655.0,31.5,172.0,0,0.0,0.0,0.0,0.0,0.0,
L56921,L,298.9,310.1,1495.0,42.9,175.0,0,0.0,0.0,0.0,0.0,0.0,
L56922,L,298.9,310.2,1623.0,37.2,177.0,0,0.0,0.0,0.0,0.0,0.0,
L56923,L,298.9,310.2,1562.0,42.5,179.0,0,0.0,0.0,0.0,0.0,0.0,
L56924,L,298.8,310.1,1574.0,36.2,181.0,0,0.0,0.0,0.0,0.0,0.0,
L56925,L,298.8,310.0,1611.0,32.4,183.0,0,0.0,0.0,0.0,0.0,0.0,
L56926,L,298.8,310.0,1403.0,45.6,185.0,0,0.0,0.0,0.0,0.0,0.0,
L56927,L,298.8,310.1,1481.0,47.4,187.0,0,0.0,0.0,0.0,0.0,0.0,
M24608,M,298.9,310.1,1441.0,41.2,189.0,0,0.0,0.0,0.0,0.0,0.0,
H39163,H,298.8,310.1,1483.0,45.4,192.0,0,0.0,0.0,0.0,0.0,0.0,
L56930,L,298.7,310.0,1555.0,32.6,197.0,0,0.0,0.0,0.0,0.0,0.0,
L56931,L,298.6,309.9,1615.0,28.8,199.0,0,0.0,0.0,0.0,0.0,0.0,
L56932,L,298.6,309.8,1561.0,32.6,201.0,0,0.0,0.0,0.0,0.0,0.0,
L56933,L,298.5,309.8,1593.0,35.1,203.0,0,0.0,0.0,0.0,0.0,0.0,
M24614,M,298.5,309.7,1552.0,34.0,205.0,0,0.0,0.0,0.0,0.0,0.0,
H39169,H,298.5,309.7,1561.0,35.3,208.0,0,0.0,0.0,0.0,0.0,0.0,
L56936,L,298.6,309.8,1597.0,35.9,213.0,0,0.0,0.0,0.0,0.0,0.0,
M24617,M,298.6,309.9,1517.0,34.0,215.0,0,0.0,0.0,0.0,0.0,0.0,
L56938,L,298.6,309.8,2271.0,16.2,218.0,1,1.0,0.0,0.0,0.0,0.0,
L56939,L,298.5,309.7,1613.0,36.7,0.0,0,0.0,0.0,0.0,0.0,0.0,
M24620,M,298.5,309.6,1509.0,47.3,2.0,0,0.0,0.0,0.0,0.0,0.0,
L56941,L,298.6,309.7,1703.0,26.1,5.0,0,0.0,0.0,0.0,0.0,0.0,
L56942,L,298.6,309.7,1925.0,22.1,7.0,0,0.0,0.0,0.0,0.0,0.0,
M24623,M,298.6,309.6,1635.0,29.7,9.0,0,0.0,0.0,0.0,0.0,0.0,
L56944,L,298.5,309.5,1294.0,66.7,12.0,1,0.0,0.0,1.0,0.0,0.0,
L56945,L,298.6,309.6,1472.0,39.1,14.0,0,0.0,0.0,0.0,0.0,0.0,
H39180,H,298.6,309.6,1449.0,42.5,16.0,0,0.0,0.0,0.0,0.0,0.0,
L56947,L,298.6,309.6,1563.0,35.0,21.0,0,0.0,0.0,0.0,0.0,0.0,
L56948,L,298.6,309.6,1611.0,35.7,23.0,0,0.0,0.0,0.0,0.0,0.0,
L56949,L,298.6,309.6,1386.0,48.6,25.0,0,0.0,0.0,0.0,0.0,0.0,
H39184,H,298.6,309.5,1584.0,31.8,27.0,0,0.0,0.0,0.0,0.0,0.0,
M24631,M,298.7,309.6,1424.0,50.4,32.0,0,0.0,0.0,0.0,0.0,0.0,
L56952,L,298.5,309.5,1561.0,34.8,35.0,0,0.0,0.0,0.0,0.0,0.0,
L56953,L,298.5,309.4,1560.0,37.9,37.0,0,0.0,0.0,0.0,0.0,0.0,
H39188,H,298.6,309.5,1375.0,41.0,39.0,0,0.0,0.0,0.0,0.0,0.0,
M24635,M,298.6,309.5,1684.0,27.8,44.0,0,0.0,0.0,0.0,0.0,0.0,
M24636,M,298.6,309.6,1397.0,54.1,47.0,0,0.0,0.0,0.0,0.0,0.0,
L56957,L,298.6,309.6,1387.0,57.6,50.0,0,0.0,0.0,0.0,0.0,0.0,
H39192,H,298.7,309.7,1311.0,54.5,52.0,0,0.0,0.0,0.0,0.0,0.0,
L56959,L,298.8,309.8,1509.0,36.2,57.0,0,0.0,0.0,0.0,0.0,0.0,
M24640,M,298.8,309.8,1477.0,46.7,59.0,0,0.0,0.0,0.0,0.0,0.0,
L56961,L,298.8,309.9,1441.0,41.6,62.0,0,0.0,0.0,0.0,0.0,0.0,
L56962,L,298.7,309.9,1404.0,47.1,64.0,0,0.0,0.0,0.0,0.0,0.0,
H39197,H,298.8,309.9,1466.0,44.6,66.0,0,0.0,0.0,0.0,0.0,0.0,
M24644,M,298.7,309.8,1435.0,48.8,71.0,0,0.0,0.0,0.0,0.0,0.0,
H39199,H,298.7,309.7,1697.0,29.8,74.0,0,0.0,0.0,0.0,0.0,0.0,
M24646,M,298.7,309.6,1738.0,27.3,79.0,0,0.0,0.0,0.0,0.0,0.0,
H39201,H,298.6,309.5,1420.0,50.4,82.0,0,0.0,0.0,0.0,0.0,0.0,
M24648,M,298.5,309.5,1535.0,39.8,87.0,0,0.0,0.0,0.0,0.0,0.0,
L56969,L,298.6,309.6,1715.0,28.4,90.0,0,0.0,0.0,0.0,0.0,0.0,
L56970,L,298.6,309.5,1483.0,43.2,92.0,0,0.0,0.0,0.0,0.0,0.0,
M24651,M,298.5,309.4,1521.0,37.5,94.0,0,0.0,0.0,0.0,0.0,0.0,
H39206,H,298.5,309.4,1573.0,36.0,97.0,0,0.0,0.0,0.0,0.0,0.0,
H39207,H,298.5,309.4,1414.0,46.7,102.0,0,0.0,0.0,0.0,0.0,0.0,
L56974,L,298.5,309.3,1590.0,33.9,107.0,0,0.0,0.0,0.0,0.0,0.0,
L56975,L,298.5,309.3,1623.0,33.1,109.0,0,0.0,0.0,0.0,0.0,0.0,
H39210,H,298.4,309.3,1694.0,30.9,111.0,0,0.0,0.0,0.0,0.0,0.0,
M24657,M,298.4,309.2,1597.0,33.5,116.0,0,0.0,0.0,0.0,0.0,0.0,
L56978,L,298.5,309.3,1471.0,44.7,119.0,0,0.0,0.0,0.0,0.0,0.0,
M24659,M,298.5,309.3,1551.0,34.7,121.0,0,0.0,0.0,0.0,0.0,0.0,
H39214,H,298.5,309.3,1421.0,50.3,124.0,0,0.0,0.0,0.0,0.0,0.0,
M24661,M,298.4,309.3,1496.0,45.6,129.0,0,0.0,0.0,0.0,0.0,0.0,
H39216,H,298.4,309.3,1984.0,19.2,132.0,0,0.0,0.0,0.0,0.0,0.0,
L56983,L,298.4,309.2,1692.0,29.8,137.0,0,0.0,0.0,0.0,0.0,0.0,
L56984,L,298.4,309.1,1467.0,42.5,139.0,0,0.0,0.0,0.0,0.0,0.0,
L56985,L,298.4,309.2,1651.0,28.5,141.0,0,0.0,0.0,0.0,0.0,0.0,
L56986,L,298.3,309.1,1417.0,60.5,143.0,0,0.0,0.0,0.0,0.0,0.0,
L56987,L,298.2,309.0,1413.0,55.0,145.0,0,0.0,0.0,0.0,0.0,0.0,
M24668,M,298.2,309.0,1441.0,44.2,147.0,0,0.0,0.0,0.0,0.0,0.0,
M24669,M,298.2,309.0,1353.0,50.3,150.0,0,0.0,0.0,0.0,0.0,0.0,
L56990,L,298.1,309.0,1502.0,40.9,153.0,0,0.0,0.0,0.0,0.0,0.0,
L56991,L,298.2,309.0,1610.0,31.7,155.0,0,0.0,0.0,0.0,0.0,0.0,
M24672,M,298.2,309.1,1411.0,45.8,157.0,0,0.0,0.0,0.0,0.0,0.0,
L56993,L,298.3,309.1,1387.0,52.3,160.0,0,0.0,0.0,0.0,0.0,0.0,
H39228,H,298.3,309.1,1430.0,40.9,162.0,0,0.0,0.0,0.0,0.0,0.0,
M24675,M,298.4,309.1,1576.0,38.8,167.0,0,0.0,0.0,0.0,0.0,0.0,
M24676,M,298.5,309.2,1721.0,29.4,170.0,0,0.0,0.0,0.0,0.0,0.0,
M24677,M,298.5,309.3,1465.0,42.4,173.0,0,0.0,0.0,0.0,0.0,0.0,
M24678,M,298.6,309.4,1407.0,45.1,176.0,0,0.0,0.0,0.0,0.0,0.0,
M24679,M,298.6,309.4,1464.0,36.9,179.0,0,0.0,0.0,0.0,0.0,0.0,
M24680,M,298.6,309.5,1568.0,36.7,182.0,0,0.0,0.0,0.0,0.0,0.0,
L57001,L,298.6,309.4,1667.0,35.6,185.0,0,0.0,0.0,0.0,0.0,0.0,
L57002,L,298.5,309.4,1360.0,60.9,187.0,1,0.0,0.0,0.0,1.0,0.0,
M24683,M,298.5,309.3,1488.0,43.7,189.0,0,0.0,0.0,0.0,0.0,0.0,
L57004,L,298.4,309.3,1504.0,39.3,192.0,0,0.0,0.0,0.0,0.0,0.0,
L57005,L,298.4,309.2,1610.0,32.4,194.0,0,0.0,0.0,0.0,0.0,0.0,
L57006,L,298.4,309.2,1345.0,52.7,196.0,0,0.0,0.0,0.0,0.0,0.0,
M24687,M,298.3,309.3,1376.0,57.0,198.0,0,0.0,0.0,0.0,0.0,0.0,
L57008,L,298.4,309.4,1385.0,50.0,201.0,0,0.0,0.0,0.0,0.0,0.0,
M24689,M,298.4,309.4,1429.0,41.8,203.0,0,0.0,0.0,0.0,0.0,0.0,
L57010,L,298.3,309.3,1337.0,56.1,206.0,1,0.0,0.0,0.0,1.0,0.0,
L57011,L,298.4,309.3,1542.0,35.4,208.0,0,0.0,0.0,0.0,0.0,0.0,
L57012,L,298.4,309.2,2118.0,17.7,210.0,0,0.0,0.0,0.0,0.0,0.0,
L57013,L,298.3,309.1,1386.0,45.3,212.0,0,0.0,0.0,0.0,0.0,0.0,
M24694,M,298.3,309.1,1632.0,32.7,0.0,0,0.0,0.0,0.0,0.0,0.0,
L57015,L,298.4,309.3,1545.0,36.9,3.0,0,0.0,0.0,0.0,0.0,0.0,
M24696,M,298.4,309.3,1390.0,53.6,5.0,0,0.0,0.0,0.0,0.0,0.0,
M24697,M,298.4,309.3,1355.0,50.6,8.0,0,0.0,0.0,0.0,0.0,0.0,
L57018,L,298.4,309.2,1425.0,45.5,11.0,0,0.0,0.0,0.0,0.0,0.0,
M24699,M,298.4,309.2,1491.0,51.2,13.0,0,0.0,0.0,0.0,0.0,0.0,
H39254,H,298.3,309.2,1486.0,42.4,16.0,0,0.0,0.0,0.0,0.0,0.0,
M24701,M,298.3,309.2,1359.0,51.4,21.0,0,0.0,0.0,0.0,0.0,0.0,
L57022,L,298.4,309.3,1395.0,47.6,24.0,0,0.0,0.0,0.0,0.0,0.0,
L57023,L,298.3,309.2,1383.0,52.1,26.0,0,0.0,0.0,0.0,0.0,0.0,
H39258,H,298.3,309.1,1484.0,37.0,28.0,0,0.0,0.0,0.0,0.0,0.0,
L57025,L,298.3,309.1,1421.0,47.4,33.0,0,0.0,0.0,0.0,0.0,0.0,
L57026,L,298.3,309.0,1339.0,58.8,35.0,0,0.0,0.0,0.0,0.0,0.0,
L57027,L,298.4,309.1,1362.0,46.1,37.0,0,0.0,0.0,0.0,0.0,0.0,
H39262,H,298.5,309.2,1568.0,40.6,39.0,0,0.0,0.0,0.0,0.0,0.0,
L57029,L,298.6,309.4,2312.0,15.5,44.0,0,0.0,0.0,0.0,0.0,0.0,
M24710,M,298.5,309.3,1498.0,34.6,46.0,0,0.0,0.0,0.0,0.0,0.0,
M24711,M,298.5,309.3,1761.0,27.2,49.0,0,0.0,0.0,0.0,0.0,0.0,
L57032,L,298.6,309.4,1316.0,51.4,52.0,0,0.0,0.0,0.0,0.0,0.0,
L57033,L,298.6,309.4,1525.0,37.8,54.0,0,0.0,0.0,0.0,0.0,0.0,
H39268,H,298.6,309.4,1362.0,45.3,56.0,0,0.0,0.0,0.0,0.0,0.0,
L57035,L,298.7,309.6,1516.0,38.5,61.0,0,0.0,0.0,0.0,0.0,0.0,
L57036,L,298.6,309.5,1450.0,44.2,63.0,0,0.0,0.0,0.0,0.0,0.0,
M24717,M,298.6,309.5,1366.0,55.0,65.0,0,0.0,0.0,0.0,0.0,0.0,
L57038,L,298.5,309.5,1547.0,33.1,68.0,0,0.0,0.0,0.0,0.0,0.0,
M24719,M,298.6,309.5,1580.0,33.9,70.0,0,0.0,0.0,0.0,0.0,0.0,
H39274,H,298.7,309.6,1755.0,26.9,73.0,0,0.0,0.0,0.0,0.0,0.0,
M24721,M,298.7,309.6,1800.0,24.8,78.0,0,0.0,0.0,0.0,0.0,0.0,
M24722,M,298.8,309.7,1439.0,45.8,81.0,0,0.0,0.0,0.0,0.0,0.0,
L57043,L,298.9,309.8,1411.0,56.3,84.0,0,0.0,0.0,0.0,0.0,0.0,
M24724,M,298.9,309.9,1645.0,31.4,86.0,0,0.0,0.0,0.0,0.0,0.0,
M24725,M,298.9,309.8,2450.0,13.9,89.0,0,0.0,0.0,0.0,0.0,0.0,
L57046,L,299.0,309.9,1630.0,34.0,92.0,0,0.0,0.0,0.0,0.0,0.0,
L57047,L,299.0,309.9,1411.0,44.7,94.0,0,0.0,0.0,0.0,0.0,0.0,
L57048,L,298.9,309.9,1526.0,35.4,96.0,0,0.0,0.0,0.0,0.0,0.0,
L57049,L,298.9,309.9,1590.0,31.3,98.0,0,0.0,0.0,0.0,0.0,0.0,
H39284,H,299.0,309.9,1884.0,25.6,100.0,0,0.0,0.0,0.0,0.0,0.0,
M24731,M,298.9,309.8,1947.0,21.7,105.0,0,0.0,0.0,0.0,0.0,0.0,
L57052,L,298.9,309.9,1373.0,52.1,108.0,0,0.0,0.0,0.0,0.0,0.0,
L57053,L,298.9,309.8,1616.0,36.5,110.0,0,0.0,0.0,0.0,0.0,0.0,
M24734,M,298.9,309.9,1449.0,44.1,112.0,0,0.0,0.0,0.0,0.0,0.0,
M24735,M,298.9,309.8,1363.0,50.6,115.0,0,0.0,0.0,0.0,0.0,0.0,
H39290,H,298.8,309.7,1461.0,55.1,118.0,0,0.0,0.0,0.0,0.0,0.0,
L57057,L,298.8,309.7,1374.0,58.6,123.0,0,0.0,0.0,0.0,0.0,0.0,
L57058,L,298.7,309.7,1293.0,59.1,125.0,0,0.0,0.0,0.0,0.0,0.0,
M24739,M,298.8,309.8,1490.0,38.6,127.0,0,0.0,0.0,0.0,0.0,0.0,
L57060,L,298.8,309.8,1753.0,27.5,130.0,0,0.0,0.0,0.0,0.0,0.0,
L57061,L,298.8,309.8,1493.0,38.5,132.0,0,0.0,0.0,0.0,0.0,0.0,
L57062,L,298.8,309.8,1895.0,22.0,134.0,0,0.0,0.0,0.0,0.0,0.0,
H39297,H,298.7,309.6,1654.0,34.3,136.0,0,0.0,0.0,0.0,0.0,0.0,
L57064,L,298.7,309.5,1673.0,30.8,141.0,0,0.0,0.0,0.0,0.0,0.0,
L57065,L,298.8,309.6,1613.0,27.7,143.0,0,0.0,0.0,0.0,0.0,0.0,
L57066,L,298.8,309.6,1903.0,22.3,145.0,0,0.0,0.0,0.0,0.0,0.0,
L57067,L,298.8,309.5,1368.0,44.7,147.0,0,0.0,0.0,0.0,0.0,0.0,
M24748,M,298.8,309.6,1575.0,34.4,149.0,0,0.0,0.0,0.0,0.0,0.0,
H39303,H,298.8,309.6,1516.0,40.2,152.0,0,0.0,0.0,0.0,0.0,0.0,
L57070,L,298.8,309.5,1645.0,32.8,157.0,0,0.0,0.0,0.0,0.0,0.0,
L57071,L,298.8,309.5,1374.0,48.1,159.0,0,0.0,0.0,0.0,0.0,0.0,
H39306,H,298.9,309.7,1407.0,48.6,161.0,0,0.0,0.0,0.0,0.0,0.0,
M24753,M,298.9,309.6,1284.0,55.3,166.0,0,0.0,0.0,0.0,0.0,0.0,
L57074,L,298.9,309.5,1645.0,31.1,169.0,0,0.0,0.0,0.0,0.0,0.0,
L57075,L,298.8,309.4,1387.0,54.1,171.0,0,0.0,0.0,0.0,0.0,0.0,
M24756,M,298.8,309.3,1618.0,35.1,173.0,0,0.0,0.0,0.0,0.0,0.0,
L57077,L,298.8,309.3,1357.0,47.1,176.0,0,0.0,0.0,0.0,0.0,0.0,
L57078,L,298.7,309.2,1396.0,44.8,178.0,0,0.0,0.0,0.0,0.0,0.0,
L57079,L,298.7,309.2,1586.0,31.4,180.0,0,0.0,0.0,0.0,0.0,0.0,
H39314,H,298.7,309.2,1449.0,42.3,182.0,0,0.0,0.0,0.0,0.0,0.0,
M24761,M,298.7,309.2,1423.0,48.9,187.0,0,0.0,0.0,0.0,0.0,0.0,
H39316,H,298.7,309.3,1402.0,45.3,190.0,0,0.0,0.0,0.0,0.0,0.0,
M24763,M,298.7,309.2,1437.0,45.7,195.0,0,0.0,0.0,0.0,0.0,0.0,
L57084,L,298.6,309.1,1537.0,35.7,198.0,0,0.0,0.0,0.0,0.0,0.0,
M24765,M,298.7,309.1,1423.0,49.5,200.0,0,0.0,0.0,0.0,0.0,0.0,
M24766,M,298.6,309.1,1587.0,37.3,203.0,0,0.0,0.0,0.0,0.0,0.0,
M24767,M,298.6,309.1,1487.0,43.2,206.0,0,0.0,0.0,0.0,0.0,0.0,
L57088,L,298.6,309.0,1456.0,47.7,0.0,0,0.0,0.0,0.0,0.0,0.0,
L57089,L,298.7,309.1,1607.0,32.7,2.0,0,0.0,0.0,0.0,0.0,0.0,
L57090,L,298.6,309.0,1469.0,46.0,4.0,0,0.0,0.0,0.0,0.0,0.0,
M24771,M,298.6,309.0,1481.0,40.8,6.0,0,0.0,0.0,0.0,0.0,0.0,
L57092,L,298.6,308.9,1327.0,58.8,9.0,0,0.0,0.0,0.0,0.0,0.0,
L57093,L,298.5,308.8,1589.0,30.6,11.0,0,0.0,0.0,0.0,0.0,0.0,
L57094,L,298.5,308.8,1670.0,29.6,13.0,0,0.0,0.0,0.0,0.0,0.0,
M24775,M,298.5,308.7,1662.0,28.3,15.0,0,0.0,0.0,0.0,0.0,0.0,
M24776,M,298.5,308.8,1553.0,34.9,18.0,0,0.0,0.0,0.0,0.0,0.0,
M24777,M,298.5,308.8,1557.0,36.0,21.0,0,0.0,0.0,0.0,0.0,0.0,
L57098,L,298.4,308.8,1352.0,56.7,24.0,0,0.0,0.0,0.0,0.0,0.0,
L57099,L,298.5,308.8,1305.0,58.7,26.0,0,0.0,0.0,0.0,0.0,0.0,
H39334,H,298.5,308.7,1450.0,43.9,28.0,0,0.0,0.0,0.0,0.0,0.0,
M24781,M,298.5,308.7,1347.0,48.5,33.0,0,0.0,0.0,0.0,0.0,0.0,
H39336,H,298.6,308.8,1566.0,39.1,36.0,0,0.0,0.0,0.0,0.0,0.0,
M24783,M,298.5,308.7,1615.0,33.3,41.0,0,0.0,0.0,0.0,0.0,0.0,
M24784,M,298.5,308.6,1384.0,54.4,44.0,0,0.0,0.0,0.0,0.0,0.0,
M24785,M,298.5,308.7,1367.0,47.3,47.0,0,0.0,0.0,0.0,0.0,0.0,
M24786,M,298.5,308.6,1897.0,20.2,50.0,0,0.0,0.0,0.0,0.0,0.0,
L57107,L,298.5,308.6,1522.0,36.9,53.0,0,0.0,0.0,0.0,0.0,0.0,
M24788,M,298.4,308.5,1576.0,27.4,55.0,0,0.0,0.0,0.0,0.0,0.0,
H39343,H,298.4,308.4,1479.0,39.2,58.0,0,0.0,0.0,0.0,0.0,0.0,
L57110,L,298.3,308.3,1452.0,45.5,63.0,0,0.0,0.0,0.0,0.0,0.0,
L57111,L,298.3,308.3,1432.0,46.9,65.0,0,0.0,0.0,0.0,0.0,0.0,
L57112,L,298.3,308.2,1663.0,28.4,67.0,0,0.0,0.0,0.0,0.0,0.0,
L57113,L,298.3,308.3,1597.0,32.4,69.0,0,0.0,0.0,0.0,0.0,0.0,
L57114,L,298.3,308.2,1472.0,44.3,71.0,0,0.0,0.0,0.0,0.0,0.0,
L57115,L,298.4,308.3,1452.0,48.5,73.0,0,0.0,0.0,0.0,0.0,0.0,
H39350,H,298.3,308.2,1534.0,33.2,75.0,0,0.0,0.0,0.0,0.0,0.0,
L57117,L,298.3,308.1,1505.0,46.1,80.0,0,0.0,0.0,0.0,0.0,0.0,
L57118,L,298.3,308.1,1528.0,33.9,82.0,0,0.0,0.0,0.0,0.0,0.0,
H39353,H,298.3,308.1,2636.0,12.8,84.0,0,0.0,0.0,0.0,0.0,0.0,
M24800,M,298.3,308.1,1722.0,28.6,89.0,0,0.0,0.0,0.0,0.0,0.0,
L57121,L,298.4,308.1,1395.0,44.0,92.0,0,0.0,0.0,0.0,0.0,0.0,
L57122,L,298.4,308.1,1375.0,50.8,94.0,0,0.0,0.0,0.0,0.0,0.0,
M24803,M,298.3,308.0,1766.0,26.0,96.0,0,0.0,0.0,0.0,0.0,0.0,
L57124,L,298.3,307.9,1399.0,47.8,99.0,0,0.0,0.0,0.0,0.0,0.0,
L57125,L,298.3,308.0,1578.0,37.8,101.0,0,0.0,0.0,0.0,0.0,0.0,
L57126,L,298.3,307.9,1502.0,42.0,103.0,0,0.0,0.0,0.0,0.0,0.0,
M24807,M,298.2,307.9,1529.0,36.6,105.0,0,0.0,0.0,0.0,0.0,0.0,
L57128,L,298.2,307.8,1804.0,25.1,108.0,0,0.0,0.0,0.0,0.0,0.0,
M24809,M,298.2,307.8,1411.0,53.4,110.0,0,0.0,0.0,0.0,0.0,0.0,
L57130,L,298.1,307.8,1413.0,54.1,113.0,0,0.0,0.0,0.0,0.0,0.0,
L57131,L,298.2,307.8,1355.0,59.4,115.0,0,0.0,0.0,0.0,0.0,0.0,
L57132,L,298.2,307.8,1429.0,46.9,117.0,0,0.0,0.0,0.0,0.0,0.0,
L57133,L,298.1,307.8,1565.0,35.3,119.0,0,0.0,0.0,0.0,0.0,0.0,
M24814,M,298.1,307.9,1446.0,42.8,121.0,0,0.0,0.0,0.0,0.0,0.0,
M24815,M,298.2,307.9,1462.0,38.8,124.0,0,0.0,0.0,0.0,0.0,0.0,
M24816,M,298.2,307.8,1578.0,34.5,127.0,0,0.0,0.0,0.0,0.0,0.0,
L57137,L,298.1,307.8,1606.0,33.0,130.0,0,0.0,0.0,0.0,0.0,0.0,
M24818,M,298.1,307.8,1525.0,35.9,132.0,0,0.0,0.0,0.0,0.0,0.0,
L57139,L,298.1,307.8,1379.0,49.1,135.0,0,0.0,0.0,0.0,0.0,0.0,
L57140,L,298.2,307.8,1575.0,35.0,137.0,0,0.0,0.0,0.0,0.0,0.0,
L57141,L,298.2,307.9,1399.0,54.9,139.0,0,0.0,0.0,0.0,0.0,0.0,
L57142,L,298.2,307.9,1429.0,49.4,141.0,0,0.0,0.0,0.0,0.0,0.0,
L57143,L,298.3,307.9,1435.0,39.9,143.0,0,0.0,0.0,0.0,0.0,0.0,
L57144,L,298.3,307.9,1766.0,26.5,145.0,0,0.0,0.0,0.0,0.0,0.0,
L57145,L,298.3,307.9,1703.0,28.9,147.0,0,0.0,0.0,0.0,0.0,0.0,
L57146,L,298.3,307.9,1507.0,41.2,149.0,0,0.0,0.0,0.0,0.0,0.0,
M24827,M,298.3,307.9,1609.0,32.4,151.0,0,0.0,0.0,0.0,0.0,0.0,
L57148,L,298.4,308.0,1605.0,32.4,154.0,0,0.0,0.0,0.0,0.0,0.0,
L57149,L,298.4,308.1,1491.0,50.0,156.0,0,0.0,0.0,0.0,0.0,0.0,
H39384,H,298.4,308.1,1891.0,24.7,158.0,0,0.0,0.0,0.0,0.0,0.0,
H39385,H,298.5,308.2,1563.0,44.6,163.0,0,0.0,0.0,0.0,0.0,0.0,
L57152,L,298.6,308.2,1390.0,51.4,168.0,0,0.0,0.0,0.0,0.0,0.0,
L57153,L,298.5,308.2,1444.0,40.5,170.0,0,0.0,0.0,0.0,0.0,0.0,
L57154,L,298.6,308.2,1361.0,68.2,172.0,1,0.0,0.0,1.0,1.0,0.0,
M24835,M,298.6,308.3,1589.0,34.1,174.0,0,0.0,0.0,0.0,0.0,0.0,
L57156,L,298.6,308.2,1705.0,26.3,177.0,0,0.0,0.0,0.0,0.0,0.0,
L57157,L,298.6,308.3,1422.0,40.4,179.0,0,0.0,0.0,0.0,0.0,0.0,
H39392,H,298.6,308.3,1377.0,52.1,181.0,0,0.0,0.0,0.0,0.0,0.0,
L57159,L,298.5,308.3,1334.0,49.8,186.0,0,0.0,0.0,0.0,0.0,0.0,
L57160,L,298.6,308.4,1559.0,36.6,188.0,0,0.0,0.0,0.0,0.0,0.0,
L57161,L,298.7,308.5,1353.0,47.0,190.0,0,0.0,0.0,0.0,0.0,0.0,
M24842,M,298.7,308.4,1507.0,45.7,192.0,0,0.0,0.0,0.0,0.0,0.0,
L57163,L,298.7,308.4,1694.0,28.7,195.0,0,0.0,0.0,0.0,0.0,0.0,
H39398,H,298.7,308.4,1432.0,42.8,197.0,0,0.0,0.0,0.0,0.0,0.0,
H39399,H,298.7,308.5,1572.0,35.6,202.0,0,0.0,0.0,0.0,0.0,0.0,
M24846,M,298.8,308.6,1507.0,42.3,207.0,0,0.0,0.0,0.0,0.0,0.0,
M24847,M,298.8,308.6,1500.0,37.1,210.0,0,0.0,0.0,0.0,0.0,0.0,
L57168,L,298.9,308.6,1771.0,24.1,213.0,0,0.0,0.0,0.0,0.0,0.0,
M24849,M,298.8,308.5,1577.0,33.2,0.0,0,0.0,0.0,0.0,0.0,0.0,
L57170,L,298.8,308.5,1527.0,36.2,3.0,0,0.0,0.0,0.0,0.0,0.0,
M24851,M,298.9,308.4,1827.0,26.1,5.0,0,0.0,0.0,0.0,0.0,0.0,
L57172,L,298.8,308.4,1484.0,39.2,8.0,0,0.0,0.0,0.0,0.0,0.0,
L57173,L,298.8,308.4,1401.0,47.3,10.0,0,0.0,0.0,0.0,0.0,0.0,
L57174,L,298.8,308.3,1634.0,27.9,12.0,0,0.0,0.0,0.0,0.0,0.0,
M24855,M,298.8,308.4,1604.0,29.5,14.0,0,0.0,0.0,0.0,0.0,0.0,
H39410,H,298.9,308.4,1632.0,31.8,17.0,0,0.0,0.0,0.0,0.0,0.0,
M24857,M,299.0,308.6,1645.0,33.4,22.0,0,0.0,0.0,0.0,0.0,0.0,
H39412,H,299.0,308.7,1408.0,48.5,25.0,0,0.0,0.0,0.0,0.0,0.0,
M24859,M,299.0,308.7,1500.0,40.2,30.0,0,0.0,0.0,0.0,0.0,0.0,
M14860,M,298.1,308.6,1551.0,42.8,0.0,0,,,,,,10001.0
L47181,L,298.2,308.7,1408.0,46.3,3.0,0,,,,,,10002.0
L47182,L,298.1,308.5,1498.0,49.4,5.0,0,,,,,,10003.0
L47183,L,298.2,308.6,1433.0,39.5,7.0,0,,,,,,10004.0
L47184,L,298.0,308.6,1408.0,40.0,9.0,0,,,,,,10005.0
M14861,M,298.1,308.6,1425.0,41.9,11.0,0,,,,,,10006.0
L47185,L,298.1,308.6,1558.0,40.7,14.0,0,,,,,,10007.0
L47186,L,298.1,308.6,1527.0,38.8,17.0,0,,,,,,10008.0
M14862,M,298.3,308.7,1667.0,28.6,19.0,0,,,,,,10009.0
L47187,L,298.5,309.0,1741.0,28.0,21.0,0,,,,,,10010.0
M14863,M,298.4,308.9,1782.0,23.9,24.0,0,,,,,,10011.0
H29424,H,298.6,308.9,1535.0,40.2,26.0,0,,,,,,10012.0
L47188,L,298.8,309.1,1730.0,30.3,28.0,0,,,,,,10013.0
M14864,M,298.8,309.2,1434.0,44.9,31.0,0,,,,,,10014.0
L47189,L,298.8,309.2,1545.0,39.2,33.0,0,,,,,,10015.0
L47190,L,298.8,309.2,1498.0,44.1,37.0,0,,,,,,10016.0
M14865,M,299.0,309.2,1495.0,43.3,40.0,0,,,,,,10017.0
M14866,M,299.1,309.4,1421.0,49.7,42.0,0,,,,,,10018.0
H29425,H,299.1,309.5,1427.0,47.2,45.0,0,,,,,,10019.0
M14867,M,298.9,309.5,2861.0,4.6,143.0,1,,,,,,10020.0
L47191,L,298.9,309.6,1343.0,62.8,205.0,1,,,,,,10021.0
L47200,L,,308.6,1551.0,42.8,0.0,0,,,,,,10036.0
M14872,X,298.2,,1408.0,46.3,3.0,0,,,,,,10037.0
L47201,L,298.1,308.5,,49.4,5.0,0,,,,,,10038.0
H29428,H,298.2,308.6,1433.0,,7.0,0,,,,,,10039.0
L47202,L,298.0,308.6,1408.0,40.0,,0,,,,,,10040.0
M14873,M,298.1,308.6,1425.0,41.9,11.0,0,,,,,,10041.0
L47203,L,298.1,308.6,2840.0,4.2,150.0,1,,,,,,10042.0
H29429,H,298.3,308.7,1310.0,65.0,210.0,1,,,,,,10043.0
L47204,L,298.5,309.0,1741.0,28.0,21.0,0,,,,,,10044.0
