Product ID,Type,Air temperature [K],Process temperature [K],Rotational speed [rpm],Torque [Nm],Tool wear [min],Machine failure,TWF,HDF,PWF,OSF,RNF
M14860,M,298.1,308.6,1551,42.8,0,0,0,0,0,0,0
L47181,L,298.2,308.7,1408,46.3,3,0,0,0,0,0,0
L47182,L,298.1,308.5,1498,49.4,5,0,0,0,0,0,0
L47183,L,298.2,308.6,1433,39.5,7,0,0,0,0,0,0
L47184,L,298.2,308.7,1408,40.0,9,0,0,0,0,0,0
M14865,M,298.1,308.6,1425,41.9,11,0,0,0,0,0,0
L47186,L,298.1,308.6,1558,42.4,14,0,0,0,0,0,0
L47187,L,298.1,308.6,1527,40.2,16,0,0,0,0,0,0
M14868,M,298.3,308.7,1667,28.6,18,0,0,0,0,0,0
M14869,M,298.5,309.0,1741,28.0,21,0,0,0,0,0,0
H29424,H,298.4,308.9,1782,23.9,24,0,0,0,0,0,0
H29425,H,298.6,309.1,1423,44.3,29,0,0,0,0,0,0
M14872,M,298.6,309.1,1339,51.1,34,0,0,0,0,0,0
M14873,M,298.6,309.2,1742,30.0,37,0,0,0,0,0,0
L47194,L,298.6,309.2,2035,19.6,40,0,0,0,0,0,0
L47195,L,298.6,309.2,1542,48.4,42,0,0,0,0,0,0
M14876,M,298.6,309.2,1311,46.6,44,0,0,0,0,0,0
M14877,M,298.7,309.2,1410,45.6,47,0,0,0,0,0,0
H29432,H,298.8,309.2,1306,54.5,50,0,0,0,0,0,0
M14879,M,298.9,309.3,1632,32.5,55,0,0,0,0,0,0
H29434,H,298.9,309.3,1375,42.7,58,0,0,0,0,0,0
L47201,L,298.8,309.3,1450,44.8,63,0,0,0,0,0,0
M14882,M,298.9,309.3,1581,30.7,65,0,0,0,0,0,0
L47203,L,299.0,309.4,1758,25.7,68,0,0,0,0,0,0
M14884,M,299.0,309.4,1561,37.3,70,0,0,0,0,0,0
L47205,L,299.0,309.5,1861,23.3,73,0,0,0,0,0,0
L47206,L,299.1,309.5,1512,39.0,75,0,0,0,0,0,0
H29441,H,299.1,309.4,1811,24.6,77,0,0,0,0,0,0
L47208,L,299.1,309.4,1439,44.2,82,0,0,0,0,0,0
L47209,L,299.0,309.4,1693,30.1,84,0,0,0,0,0,0
M14890,M,299.1,309.5,1339,48.2,86,0,0,0,0,0,0
L47211,L,299.0,309.4,1798,25.5,89,0,0,0,0,0,0
L47212,L,299.0,309.4,1419,48.3,91,0,0,0,0,0,0
L47213,L,298.9,309.3,1665,32.5,93,0,0,0,0,0,0
M14894,M,298.8,309.1,1559,34.7,95,0,0,0,0,0,0
M14895,M,298.8,309.2,1452,48.6,98,0,0,0,0,0,0
M14896,M,298.9,309.2,1581,36.7,101,0,0,0,0,0,0
L47217,L,298.8,309.1,1439,39.2,104,0,0,0,0,0,0
H29452,H,298.9,309.2,1379,50.7,106,0,0,0,0,0,0
L47219,L,298.8,309.1,1350,52.5,111,0,0,0,0,0,0
L47220,L,298.8,309.1,1362,45.4,113,0,0,0,0,0,0
L47221,L,298.8,309.1,1368,50.8,115,0,0,0,0,0,0
M14902,M,298.8,309.1,1368,49.1,117,0,0,0,0,0,0
H29457,H,298.8,309.2,1372,48.5,120,0,0,0,0,0,0
M14904,M,298.8,309.1,1472,47.5,125,0,0,0,0,0,0
L47225,L,298.8,309.1,1489,49.1,128,0,0,0,0,0,0
M14906,M,298.7,309.0,1843,25.8,130,0,0,0,0,0,0
L47227,L,298.8,309.1,1418,46.3,133,0,0,0,0,0,0
H29462,H,298.8,309.2,1425,53.9,135,0,0,0,0,0,0
M14909,M,298.9,309.2,1412,44.1,140,0,0,0,0,0,0
L47230,L,298.9,309.1,2861,4.6,143,1,0,0,1,0,0
L47231,L,298.9,309.1,1383,54.9,145,0,0,0,0,0,0
H29466,H,298.8,309.0,1497,43.8,147,0,0,0,0,0,0
L47233,L,298.7,309.0,1565,35.1,152,0,0,0,0,0,0
L47234,L,298.7,309.0,1691,30.1,154,0,0,0,0,0,0
L47235,L,298.8,309.1,1512,40.7,156,0,0,0,0,0,0
L47236,L,298.8,309.1,1477,42.4,158,0,0,0,0,0,0
L47237,L,298.8,309.1,1513,40.3,160,0,0,0,0,0,0
M14918,M,298.8,309.0,1661,29.5,162,0,0,0,0,0,0
L47239,L,298.8,309.1,1378,54.4,165,0,0,0,0,0,0
L47240,L,298.8,309.1,1393,52.6,167,0,0,0,0,0,0
M14921,M,298.8,309.0,1592,38.2,169,0,0,0,0,0,0
L47242,L,298.8,309.0,1829,22.9,172,0,0,0,0,0,0
M14923,M,298.9,309.0,1812,25.9,174,0,0,0,0,0,0
L47244,L,299.0,309.1,1523,38.6,177,0,0,0,0,0,0
L47245,L,299.0,309.1,1394,45.1,179,0,0,0,0,0,0
M14926,M,298.9,308.9,1679,28.7,181,0,0,0,0,0,0
H29481,H,298.8,308.9,1466,44.1,184,0,0,0,0,0,0
L47248,L,298.8,308.9,1527,32.4,189,0,0,0,0,0,0
L47249,L,298.9,309.0,1410,65.7,191,1,0,0,1,1,0
M14930,M,298.9,309.0,1924,22.6,193,0,0,0,0,0,0
L47251,L,298.9,309.1,1452,45.5,196,0,0,0,0,0,0
L47252,L,298.9,309.1,1369,44.4,198,0,0,0,0,0,0
L47253,L,299.0,309.1,1592,35.0,200,0,0,0,0,0,0
L47254,L,298.9,309.0,1601,32.3,202,0,0,0,0,0,0
L47255,L,298.8,308.9,1379,46.7,204,0,0,0,0,0,0
L47256,L,298.8,308.9,1461,47.9,206,0,0,0,0,0,0
L47257,L,298.8,308.9,1455,41.3,208,1,1,0,0,0,0
L47258,L,298.8,308.9,1398,51.5,0,0,0,0,0,0,0
L47259,L,298.8,308.9,1402,37.9,2,0,0,0,0,0,0
H29494,H,298.8,308.8,1445,49.9,4,0,0,0,0,0,0
L47261,L,298.9,308.9,1450,47.5,9,0,0,0,0,0,0
L47262,L,298.9,308.9,1453,40.8,11,0,0,0,0,0,0
L47263,L,299.0,309.0,1469,40.1,13,0,0,0,0,0,0
L47264,L,298.9,308.9,1422,47.6,15,0,0,0,0,0,0
M14945,M,299.0,309.0,1804,26.8,17,0,0,0,0,0,0
H29500,H,299.0,309.0,1436,43.9,20,0,0,0,0,0,0
L47267,L,299.0,309.0,1544,31.8,25,0,0,0,0,0,0
M14948,M,299.0,309.0,1419,45.2,27,0,0,0,0,0,0
M14949,M,298.9,308.9,1487,39.5,30,0,0,0,0,0,0
L47270,L,298.9,308.9,1753,25.8,33,0,0,0,0,0,0
L47271,L,298.9,308.9,1830,24.9,35,0,0,0,0,0,0
M14952,M,298.9,308.9,1727,27.1,37,0,0,0,0,0,0
L47273,L,299.1,309.0,1450,43.0,40,0,0,0,0,0,0
L47274,L,299.0,308.9,1622,31.9,42,0,0,0,0,0,0
M14955,M,299.0,309.0,1351,52.2,44,0,0,0,0,0,0
M14956,M,299.0,309.0,1575,35.3,47,0,0,0,0,0,0
M14957,M,298.9,308.9,1750,29.9,50,0,0,0,0,0,0
L47278,L,298.9,308.8,1529,32.7,53,0,0,0,0,0,0
L47279,L,298.8,308.8,1523,44.4,55,0,0,0,0,0,0
L47280,L,298.8,308.9,1852,25.0,57,0,0,0,0,0,0
L47281,L,298.8,308.8,1991,20.7,59,0,0,0,0,0,0
L47282,L,298.8,308.8,1555,40.6,61,0,0,0,0,0,0
M14963,M,298.8,308.8,1441,40.5,63,0,0,0,0,0,0
L47284,L,298.8,308.7,1450,43.4,66,0,0,0,0,0,0
L47285,L,298.8,308.7,1591,31.1,68,0,0,0,0,0,0
L47286,L,298.8,308.7,1445,48.5,70,0,0,0,0,0,0
M14967,M,298.8,308.8,1497,46.8,72,0,0,0,0,0,0
H29522,H,298.9,308.8,1621,32.7,75,0,0,0,0,0,0
L47289,L,298.9,308.7,1572,34.1,80,0,0,0,0,0,0
L47290,L,298.8,308.6,1872,22.5,82,0,0,0,0,0,0
H29525,H,298.7,308.6,1499,43.5,84,0,0,0,0,0,0
M14972,M,298.8,308.7,1498,39.5,89,0,0,0,0,0,0
M14973,M,298.8,308.6,1486,41.9,92,0,0,0,0,0,0
L47294,L,298.8,308.6,1680,29.4,95,0,0,0,0,0,0
L47295,L,298.8,308.6,1431,45.7,97,0,0,0,0,0,0
L47296,L,298.9,308.7,1564,34.1,99,0,0,0,0,0,0
L47297,L,298.8,308.6,1599,33.0,101,0,0,0,0,0,0
M14978,M,298.8,308.6,1707,28.1,103,0,0,0,0,0,0
L47299,L,298.7,308.5,1467,40.7,106,0,0,0,0,0,0
L47300,L,298.9,308.7,1433,44.7,108,0,0,0,0,0,0
L47301,L,298.9,308.7,1558,41.2,110,0,0,0,0,0,0
L47302,L,299.0,308.8,1310,50.7,112,0,0,0,0,0,0
L47303,L,298.9,308.7,1546,43.4,114,0,0,0,0,0,0
L47304,L,298.9,308.7,1727,29.4,116,0,0,0,0,0,0
L47305,L,298.9,308.6,1560,32.2,118,0,0,0,0,0,0
L47306,L,299.0,308.6,1329,60.5,120,0,0,0,0,0,0
L47307,L,298.9,308.6,1413,46.5,122,0,0,0,0,0,0
L47308,L,299.0,308.6,1587,38.6,124,0,0,0,0,0,0
L47309,L,298.9,308.5,1559,34.3,126,0,0,0,0,0,0
L47310,L,298.8,308.4,1473,41.1,128,0,0,0,0,0,0
L47311,L,298.8,308.4,1737,27.7,130,0,0,0,0,0,0
M14992,M,298.7,308.4,1441,43.2,132,0,0,0,0,0,0
M14993,M,298.7,308.4,1430,49.6,135,0,0,0,0,0,0
L47314,L,298.8,308.4,1369,53.0,138,0,0,0,0,0,0
M14995,M,298.8,308.5,1711,28.5,140,0,0,0,0,0,0
H29550,H,298.7,308.5,1420,45.7,143,0,0,0,0,0,0
L47317,L,298.7,308.6,1297,55.3,148,0,0,0,0,0,0
H29552,H,298.8,308.6,1449,49.4,150,0,0,0,0,0,0
L47319,L,298.8,308.6,1268,55.8,155,0,0,0,0,0,0
L47320,L,298.8,308.6,1511,36.1,157,0,0,0,0,0,0
L47321,L,298.7,308.5,1544,35.2,159,0,0,0,0,0,0
M15002,M,298.6,308.4,1778,28.2,161,0,0,0,0,0,0
H29557,H,298.6,308.4,1407,50.5,164,0,0,0,0,0,0
M15004,M,298.6,308.4,1391,42.4,169,0,0,0,0,0,0
L47325,L,298.5,308.4,1513,33.6,172,0,0,0,0,0,0
H29560,H,298.5,308.4,1612,36.1,174,0,0,0,0,0,0
L47327,L,298.4,308.4,1515,40.1,179,0,0,0,0,0,0
M15008,M,298.3,308.3,1379,48.0,181,0,0,0,0,0,0
L47329,L,298.4,308.3,1473,39.9,184,0,0,0,0,0,0
L47330,L,298.4,308.3,1422,42.7,186,0,0,0,0,0,0
M15011,M,298.4,308.2,1463,37.6,188,0,0,0,0,0,0
M15012,M,298.4,308.2,1584,41.0,191,0,0,0,0,0,0
L47333,L,298.4,308.2,1850,27.0,194,0,0,0,0,0,0
L47334,L,298.4,308.2,1528,36.2,196,0,0,0,0,0,0
H29569,H,298.4,308.2,1987,19.8,198,0,0,0,0,0,0
M15016,M,298.4,308.1,1495,46.0,203,0,0,0,0,0,0
H29571,H,298.4,308.2,1478,43.5,206,0,0,0,0,0,0
M15018,M,298.4,308.2,1499,40.0,211,0,0,0,0,0,0
L47339,L,298.4,308.2,1471,47.0,214,0,0,0,0,0,0
L47340,L,298.4,308.2,1282,60.7,216,1,0,0,0,1,0
L47341,L,298.3,308.1,1412,52.3,218,1,0,0,0,1,0
L47342,L,298.3,308.1,1586,35.5,0,0,0,0,0,0,0
M15023,M,298.4,308.2,1468,43.8,2,0,0,0,0,0,0
M15024,M,298.5,308.3,1440,43.6,5,0,0,0,0,0,0
L47345,L,298.5,308.4,1733,26.0,8,0,0,0,0,0,0
H29580,H,298.4,308.2,1612,32.6,10,0,0,0,0,0,0
H29581,H,298.4,308.3,1458,42.9,15,0,0,0,0,0,0
L47348,L,298.4,308.3,1433,62.3,20,1,0,0,1,0,0
L47349,L,298.4,308.3,1318,59.1,22,0,0,0,0,0,0
M15030,M,298.4,308.2,1610,35.0,24,0,0,0,0,0,0
L47351,L,298.2,308.1,1462,50.8,27,0,0,0,0,0,0
M15032,M,298.1,308.0,1924,20.8,29,0,0,0,0,0,0
M15033,M,298.2,308.0,1591,33.7,32,0,0,0,0,0,0
L47354,L,298.2,308.1,1306,58.3,35,0,0,0,0,0,0
L47355,L,298.2,308.1,1382,43.5,37,0,0,0,0,0,0
L47356,L,298.2,308.1,1618,34.7,39,0,0,0,0,0,0
L47357,L,298.2,308.2,1988,21.4,41,0,0,0,0,0,0
L47358,L,298.2,308.2,1436,50.2,43,0,0,0,0,0,0
L47359,L,298.2,308.3,1304,49.8,45,0,0,0,0,0,0
L47360,L,298.2,308.3,1475,49.9,47,0,0,0,0,0,0
H29595,H,298.2,308.3,1824,24.2,49,0,0,0,0,0,0
M15042,M,298.1,308.2,1342,48.1,54,0,0,0,0,0,0
L47363,L,298.1,308.2,1485,40.7,57,0,0,0,0,0,0
L47364,L,298.2,308.2,1667,30.6,59,0,0,0,0,0,0
L47365,L,298.2,308.2,1446,38.2,61,0,0,0,0,0,0
L47366,L,298.1,308.3,1301,56.0,63,0,0,0,0,0,0
L47367,L,298.2,308.4,1379,43.1,65,0,0,0,0,0,0
L47368,L,298.3,308.5,1606,33.6,67,0,0,0,0,0,0
M15049,M,298.3,308.4,1539,43.4,69,0,0,0,0,0,0
L47370,L,298.2,308.4,1477,49.9,72,0,0,0,0,0,0
L47371,L,298.2,308.4,1666,34.6,74,0,0,0,0,0,0
H29606,H,298.2,308.4,1398,51.8,76,0,0,0,0,0,0
H29607,H,298.2,308.4,1678,34.6,81,0,0,0,0,0,0
M15054,M,298.2,308.5,2678,10.7,86,1,0,0,1,0,0
L47375,L,298.3,308.5,1453,42.9,89,0,0,0,0,0,0
H29610,H,298.3,308.6,1432,49.5,91,0,0,0,0,0,0
M15057,M,298.4,308.6,1527,40.9,96,0,0,0,0,0,0
L47378,L,298.4,308.7,1588,35.0,99,0,0,0,0,0,0
L47379,L,298.4,308.6,1433,47.1,101,0,0,0,0,0,0
L47380,L,298.4,308.6,1609,35.0,103,0,0,0,0,0,0
L47381,L,298.3,308.5,1575,41.2,105,0,0,0,0,0,0
M15062,M,298.4,308.5,1636,35.7,107,0,0,0,0,0,0
L47383,L,298.4,308.5,1490,37.9,110,0,0,0,0,0,0
L47384,L,298.4,308.5,1741,32.8,112,0,0,0,0,0,0
M15065,M,298.5,308.6,1344,53.0,114,0,0,0,0,0,0
L47386,L,298.5,308.7,1609,35.3,117,0,0,0,0,0,0
M15067,M,298.4,308.7,1421,60.7,119,1,0,0,1,0,0
L47388,L,298.4,308.6,1591,36.7,122,0,0,0,0,0,0
L47389,L,298.4,308.6,1477,44.0,124,0,0,0,0,0,0
L47390,L,298.4,308.7,1523,36.1,126,0,0,0,0,0,0
L47391,L,298.5,308.7,1575,33.9,128,0,0,0,0,0,0
H29626,H,298.4,308.7,1344,52.9,130,0,0,0,0,0,0
L47393,L,298.4,308.7,1386,44.9,135,0,0,0,0,0,0
M15074,M,298.3,308.6,1589,37.1,137,0,0,0,0,0,0
L47395,L,298.3,308.6,1548,40.3,140,0,0,0,0,0,0
L47396,L,298.3,308.6,1499,38.3,142,0,0,0,0,0,0
L47397,L,298.3,308.5,1664,31.6,144,0,0,0,0,0,0
L47398,L,298.3,308.6,1447,38.1,146,0,0,0,0,0,0
M15079,M,298.3,308.5,1434,46.2,148,0,0,0,0,0,0
L47400,L,298.3,308.5,1416,52.7,151,0,0,0,0,0,0
H29635,H,298.4,308.5,1827,24.3,153,0,0,0,0,0,0
L47402,L,298.4,308.6,1304,45.0,158,0,0,0,0,0,0
L47403,L,298.4,308.6,1569,34.4,160,0,0,0,0,0,0
L47404,L,298.3,308.6,1584,29.3,162,0,0,0,0,0,0
L47405,L,298.3,308.5,1362,53.8,164,0,0,0,0,0,0
L47406,L,298.3,308.4,1329,49.2,166,0,0,0,0,0,0
L47407,L,298.3,308.5,1539,36.1,168,0,0,0,0,0,0
M15088,M,298.3,308.5,1629,37.1,170,0,0,0,0,0,0
L47409,L,298.3,308.5,1538,32.2,173,0,0,0,0,0,0
L47410,L,298.3,308.6,1570,34.8,175,0,0,0,0,0,0
L47411,L,298.3,308.4,1408,43.1,177,0,0,0,0,0,0
L47412,L,298.2,308.4,1424,47.6,179,0,0,0,0,0,0
L47413,L,298.2,308.4,1512,34.9,181,0,0,0,0,0,0
L47414,L,298.2,308.4,1478,42.9,183,0,0,0,0,0,0
M15095,M,298.1,308.3,1680,33.7,185,0,0,0,0,0,0
L47416,L,298.1,308.3,1495,38.7,188,0,0,0,0,0,0
M15097,M,298.0,308.1,1552,36.6,190,0,0,0,0,0,0
L47418,L,297.9,308.1,1393,50.3,193,0,0,0,0,0,0
L47419,L,298.0,308.2,1611,30.6,195,0,0,0,0,0,0
M15100,M,298.0,308.1,1339,51.6,197,0,0,0,0,0,0
L47421,L,298.0,308.1,1777,24.3,200,0,0,0,0,0,0
L47422,L,298.0,308.2,1348,58.8,202,1,0,0,0,1,0
L47423,L,298.0,308.2,1442,44.1,204,0,0,0,0,0,0
M15104,M,298.0,308.2,1395,49.1,206,0,0,0,0,0,0
M15105,M,297.9,308.1,1627,31.4,209,0,0,0,0,0,0
L47426,L,297.9,308.1,1585,33.5,212,0,0,0,0,0,0
L47427,L,298.0,308.2,1469,45.5,214,0,0,0,0,0,0
L47428,L,298.0,308.3,1362,56.8,216,1,0,0,0,1,0
L47429,L,298.0,308.3,1405,56.2,218,1,0,0,0,1,0
L47430,L,298.0,308.3,1662,32.7,0,0,0,0,0,0,0
M15111,M,298.0,308.2,1466,42.6,2,0,0,0,0,0,0
L47432,L,298.0,308.2,1620,35.8,5,0,0,0,0,0,0
L47433,L,298.0,308.2,1357,48.2,7,0,0,0,0,0,0
L47434,L,298.0,308.2,1514,37.9,9,0,0,0,0,0,0
L47435,L,298.0,308.2,1489,40.4,11,0,0,0,0,0,0
L47436,L,298.1,308.3,1331,63.0,13,0,0,0,0,0,0
L47437,L,298.0,308.0,1615,29.5,15,0,0,0,0,0,0
L47438,L,298.1,308.2,1482,37.9,17,0,0,0,0,0,0
M15119,M,298.1,308.2,1420,63.9,19,1,0,0,1,0,0
M15120,M,298.2,308.3,1522,49.1,22,0,0,0,0,0,0
L47441,L,298.1,308.2,1654,32.1,25,0,0,0,0,0,0
M15122,M,298.1,308.2,1736,26.8,27,0,0,0,0,0,0
M15123,M,298.0,308.1,1587,32.3,30,0,0,0,0,0,0
L47444,L,298.1,308.2,1390,47.5,33,0,0,0,0,0,0
L47445,L,298.0,308.1,1454,37.1,35,0,0,0,0,0,0
H29680,H,298.0,308.1,1440,43.7,37,0,0,0,0,0,0
L47447,L,297.9,308.0,1954,21.1,42,0,0,0,0,0,0
H29682,H,297.9,308.0,1800,24.8,44,0,0,0,0,0,0
L47449,L,298.0,308.0,1524,37.0,49,0,0,0,0,0,0
H29684,H,298.0,308.0,1520,39.6,51,0,0,0,0,0,0
M15131,M,298.1,308.1,1452,40.8,56,0,0,0,0,0,0
L47452,L,298.1,308.1,1484,40.4,59,0,0,0,0,0,0
L47453,L,298.1,308.0,1426,46.0,61,0,0,0,0,0,0
L47454,L,298.1,308.0,1652,28.5,63,0,0,0,0,0,0
L47455,L,298.0,308.0,1401,54.7,65,0,0,0,0,0,0
M15136,M,298.0,307.9,1750,26.6,67,0,0,0,0,0,0
H29691,H,298.0,308.0,1479,50.7,70,0,0,0,0,0,0
M15138,M,298.0,308.0,1620,29.4,75,0,0,0,0,0,0
L47459,L,298.0,308.1,1819,23.4,78,0,0,0,0,0,0
M15140,M,298.1,308.1,1456,43.7,80,0,0,0,0,0,0
L47461,L,298.1,308.0,1626,36.5,83,0,0,0,0,0,0
M15142,M,298.1,308.1,1390,49.8,85,0,0,0,0,0,0
L47463,L,298.2,308.2,1469,43.0,88,0,0,0,0,0,0
L47464,L,298.2,308.3,2051,19.2,90,0,0,0,0,0,0
L47465,L,298.2,308.3,1568,36.0,92,0,0,0,0,0,0
L47466,L,298.2,308.3,1589,33.2,94,0,0,0,0,0,0
L47467,L,298.2,308.3,1805,31.6,96,0,0,0,0,0,0
H29702,H,298.2,308.4,1385,42.2,98,0,0,0,0,0,0
L47469,L,298.1,308.4,1436,46.7,103,0,0,0,0,0,0
L47470,L,298.1,308.4,1438,45.6,105,0,0,0,0,0,0
L47471,L,298.0,308.3,1473,42.6,107,0,0,0,0,0,0
L47472,L,298.1,308.4,1335,40.2,109,0,0,0,0,0,0
H29707,H,298.1,308.5,1392,44.8,111,0,0,0,0,0,0
M15154,M,298.1,308.5,1372,51.1,116,0,0,0,0,0,0
M15155,M,298.1,308.6,1716,30.7,119,0,0,0,0,0,0
L47476,L,298.0,308.5,1395,46.2,122,0,0,0,0,0,0
L47477,L,298.0,308.5,1713,25.3,124,0,0,0,0,0,0
H29712,H,297.9,308.5,2129,18.7,126,0,0,0,0,0,0
M15159,M,297.8,308.3,1567,35.6,131,0,0,0,0,0,0
L47480,L,297.8,308.4,1622,38.3,134,0,0,0,0,0,0
L47481,L,297.7,308.4,1740,27.1,136,0,0,0,0,0,0
H29716,H,297.8,308.4,1512,35.1,138,0,0,0,0,0,0
M15163,M,297.8,308.4,1479,43.5,143,0,0,0,0,0,0
L47484,L,297.8,308.4,1737,27.5,146,0,0,0,0,0,0
L47485,L,297.8,308.4,2129,19.2,148,0,0,0,0,0,0
L47486,L,297.8,308.4,1374,47.1,150,0,0,0,0,0,0
M15167,M,297.8,308.4,1579,36.6,152,0,0,0,0,0,0
L47488,L,297.9,308.5,1305,47.2,155,0,0,0,0,0,0
M15169,M,297.9,308.5,1449,40.8,157,0,0,0,0,0,0
H29724,H,298.0,308.6,1526,41.8,160,0,0,0,0,0,0
M15171,M,298.0,308.6,1453,44.1,165,0,0,0,0,0,0
L47492,L,297.9,308.6,1468,36.0,168,0,0,0,0,0,0
L47493,L,298.0,308.6,1313,50.8,170,0,0,0,0,0,0
M15174,M,297.9,308.5,1300,53.0,172,0,0,0,0,0,0
L47495,L,297.9,308.4,1646,40.6,175,0,0,0,0,0,0
L47496,L,297.8,308.4,1714,33.2,177,0,0,0,0,0,0
L47497,L,297.8,308.4,1685,28.4,179,0,0,0,0,0,0
L47498,L,297.8,308.4,1512,39.9,181,0,0,0,0,0,0
L47499,L,297.8,308.4,1612,32.1,183,0,0,0,0,0,0
H29734,H,297.8,308.4,1550,38.2,185,0,0,0,0,0,0
L47501,L,297.8,308.4,1518,32.5,190,0,0,0,0,0,0
L47502,L,297.8,308.5,1448,40.0,192,0,0,0,0,0,0
L47503,L,297.8,308.5,1561,46.3,194,0,0,0,0,0,0
M15184,M,297.8,308.5,1488,41.9,196,0,0,0,0,0,0
L47505,L,297.8,308.5,1699,27.8,199,0,0,0,0,0,0
L47506,L,297.7,308.5,1501,41.4,201,0,0,0,0,0,0
L47507,L,297.7,308.5,1373,56.7,203,1,0,0,0,1,0
H29742,H,297.6,308.4,1703,31.4,205,0,0,0,0,0,0
H29743,H,297.7,308.5,1720,29.9,210,0,0,0,0,0,0
M15190,M,297.6,308.4,1398,41.9,215,0,0,0,0,0,0
M15191,M,297.6,308.4,1391,51.9,218,0,0,0,0,0,0
M15192,M,297.6,308.3,1538,40.2,0,0,0,0,0,0,0
L47513,L,297.5,308.2,1647,31.3,3,0,0,0,0,0,0
M15194,M,297.5,308.1,1469,44.8,5,0,0,0,0,0,0
L47515,L,297.4,308.1,1749,25.9,8,0,0,0,0,0,0
M15196,M,297.6,308.2,1995,20.5,10,0,0,0,0,0,0
L47517,L,297.6,308.3,1742,27.7,13,0,0,0,0,0,0
L47518,L,297.5,308.2,1563,38.2,15,0,0,0,0,0,0
M15199,M,297.5,308.2,1713,32.2,17,0,0,0,0,0,0
L47520,L,297.4,308.1,1474,39.4,20,0,0,0,0,0,0
M15201,M,297.4,308.2,1530,32.6,22,0,0,0,0,0,0
L47522,L,297.4,308.2,1471,46.5,25,0,0,0,0,0,0
L47523,L,297.5,308.3,1388,48.6,27,0,0,0,0,0,0
M15204,M,297.5,308.2,2448,13.8,29,0,0,0,0,0,0
L47525,L,297.5,308.3,1585,32.9,32,0,0,0,0,0,0
M15206,M,297.5,308.3,1459,45.2,34,0,0,0,0,0,0
L47527,L,297.5,308.3,1544,40.8,37,0,0,0,0,0,0
L47528,L,297.6,308.3,1617,31.7,39,0,0,0,0,0,0
L47529,L,297.6,308.3,1595,34.3,41,0,0,0,0,0,0
H29764,H,297.6,308.3,1400,44.3,43,0,0,0,0,0,0
M15211,M,297.6,308.4,1611,31.0,48,0,0,0,0,0,0
M15212,M,297.6,308.4,1507,46.0,51,0,0,0,0,0,0
H29767,H,297.5,308.3,1674,30.0,54,0,0,0,0,0,0
L47534,L,297.6,308.3,1658,34.3,59,0,0,0,0,0,0
L47535,L,297.6,308.3,1623,36.9,61,0,0,0,0,0,0
M15216,M,297.6,308.4,1398,48.9,63,0,0,0,0,0,0
L47537,L,297.6,308.4,1517,34.2,66,0,0,0,0,0,0
M15218,M,297.6,308.3,1467,36.7,68,0,0,0,0,0,0
M15219,M,297.6,308.3,1567,34.6,71,0,0,0,0,0,0
M15220,M,297.5,308.3,1521,38.2,74,0,0,0,0,0,0
L47541,L,297.5,308.3,1596,36.8,77,0,0,0,0,0,0
H29776,H,297.6,308.3,1640,30.9,79,0,0,0,0,0,0
L47543,L,297.6,308.3,1438,47.8,84,0,0,0,0,0,0
L47544,L,297.6,308.4,1407,55.2,86,0,0,0,0,0,0
L47545,L,297.6,308.4,1353,57.5,88,0,0,0,0,0,0
M15226,M,297.6,308.5,1552,40.9,90,0,0,0,0,0,0
M15227,M,297.6,308.4,1569,38.3,93,0,0,0,0,0,0
L47548,L,297.5,308.4,1489,39.5,96,0,0,0,0,0,0
H29783,H,297.5,308.4,1587,36.1,98,0,0,0,0,0,0
M15230,M,297.5,308.3,1622,37.2,103,0,0,0,0,0,0
L47551,L,297.5,308.4,1604,38.1,106,0,0,0,0,0,0
M15232,M,297.4,308.3,1405,51.7,108,0,0,0,0,0,0
L47553,L,297.4,308.3,1412,42.0,111,0,0,0,0,0,0
L47554,L,297.4,308.3,1431,43.0,113,0,0,0,0,0,0
L47555,L,297.4,308.2,1533,37.4,115,0,0,0,0,0,0
M15236,M,297.4,308.2,1401,51.9,117,0,0,0,0,0,0
M15237,M,297.4,308.2,1424,53.9,120,0,0,0,0,0,0
L47558,L,297.3,308.2,1754,29.4,123,0,0,0,0,0,0
L47559,L,297.3,308.2,1754,26.8,125,0,0,0,0,0,0
L47560,L,297.5,308.3,2564,12.8,127,1,0,0,1,0,0
L47561,L,297.5,308.5,1546,40.4,129,0,0,0,0,0,0
L47562,L,297.5,308.5,1335,48.0,131,0,0,0,0,0,0
M15243,M,297.5,308.6,1842,27.0,133,0,0,0,0,0,0
L47564,L,297.5,308.5,1712,26.8,136,0,0,0,0,0,0
M15245,M,297.6,308.6,1414,45.4,138,0,0,0,0,0,0
L47566,L,297.6,308.7,1319,50.9,141,0,0,0,0,0,0
L47567,L,297.7,308.7,1249,60.4,143,0,0,0,0,0,0
L47568,L,297.6,308.7,1455,48.2,145,0,0,0,0,0,0
M15249,M,297.6,308.7,1408,54.8,147,0,0,0,0,0,0
L47570,L,297.6,308.7,1460,46.7,150,0,0,0,0,0,0
L47571,L,297.6,308.6,1491,38.1,152,0,0,0,0,0,0
M15252,M,297.6,308.5,1490,43.4,154,0,0,0,0,0,0
M15253,M,297.5,308.4,1350,52.2,157,0,0,0,0,0,0
L47574,L,297.5,308.4,1528,39.9,160,0,0,0,0,0,0
L47575,L,297.4,308.3,1571,37.7,162,0,0,0,0,0,0
L47576,L,297.4,308.3,1490,42.6,164,0,0,0,0,0,0
M15257,M,297.4,308.3,1774,28.9,166,0,0,0,0,0,0
H29812,H,297.4,308.3,1502,43.6,169,0,0,0,0,0,0
L47579,L,297.4,308.4,1392,49.7,174,0,0,0,0,0,0
L47580,L,297.4,308.5,2100,16.9,176,0,0,0,0,0,0
L47581,L,297.5,308.5,1722,30.4,178,0,0,0,0,0,0
L47582,L,297.4,308.6,1678,32.3,180,0,0,0,0,0,0
L47583,L,297.3,308.6,1273,59.8,182,0,0,0,0,0,0
L47584,L,297.3,308.6,1297,45.9,184,0,0,0,0,0,0
L47585,L,297.3,308.5,1350,57.6,186,0,0,0,0,0,0
L47586,L,297.4,308.6,1439,51.9,188,0,0,0,0,0,0
M15267,M,297.4,308.5,1600,42.1,190,0,0,0,0,0,0
M15268,M,297.4,308.6,1434,44.4,193,0,0,0,0,0,0
L47589,L,297.4,308.6,1459,41.3,196,0,0,0,0,0,0
M15270,M,297.5,308.6,1472,44.9,198,0,0,0,0,0,0
L47591,L,297.5,308.7,1429,44.3,201,0,0,0,0,0,0
L47592,L,297.5,308.6,1388,48.2,203,0,0,0,0,0,0
L47593,L,297.4,308.4,1573,34.5,205,0,0,0,0,0,0
L47594,L,297.4,308.4,1588,32.5,207,0,0,0,0,0,0
L47595,L,297.5,308.4,1511,42.8,209,0,0,0,0,0,0
L47596,L,297.4,308.5,1495,37.8,211,0,0,0,0,0,0
L47597,L,297.4,308.4,1394,50.1,213,0,0,0,0,0,0
L47598,L,297.4,308.4,2151,17.7,0,0,0,0,0,0,0
M15279,M,297.3,308.3,1501,38.2,2,0,0,0,0,0,0
M15280,M,297.3,308.3,1301,39.6,5,0,0,0,0,0,0
M15281,M,297.3,308.3,1657,31.1,8,0,0,0,0,0,0
L47602,L,297.3,308.3,1333,55.2,11,0,0,0,0,0,0
L47603,L,297.3,308.3,1484,43.9,13,0,0,0,0,0,0
L47604,L,297.3,308.4,1430,45.7,15,0,0,0,0,0,0
M15285,M,297.3,308.4,1665,28.9,17,0,0,0,0,0,0
L47606,L,297.4,308.5,1501,44.9,20,0,0,0,0,0,0
M15287,M,297.5,308.5,1496,42.2,22,0,0,0,0,0,0
M15288,M,297.6,308.6,1595,36.9,25,0,0,0,0,0,0
L47609,L,297.5,308.6,1208,62.3,28,0,0,0,0,0,0
L47610,L,297.5,308.6,1596,37.1,30,0,0,0,0,0,0
L47611,L,297.5,308.5,1446,41.9,32,0,0,0,0,0,0
M15292,M,297.6,308.5,1466,39.7,34,0,0,0,0,0,0
M15293,M,297.6,308.5,1848,23.7,37,0,0,0,0,0,0
M15294,M,297.5,308.5,1484,44.7,40,0,0,0,0,0,0
L47615,L,297.4,308.3,1493,41.2,43,0,0,0,0,0,0
L47616,L,297.3,308.3,1504,36.3,45,0,0,0,0,0,0
L47617,L,297.3,308.3,1538,38.5,47,0,0,0,0,0,0
L47618,L,297.4,308.4,1341,52.2,49,0,0,0,0,0,0
M15299,M,297.4,308.3,1535,34.6,51,0,0,0,0,0,0
L47620,L,297.4,308.5,1389,39.2,54,0,0,0,0,0,0
H29855,H,297.5,308.5,1393,46.6,56,0,0,0,0,0,0
L47622,L,297.4,308.5,1399,61.5,61,1,0,0,1,0,0
H29857,H,297.4,308.5,1469,45.1,63,0,0,0,0,0,0
L47624,L,297.4,308.4,1582,37.2,68,0,0,0,0,0,0
L47625,L,297.5,308.6,1793,26.7,70,0,0,0,0,0,0
L47626,L,297.5,308.6,1452,39.0,72,0,0,0,0,0,0
M15307,M,297.6,308.7,1376,59.9,74,0,0,0,0,0,0
L47628,L,297.5,308.6,1552,44.9,77,0,0,0,0,0,0
L47629,L,297.6,308.7,1622,37.9,79,0,0,0,0,0,0
M15310,M,297.6,308.7,1419,41.7,81,0,0,0,0,0,0
H29865,H,297.5,308.6,1440,46.1,84,0,0,0,0,0,0
M15312,M,297.4,308.6,1643,31.0,89,0,0,0,0,0,0
L47633,L,297.4,308.7,1510,36.2,92,0,0,0,0,0,0
L47634,L,297.4,308.7,1468,46.6,94,0,0,0,0,0,0
L47635,L,297.4,308.7,1429,57.4,96,0,0,0,0,0,0
H29870,H,297.3,308.7,1478,47.6,98,0,0,0,0,0,0
L47637,L,297.4,308.6,1276,53.6,103,0,0,0,0,0,0
L47638,L,297.3,308.6,1486,42.6,105,0,0,0,0,0,0
L47639,L,297.4,308.6,1476,42.3,107,0,0,0,0,0,0
H29874,H,297.3,308.6,1431,42.0,109,0,0,0,0,0,0
L47641,L,297.4,308.7,1402,40.2,114,0,0,0,0,0,0
L47642,L,297.4,308.7,1433,43.4,116,0,0,0,0,0,0
L47643,L,297.4,308.7,2874,4.2,118,1,0,0,1,0,0
L47644,L,297.3,308.6,1511,35.7,120,0,0,0,0,0,0
M15325,M,297.3,308.6,1456,42.9,122,0,0,0,0,0,0
L47646,L,297.2,308.5,1550,41.5,125,0,0,0,0,0,0
L47647,L,297.2,308.5,2182,16.5,127,0,0,0,0,0,0
L47648,L,297.3,308.7,1619,31.6,129,0,0,0,0,0,0
M15329,M,297.3,308.8,1586,32.7,131,0,0,0,0,0,0
H29884,H,297.3,308.8,1499,44.2,134,0,0,0,0,0,0
H29885,H,297.3,308.8,1419,42.4,139,0,0,0,0,0,0
M15332,M,297.4,309.0,1497,41.8,144,0,0,0,0,0,0
M15333,M,297.4,309.0,1520,37.0,147,0,0,0,0,0,0
L47654,L,297.4,309.1,1478,49.8,150,0,0,0,0,0,0
L47655,L,297.4,309.1,1380,41.1,152,0,0,0,0,0,0
L47656,L,297.4,309.0,1570,37.9,154,0,0,0,0,0,0
H29891,H,297.4,309.0,1468,41.4,156,0,0,0,0,0,0
L47658,L,297.4,309.0,1833,22.6,161,0,0,0,0,0,0
M15339,M,297.4,308.9,1323,57.3,163,0,0,0,0,0,0
L47660,L,297.4,309.0,1583,32.0,166,0,0,0,0,0,0
M15341,M,297.3,309.0,1556,39.5,168,0,0,0,0,0,0
L47662,L,297.3,309.0,1548,37.4,171,0,0,0,0,0,0
L47663,L,297.4,309.0,1324,56.9,173,0,0,0,0,0,0
L47664,L,297.4,309.0,1568,33.7,175,0,0,0,0,0,0
M15345,M,297.4,309.0,1685,30.7,177,0,0,0,0,0,0
M15346,M,297.4,309.1,1582,35.9,180,0,0,0,0,0,0
M15347,M,297.4,309.1,1463,35.0,183,0,0,0,0,0,0
L47668,L,297.4,309.2,1584,42.8,186,0,0,0,0,0,0
M15349,M,297.5,309.2,1347,55.8,188,0,0,0,0,0,0
L47670,L,297.4,309.2,1459,37.9,191,0,0,0,0,0,0
L47671,L,297.4,309.2,1420,45.6,193,0,0,0,0,0,0
L47672,L,297.5,309.3,1404,43.5,195,0,0,0,0,0,0
L47673,L,297.5,309.3,1470,38.8,197,0,0,0,0,0,0
L47674,L,297.6,309.4,1326,49.8,199,0,0,0,0,0,0
H29909,H,297.5,309.3,1459,49.7,201,0,0,0,0,0,0
M15356,M,297.5,309.2,1530,40.0,206,0,0,0,0,0,0
L47677,L,297.4,309.0,1505,39.2,209,0,0,0,0,0,0
L47678,L,297.5,309.1,1611,30.2,211,0,0,0,0,0,0
L47679,L,297.5,309.1,1515,35.1,213,0,0,0,0,0,0
M15360,M,297.5,309.2,1804,27.4,215,0,0,0,0,0,0
M15361,M,297.6,309.3,1464,46.2,218,0,0,0,0,0,0
L47682,L,297.6,309.2,1390,43.3,221,0,0,0,0,0,0
M15363,M,297.6,309.2,1442,48.1,0,0,0,0,0,0,0
M15364,M,297.6,309.3,1529,41.9,3,0,0,0,0,0,0
L47685,L,297.6,309.3,1610,35.0,6,0,0,0,0,0,0
L47686,L,297.6,309.3,1543,34.3,8,0,0,0,0,0,0
H29921,H,297.8,309.4,1445,48.2,10,0,0,0,0,0,0
L47688,L,297.7,309.3,1893,24.6,15,0,0,0,0,0,0
M15369,M,297.6,309.3,1415,41.3,17,0,0,0,0,0,0
L47690,L,297.5,309.3,1564,37.5,20,0,0,0,0,0,0
L47691,L,297.5,309.3,1479,39.4,22,0,0,0,0,0,0
L47692,L,297.5,309.2,1426,44.8,24,0,0,0,0,0,0
L47693,L,297.4,309.2,1428,38.8,26,0,0,0,0,0,0
L47694,L,297.4,309.2,1620,33.2,28,0,0,0,0,0,0
L47695,L,297.5,309.2,1715,28.0,30,0,0,0,0,0,0
L47696,L,297.5,309.3,1732,29.9,32,0,0,0,0,0,0
M15377,M,297.5,309.4,1391,58.2,34,0,0,0,0,0,0
L47698,L,297.6,309.5,1924,20.6,37,0,0,0,0,0,0
M15379,M,297.7,309.5,2027,19.8,39,0,0,0,0,0,0
L47700,L,297.6,309.5,1617,36.2,42,0,0,0,0,0,0
L47701,L,297.5,309.4,1497,35.8,44,0,0,0,0,0,0
M15382,M,297.5,309.5,1448,43.7,46,0,0,0,0,0,0
L47703,L,297.4,309.4,1401,45.9,49,0,0,0,0,0,0
L47704,L,297.4,309.4,1620,35.4,51,0,0,0,0,0,0
L47705,L,297.4,309.4,1466,45.5,53,0,0,0,0,0,0
L47706,L,297.6,309.5,1373,50.6,55,0,0,0,0,0,0
M15387,M,297.6,309.6,1592,35.8,57,0,0,0,0,0,0
M15388,M,297.5,309.5,1553,42.4,60,0,0,0,0,0,0
L47709,L,297.6,309.5,1569,36.2,63,0,0,0,0,0,0
M15390,M,297.6,309.5,1709,32.2,65,0,0,0,0,0,0
L47711,L,297.6,309.5,1549,34.9,68,0,0,0,0,0,0
L47712,L,297.5,309.4,1443,45.4,70,0,0,0,0,0,0
L47713,L,297.5,309.3,1675,29.8,72,0,0,0,0,0,0
L47714,L,297.5,309.3,1623,33.4,74,0,0,0,0,0,0
H29949,H,297.4,309.3,1365,52.4,76,0,0,0,0,0,0
L47716,L,297.4,309.3,1759,24.8,81,0,0,0,0,0,0
H29951,H,297.4,309.3,1516,43.0,83,0,0,0,0,0,0
M15398,M,297.4,309.3,1499,36.8,88,0,0,0,0,0,0
M15399,M,297.4,309.3,1775,25.8,91,0,0,0,0,0,0
L47720,L,297.4,309.4,1473,45.5,94,0,0,0,0,0,0
L47721,L,297.4,309.4,1296,52.3,96,0,0,0,0,0,0
L47722,L,297.5,309.4,1803,24.7,98,0,0,0,0,0,0
H29957,H,297.5,309.3,1563,36.1,100,0,0,0,0,0,0
M15404,M,297.5,309.4,1831,26.6,105,0,0,0,0,0,0
L47725,L,297.6,309.4,1958,22.1,108,0,0,0,0,0,0
L47726,L,297.5,309.4,1809,24.3,110,0,0,0,0,0,0
M15407,M,297.5,309.4,1482,39.3,112,0,0,0,0,0,0
L47728,L,297.4,309.3,1332,53.2,115,0,0,0,0,0,0
L47729,L,297.4,309.2,1437,40.4,117,0,0,0,0,0,0
L47730,L,297.4,309.2,1698,29.4,119,0,0,0,0,0,0
L47731,L,297.4,309.2,1274,54.3,121,0,0,0,0,0,0
M15412,M,297.4,309.3,1622,35.0,123,0,0,0,0,0,0
M15413,M,297.4,309.3,1564,36.0,126,0,0,0,0,0,0
H29968,H,297.5,309.4,1368,45.3,129,0,0,0,0,0,0
M15415,M,297.4,309.4,1539,42.2,134,0,0,0,0,0,0
L47736,L,297.5,309.4,1357,50.1,137,0,0,0,0,0,0
M15417,M,297.5,309.4,1433,48.3,139,0,0,0,0,0,0
L47738,L,297.5,309.4,1650,34.6,142,0,0,0,0,0,0
L47739,L,297.5,309.4,1503,40.6,144,0,0,0,0,0,0
L47740,L,297.5,309.4,1318,58.2,146,0,0,0,0,0,0
M15421,M,297.5,309.4,1678,34.4,148,0,0,0,0,0,0
L47742,L,297.6,309.5,1574,30.9,151,0,0,0,0,0,0
L47743,L,297.7,309.6,1529,35.2,153,0,0,0,0,0,0
H29978,H,297.6,309.6,1669,32.1,155,0,0,0,0,0,0
H29979,H,297.7,309.7,1570,35.8,160,0,0,0,0,0,0
M15426,M,297.6,309.7,1541,33.7,165,0,0,0,0,0,0
M15427,M,297.7,309.7,1680,30.2,168,0,0,0,0,0,0
L47748,L,297.8,309.7,1935,22.1,171,0,0,0,0,0,0
M15429,M,297.7,309.6,1596,35.2,173,0,0,0,0,0,0
L47750,L,297.7,309.7,1498,41.0,176,0,0,0,0,0,0
M15431,M,297.8,309.8,1676,29.0,178,0,0,0,0,0,0
L47752,L,297.8,309.9,1351,49.0,181,0,0,0,0,0,0
L47753,L,297.9,309.9,1472,45.0,183,0,0,0,0,0,0
M15434,M,297.9,310.0,1439,41.7,185,0,0,0,0,0,0
M15435,M,297.9,309.9,1410,55.4,188,0,0,0,0,0,0
H29990,H,297.7,309.7,1440,51.1,191,0,0,0,0,0,0
L47757,L,297.7,309.7,1591,37.7,196,0,0,0,0,0,0
L47758,L,297.8,309.8,1533,36.8,198,0,0,0,0,0,0
M15439,M,297.8,309.7,1700,31.3,200,0,0,0,0,0,0
M15440,M,297.8,309.8,1798,25.5,203,0,0,0,0,0,0
L47761,L,297.8,309.7,1394,42.9,206,0,0,0,0,0,0
L47762,L,297.8,309.7,1341,49.2,208,0,0,0,0,0,0
H29997,H,297.7,309.6,1697,32.2,210,0,0,0,0,0,0
H29998,H,297.6,309.6,1419,48.2,215,0,0,0,0,0,0
L47765,L,297.6,309.5,2001,20.5,220,0,0,0,0,0,0
L47766,L,297.6,309.6,1501,49.8,222,1,0,0,0,1,0
H30001,H,297.6,309.5,1623,33.1,224,0,0,0,0,0,0
L47768,L,297.6,309.4,1628,33.4,229,0,0,0,0,0,0
L47769,L,297.6,309.4,1491,40.2,231,0,0,0,0,0,0
L47770,L,297.5,309.4,1517,36.7,233,0,0,0,0,0,0
H30005,H,297.5,309.3,1525,41.7,235,0,0,0,0,0,0
H30006,H,297.5,309.5,1668,27.9,240,0,0,0,0,0,0
L47773,L,297.5,309.6,1312,50.7,0,0,0,0,0,0,0
H30008,H,297.6,309.6,1278,50.4,2,0,0,0,0,0,0
M15455,M,297.6,309.6,1330,53.1,7,0,0,0,0,0,0
M15456,M,297.6,309.6,1530,37.3,10,0,0,0,0,0,0
H30011,H,297.6,309.6,1428,46.6,13,0,0,0,0,0,0
L47778,L,297.7,309.6,1480,47.9,18,0,0,0,0,0,0
H30013,H,297.7,309.7,1616,31.1,20,0,0,0,0,0,0
L47780,L,297.8,309.7,1547,37.3,25,0,0,0,0,0,0
L47781,L,297.9,309.7,2194,16.8,27,0,0,0,0,0,0
L47782,L,297.9,309.8,2000,21.3,29,0,0,0,0,0,0
L47783,L,297.9,309.8,1336,71.6,31,1,0,0,1,0,0
L47784,L,297.9,309.9,1542,33.8,33,0,0,0,0,0,0
M15465,M,297.9,309.8,1693,29.9,35,0,0,0,0,0,0
L47786,L,297.9,309.8,1461,50.5,38,0,0,0,0,0,0
M15467,M,298.0,309.9,1565,33.9,40,0,0,0,0,0,0
L47788,L,298.0,309.9,1403,47.7,43,0,0,0,0,0,0
L47789,L,298.1,309.9,1629,32.5,45,0,0,0,0,0,0
L47790,L,298.1,310.0,1534,33.7,47,0,0,0,0,0,0
L47791,L,298.1,310.0,1553,40.9,49,0,0,0,0,0,0
L47792,L,298.1,309.9,1563,32.8,51,0,0,0,0,0,0
L47793,L,298.1,309.9,1634,30.0,53,0,0,0,0,0,0
M15474,M,298.0,309.9,1445,45.2,55,0,0,0,0,0,0
L47795,L,298.1,309.9,1642,30.4,58,0,0,0,0,0,0
H30030,H,298.1,309.9,1686,29.1,60,0,0,0,0,0,0
M15477,M,298.1,310.0,1393,43.1,65,0,0,0,0,0,0
H30032,H,298.2,310.0,1433,44.2,68,0,0,0,0,0,0
L47799,L,298.3,310.0,1507,44.7,73,0,0,0,0,0,0
M15480,M,298.3,310.1,1389,49.6,75,0,0,0,0,0,0
L47801,L,298.3,310.1,1408,45.3,78,0,0,0,0,0,0
M15482,M,298.4,310.2,1725,32.0,80,0,0,0,0,0,0
L47803,L,298.4,310.1,1926,23.7,83,0,0,0,0,0,0
H30038,H,298.3,310.1,1509,37.6,85,0,0,0,0,0,0
L47805,L,298.3,310.1,1545,36.3,90,0,0,0,0,0,0
L47806,L,298.4,310.1,1533,35.2,92,0,0,0,0,0,0
L47807,L,298.4,310.1,1455,42.2,94,0,0,0,0,0,0
M15488,M,298.4,310.1,1335,57.8,96,0,0,0,0,0,0
L47809,L,298.3,310.1,1523,45.9,99,0,0,0,0,0,0
L47810,L,298.3,310.0,1460,47.6,101,0,0,0,0,0,0
L47811,L,298.4,310.0,1554,37.3,103,0,0,0,0,0,0
H30046,H,298.3,310.0,1419,47.1,105,0,0,0,0,0,0
L47813,L,298.3,310.0,1442,43.9,110,0,0,0,0,0,0
L47814,L,298.3,309.9,1507,41.6,112,0,0,0,0,0,0
L47815,L,298.3,310.0,1858,23.9,114,0,0,0,0,0,0
L47816,L,298.3,309.9,1463,43.9,116,0,0,0,0,0,0
L47817,L,298.2,309.7,1585,37.4,118,0,0,0,0,0,0
L47818,L,298.0,309.6,1536,37.3,120,0,0,0,0,0,0
L47819,L,298.0,309.6,1403,51.3,122,0,0,0,0,0,0
M15500,M,297.9,309.6,1515,38.8,124,0,0,0,0,0,0
L47821,L,297.9,309.5,1390,47.9,127,0,0,0,0,0,0
M15502,M,297.8,309.4,1226,58.7,129,0,0,0,0,0,0
M15503,M,297.8,309.4,1495,36.5,132,0,0,0,0,0,0
H30058,H,297.7,309.4,1608,30.2,135,0,0,0,0,0,0
L47825,L,297.7,309.4,1392,44.1,140,0,0,0,0,0,0
M15506,M,297.7,309.4,1461,43.7,142,0,0,0,0,0,0
L47827,L,297.7,309.3,1559,36.9,145,0,0,0,0,0,0
H30062,H,297.7,309.3,1400,48.9,147,0,0,0,0,0,0
M15509,M,297.7,309.2,1732,28.8,152,0,0,0,0,0,0
L47830,L,297.6,309.2,1611,33.1,155,0,0,0,0,0,0
L47831,L,297.6,309.1,1503,38.9,157,0,0,0,0,0,0
L47832,L,297.7,309.2,1391,44.5,159,0,0,0,0,0,0
L47833,L,297.8,309.3,2015,20.1,161,0,0,0,0,0,0
L47834,L,297.8,309.2,1683,30.9,163,0,0,0,0,0,0
L47835,L,297.7,309.1,1435,38.8,165,0,0,0,0,0,0
M15516,M,297.7,309.1,1732,28.1,167,0,0,0,0,0,0
L47837,L,297.7,309.2,1365,58.6,170,0,0,0,0,0,0
L47838,L,297.7,309.1,1562,36.8,172,0,0,0,0,0,0
L47839,L,297.6,309.1,1449,49.1,174,0,0,0,0,0,0
M15520,M,297.7,309.2,1700,27.4,176,0,0,0,0,0,0
M15521,M,297.6,309.0,1427,45.6,179,0,0,0,0,0,0
M15522,M,297.6,308.9,1479,38.1,182,0,0,0,0,0,0
L47843,L,297.5,308.9,1469,44.0,185,0,0,0,0,0,0
L47844,L,297.5,308.9,1390,47.4,187,0,0,0,0,0,0
L47845,L,297.5,308.9,1729,28.1,189,0,0,0,0,0,0
L47846,L,297.5,309.0,1470,43.5,191,0,0,0,0,0,0
L47847,L,297.5,308.9,1459,48.5,193,0,0,0,0,0,0
L47848,L,297.5,308.9,1738,24.0,195,0,0,0,0,0,0
H30083,H,297.5,308.9,1471,37.7,197,0,0,0,0,0,0
L47850,L,297.6,309.0,1822,25.4,202,0,0,0,0,0,0
L47851,L,297.5,308.9,1554,34.8,204,0,0,0,0,0,0
M15532,M,297.6,308.9,1433,43.2,206,0,0,0,0,0,0
L47853,L,297.6,308.9,1449,47.7,209,0,0,0,0,0,0
L47854,L,297.8,309.0,1456,41.2,0,0,0,0,0,0,0
M15535,M,297.8,309.1,1424,45.5,2,0,0,0,0,0,0
H30090,H,297.9,309.2,1577,34.7,5,0,0,0,0,0,0
L47857,L,297.9,309.2,1478,39.7,10,0,0,0,0,0,0
M15538,M,297.8,309.2,1295,61.2,12,0,0,0,0,0,0
L47859,L,297.8,309.2,1372,47.3,15,0,0,0,0,0,0
M15540,M,297.8,309.1,1432,42.6,17,0,0,0,0,0,0
M15541,M,297.7,309.0,1656,33.2,20,0,0,0,0,0,0
H30096,H,297.8,309.0,1410,48.8,23,0,0,0,0,0,0
L47863,L,297.7,309.0,1874,24.4,28,0,0,0,0,0,0
L47864,L,297.7,309.0,1538,43.2,30,0,0,0,0,0,0
M15545,M,297.7,309.0,1636,29.7,32,0,0,0,0,0,0
M15546,M,297.7,309.0,1504,40.4,35,0,0,0,0,0,0
M15547,M,297.7,309.0,1531,42.4,38,0,0,0,0,0,0
H30102,H,297.6,309.0,1735,26.4,41,0,0,0,0,0,0
H30103,H,297.6,309.0,1354,55.6,46,0,0,0,0,0,0
H30104,H,297.6,309.0,1413,40.2,51,0,0,0,0,0,0
L47871,L,297.7,309.1,1563,39.3,56,0,0,0,0,0,0
L47872,L,297.7,309.1,1479,42.1,58,0,0,0,0,0,0
L47873,L,297.7,309.1,1477,38.3,60,0,0,0,0,0,0
L47874,L,297.6,309.1,1394,50.0,62,0,0,0,0,0,0
L47875,L,297.6,309.0,1487,45.4,64,0,0,0,0,0,0
M15556,M,297.6,309.0,1815,25.3,66,0,0,0,0,0,0
M15557,M,297.6,308.8,1453,39.7,69,0,0,0,0,0,0
L47878,L,297.6,308.8,1539,40.2,72,0,0,0,0,0,0
H30113,H,297.5,308.7,1416,39.2,74,0,0,0,0,0,0
M15560,M,297.6,308.8,1683,31.6,79,0,0,0,0,0,0
L47881,L,297.7,308.8,1515,40.1,82,0,0,0,0,0,0
M15562,M,297.7,308.9,1531,48.3,84,0,0,0,0,0,0
H30117,H,297.7,308.9,1479,40.9,87,0,0,0,0,0,0
L47884,L,297.7,308.9,1516,33.7,92,0,0,0,0,0,0
L47885,L,297.7,309.0,1507,38.2,94,0,0,0,0,0,0
M15566,M,297.8,309.0,1434,43.3,96,0,0,0,0,0,0
L47887,L,297.7,308.9,1838,27.3,99,0,0,0,0,0,0
M15568,M,297.6,308.8,1416,45.9,101,0,0,0,0,0,0
M15569,M,297.6,308.8,1357,49.7,104,0,0,0,0,0,0
M15570,M,297.5,308.7,1697,28.1,107,0,0,0,0,0,0
L47891,L,297.5,308.7,1443,46.2,110,0,0,0,0,0,0
L47892,L,297.5,308.7,1453,37.6,112,0,0,0,0,0,0
L47893,L,297.4,308.6,1439,46.4,114,0,0,0,0,0,0
L47894,L,297.4,308.6,1609,36.2,116,0,0,0,0,0,0
L47895,L,297.4,308.6,1324,59.1,118,0,0,0,0,0,0
H30130,H,297.4,308.6,1420,45.8,120,0,0,0,0,0,0
L47897,L,297.4,308.7,1545,36.9,125,0,0,0,0,0,0
L47898,L,297.5,308.8,1477,39.0,127,0,0,0,0,0,0
L47899,L,297.4,308.8,1447,58.1,129,0,0,0,0,0,0
L47900,L,297.4,308.9,1809,23.8,131,0,0,0,0,0,0
L47901,L,297.5,308.9,1696,30.9,133,0,0,0,0,0,0
L47902,L,297.5,308.9,1427,44.7,135,0,0,0,0,0,0
M15583,M,297.4,308.9,1500,46.3,137,0,0,0,0,0,0
L47904,L,297.5,308.9,1390,44.6,140,0,0,0,0,0,0
L47905,L,297.4,308.8,1640,34.2,142,0,0,0,0,0,0
M15586,M,297.4,308.8,1628,37.4,144,0,0,0,0,0,0
H30141,H,297.3,308.6,1499,37.6,147,0,0,0,0,0,0
M15588,M,297.4,308.7,1425,50.3,152,0,0,0,0,0,0
L47909,L,297.3,308.6,1586,37.7,155,0,0,0,0,0,0
M15590,M,297.3,308.6,1471,50.7,157,0,0,0,0,0,0
M15591,M,297.3,308.6,1431,53.0,160,0,0,0,0,0,0
L47912,L,297.2,308.6,1924,22.1,163,0,0,0,0,0,0
M15593,M,297.1,308.4,1421,42.0,165,0,0,0,0,0,0
H30148,H,297.0,308.4,1305,54.6,168,0,0,0,0,0,0
L47915,L,296.9,308.4,1557,32.4,173,0,0,0,0,0,0
L47916,L,296.9,308.3,1555,38.2,175,0,0,0,0,0,0
H30151,H,296.9,308.3,1474,39.2,177,0,0,0,0,0,0
L47918,L,296.8,308.3,1506,45.9,182,0,0,0,0,0,0
L47919,L,296.9,308.4,1390,41.8,184,0,0,0,0,0,0
M15600,M,296.9,308.4,1450,46.9,186,0,0,0,0,0,0
L47921,L,296.9,308.3,1513,38.8,189,0,0,0,0,0,0
L47922,L,296.8,308.2,1643,34.7,191,0,0,0,0,0,0
L47923,L,296.8,308.2,1361,53.8,193,0,0,0,0,0,0
L47924,L,296.7,308.1,1450,40.9,195,0,0,0,0,0,0
L47925,L,296.7,308.0,1451,50.7,197,0,0,0,0,0,0
L47926,L,296.8,308.1,1289,62.0,199,1,0,0,0,1,0
L47927,L,296.8,308.1,1356,48.3,201,0,0,0,0,0,0
H30162,H,296.7,308.1,1528,46.3,203,0,0,0,0,0,0
L47929,L,296.6,308.0,1978,22.3,208,0,0,0,0,0,0
L47930,L,296.7,308.0,1535,36.8,210,0,0,0,0,0,0
M15611,M,296.8,308.1,1843,24.2,212,0,0,0,0,0,0
L47932,L,296.9,308.1,1422,48.7,215,0,0,0,0,0,0
L47933,L,296.8,308.0,1536,40.4,217,0,0,0,0,0,0
M15614,M,296.9,308.1,1483,44.3,219,0,0,0,0,0,0
H30169,H,296.8,308.1,1492,43.7,222,0,0,0,0,0,0
L47936,L,296.8,308.0,1584,40.4,227,0,0,0,0,0,0
L47937,L,296.9,308.1,1555,33.7,229,0,0,0,0,0,0
L47938,L,296.8,308.0,1497,41.7,231,0,0,0,0,0,0
M15619,M,296.7,307.8,1537,36.3,233,0,0,0,0,0,0
L47940,L,296.7,307.8,1505,39.4,236,0,0,0,0,0,0
L47941,L,296.7,307.8,1646,34.6,238,0,0,0,0,0,0
M15622,M,296.7,307.8,1286,60.5,0,0,0,0,0,0,0
L47943,L,296.7,307.8,1400,47.5,3,0,0,0,0,0,0
L47944,L,296.8,307.9,1337,56.5,5,0,0,0,0,0,0
L47945,L,296.9,308.0,1332,53.9,7,0,0,0,0,0,0
L47946,L,296.8,308.0,1561,38.3,9,0,0,0,0,0,0
L47947,L,296.9,308.0,1546,31.1,11,0,0,0,0,0,0
L47948,L,296.9,308.0,1713,29.3,13,0,0,0,0,0,0
L47949,L,296.9,308.0,1343,44.5,15,0,0,0,0,0,0
L47950,L,296.8,308.0,1391,54.4,17,0,0,0,0,0,0
H30185,H,296.8,308.0,1311,58.6,19,0,0,0,0,0,0
H30186,H,296.8,308.0,1453,51.0,24,0,0,0,0,0,0
L47953,L,296.8,308.0,1510,39.4,29,0,0,0,0,0,0
L47954,L,296.8,307.9,1448,48.8,31,0,0,0,0,0,0
L47955,L,296.7,307.8,1453,46.0,33,0,0,0,0,0,0
L47956,L,296.7,307.8,1468,39.2,35,0,0,0,0,0,0
L47957,L,296.7,307.8,1382,47.5,37,0,0,0,0,0,0
L47958,L,296.7,308.0,1580,32.2,39,0,0,0,0,0,0
L47959,L,296.8,308.0,1666,29.8,41,0,0,0,0,0,0
M15640,M,296.9,308.0,1409,50.7,43,0,0,0,0,0,0
L47961,L,296.8,308.0,1675,29.7,46,0,0,0,0,0,0
L47962,L,296.8,307.9,1698,30.8,48,0,0,0,0,0,0
H30197,H,296.7,307.9,1579,33.4,50,0,0,0,0,0,0
L47964,L,296.7,307.9,1743,27.9,55,0,0,0,0,0,0
M15645,M,296.9,308.0,1497,44.8,57,0,0,0,0,0,0
L47966,L,296.9,308.1,1741,28.8,60,0,0,0,0,0,0
L47967,L,296.9,308.1,1435,45.3,62,0,0,0,0,0,0
M15648,M,296.9,308.1,1440,46.3,64,0,0,0,0,0,0
M15649,M,296.9,308.0,1641,33.3,67,0,0,0,0,0,0
L47970,L,296.8,307.9,1420,45.4,70,0,0,0,0,0,0
L47971,L,296.8,307.9,1611,35.4,72,0,0,0,0,0,0
L47972,L,296.8,307.8,1373,42.9,74,0,0,0,0,0,0
M15653,M,296.8,307.9,1683,31.8,76,0,0,0,0,0,0
H30208,H,296.9,307.9,1547,32.6,79,0,0,0,0,0,0
L47975,L,296.9,307.8,1605,37.0,84,0,0,0,0,0,0
M15656,M,296.9,307.9,2010,18.9,86,0,0,0,0,0,0
L47977,L,296.8,307.7,1565,40.1,89,0,0,0,0,0,0
M15658,M,296.9,307.8,1828,24.6,91,0,0,0,0,0,0
M15659,M,297.0,307.8,1579,34.1,94,0,0,0,0,0,0
M15660,M,297.0,307.9,1882,24.2,97,0,0,0,0,0,0
L47981,L,296.9,307.8,1285,52.1,100,0,0,0,0,0,0
L47982,L,296.9,307.8,1571,35.0,102,0,0,0,0,0,0
H30217,H,296.9,307.8,1549,37.8,104,0,0,0,0,0,0
M15664,M,296.9,307.8,1544,37.6,109,0,0,0,0,0,0
M15665,M,297.0,307.9,1412,47.4,112,0,0,0,0,0,0
M15666,M,297.0,307.9,1422,53.0,115,0,0,0,0,0,0
L47987,L,297.0,307.7,1867,22.8,118,0,0,0,0,0,0
L47988,L,296.9,307.7,1424,43.3,120,0,0,0,0,0,0
L47989,L,296.9,307.6,1452,45.7,122,0,0,0,0,0,0
L47990,L,296.9,307.7,1550,39.7,124,0,0,0,0,0,0
L47991,L,296.8,307.6,1588,37.6,126,0,0,0,0,0,0
L47992,L,296.8,307.6,1338,44.4,128,0,0,0,0,0,0
L47993,L,296.8,307.6,1513,40.0,130,0,0,0,0,0,0
M15674,M,296.8,307.5,1470,45.9,132,0,0,0,0,0,0
M15675,M,296.8,307.5,1516,36.7,135,0,0,0,0,0,0
L47996,L,296.8,307.6,1434,48.3,138,0,0,0,0,0,0
L47997,L,296.8,307.6,1368,52.0,140,0,0,0,0,0,0
L47998,L,296.8,307.6,1304,48.7,142,0,0,0,0,0,0
L47999,L,296.8,307.6,1398,46.7,144,0,0,0,0,0,0
L48000,L,296.7,307.6,1516,37.4,146,0,0,0,0,0,0
L48001,L,296.7,307.6,1474,41.7,148,0,0,0,0,0,0
M15682,M,296.7,307.6,1547,34.7,150,0,0,0,0,0,0
M15683,M,296.6,307.5,1482,39.9,153,0,0,0,0,0,0
L48004,L,296.6,307.4,1436,42.8,156,0,0,0,0,0,0
L48005,L,296.6,307.3,1474,40.0,158,0,0,0,0,0,0
L48006,L,296.5,307.2,1481,38.2,160,0,0,0,0,0,0
L48007,L,296.5,307.3,1501,42.1,162,0,0,0,0,0,0
L48008,L,296.5,307.3,1566,37.2,164,0,0,0,0,0,0
L48009,L,296.5,307.3,1579,34.5,166,0,0,0,0,0,0
L48010,L,296.6,307.4,1631,35.0,168,0,0,0,0,0,0
M15691,M,296.6,307.4,1544,42.3,170,0,0,0,0,0,0
L48012,L,296.6,307.4,1521,38.6,173,0,0,0,0,0,0
L48013,L,296.6,307.4,1616,28.0,175,0,0,0,0,0,0
H30248,H,296.6,307.4,1333,50.2,177,0,0,0,0,0,0
M15695,M,296.7,307.4,1533,32.5,182,0,0,0,0,0,0
L48016,L,296.6,307.4,1368,45.1,185,0,0,0,0,0,0
L48017,L,296.6,307.4,1465,47.8,187,0,0,0,0,0,0
H30252,H,296.6,307.4,1406,41.5,189,0,0,0,0,0,0
M15699,M,296.5,307.4,1565,43.5,194,0,0,0,0,0,0
L48020,L,296.6,307.5,1582,37.9,197,0,0,0,0,0,0
L48021,L,296.6,307.5,1439,45.5,199,0,0,0,0,0,0
M15702,M,296.6,307.5,1566,35.0,201,0,0,0,0,0,0
L48023,L,296.6,307.5,1485,42.7,204,0,0,0,0,0,0
L48024,L,296.5,307.5,1566,35.1,206,0,0,0,0,0,0
L48025,L,296.3,307.3,1439,41.5,208,0,0,0,0,0,0
M15706,M,296.4,307.4,1416,50.0,210,0,0,0,0,0,0
L48027,L,296.4,307.4,2833,5.6,213,1,0,0,1,0,0
L48028,L,296.3,307.4,1465,47.1,215,0,0,0,0,0,0
H30263,H,296.4,307.4,1586,35.5,0,0,0,0,0,0,0
L48030,L,296.3,307.3,1567,31.4,5,0,0,0,0,0,0
M15711,M,296.2,307.2,1389,48.6,7,0,0,0,0,0,0
M15712,M,296.3,307.3,1368,49.5,10,0,0,0,0,0,0
L48033,L,296.3,307.3,1444,49.0,13,0,0,0,0,0,0
M15714,M,296.3,307.3,1498,41.6,15,0,0,0,0,0,0
L48035,L,296.1,307.2,1615,30.8,18,0,0,0,0,0,0
L48036,L,296.1,307.1,1898,22.7,20,0,0,0,0,0,0
M15717,M,296.1,307.1,1350,53.3,22,0,0,0,0,0,0
M15718,M,296.2,307.0,1516,37.6,25,0,0,0,0,0,0
H30273,H,296.2,307.0,1542,40.6,28,0,0,0,0,0,0
H30274,H,296.1,306.9,1541,32.6,33,0,0,0,0,0,0
M15721,M,296.1,306.9,1951,23.3,38,0,0,0,0,0,0
H30276,H,296.1,306.8,1645,31.0,41,0,0,0,0,0,0
L48043,L,296.0,306.7,1416,44.2,46,0,0,0,0,0,0
M15724,M,296.0,306.7,2044,22.3,48,0,0,0,0,0,0
L48045,L,295.9,306.6,1414,50.2,51,0,0,0,0,0,0
L48046,L,295.9,306.6,1678,26.7,53,0,0,0,0,0,0
H30281,H,295.9,306.5,1594,33.2,55,0,0,0,0,0,0
M15728,M,295.8,306.5,1514,37.7,60,0,0,0,0,0,0
L48049,L,295.8,306.5,1358,49.2,63,0,0,0,0,0,0
L48050,L,295.8,306.4,1325,56.2,65,0,0,0,0,0,0
L48051,L,295.8,306.4,1339,53.2,67,0,0,0,0,0,0
M15732,M,295.8,306.4,1335,51.7,69,0,0,0,0,0,0
L48053,L,295.9,306.4,1892,21.7,72,0,0,0,0,0,0
L48054,L,295.9,306.4,1575,28.5,74,0,0,0,0,0,0
M15735,M,295.8,306.3,1444,45.5,76,0,0,0,0,0,0
L48056,L,295.7,306.3,1915,22.4,79,0,0,0,0,0,0
M15737,M,295.6,306.2,1584,33.6,81,0,0,0,0,0,0
M15738,M,295.7,306.3,1685,34.9,84,0,0,0,0,0,0
L48059,L,295.8,306.3,1337,54.6,87,0,0,0,0,0,0
M15740,M,295.8,306.3,1235,76.2,89,1,0,0,1,0,0
L48061,L,295.7,306.2,1464,46.2,92,0,0,0,0,0,0
M15742,M,295.7,306.2,1739,25.9,94,0,0,0,0,0,0
L48063,L,295.7,306.3,1490,34.3,97,0,0,0,0,0,0
L48064,L,295.8,306.4,1356,48.0,99,0,0,0,0,0,0
L48065,L,295.7,306.2,1397,52.0,101,0,0,0,0,0,0
L48066,L,295.7,306.2,1458,40.6,103,0,0,0,0,0,0
H30301,H,295.7,306.2,2161,16.5,105,0,0,0,0,0,0
M15748,M,295.6,306.1,1651,28.1,110,0,0,0,0,0,0
L48069,L,295.6,306.1,1389,46.2,113,0,0,0,0,0,0
L48070,L,295.6,306.0,1370,52.4,115,0,0,0,0,0,0
L48071,L,295.7,306.1,1408,47.9,117,0,0,0,0,0,0
L48072,L,295.7,306.1,1343,54.4,119,0,0,0,0,0,0
M15753,M,295.7,306.2,1423,42.5,121,0,0,0,0,0,0
L48074,L,295.6,306.2,1426,48.6,124,0,0,0,0,0,0
M15755,M,295.6,306.2,1435,51.6,126,0,0,0,0,0,0
L48076,L,295.5,306.1,1573,35.1,129,0,0,0,0,0,0
L48077,L,295.6,306.2,1612,31.2,131,0,0,0,0,0,0
L48078,L,295.6,306.2,1446,49.9,133,0,0,0,0,0,0
H30313,H,295.6,306.2,1329,55.3,135,0,0,0,0,0,0
L48080,L,295.6,306.2,1569,35.1,140,0,0,0,0,0,0
H30315,H,295.6,306.1,1256,62.3,142,0,0,0,0,0,0
L48082,L,295.6,306.1,1383,48.7,147,0,0,0,0,0,0
L48083,L,295.7,306.2,2270,14.6,149,1,0,0,1,0,0
H30318,H,295.7,306.2,1458,49.8,151,0,0,0,0,0,0
L48085,L,295.6,306.1,1474,41.2,156,0,0,0,0,0,0
M15766,M,295.6,306.1,1462,49.2,158,0,0,0,0,0,0
M15767,M,295.6,306.1,1669,29.0,161,0,0,0,0,0,0
M15768,M,295.5,306.1,1822,24.3,164,0,0,0,0,0,0
L48089,L,295.5,306.0,1456,39.2,167,0,0,0,0,0,0
L48090,L,295.5,306.0,1546,35.9,169,0,0,0,0,0,0
M15771,M,295.6,306.1,1490,42.7,171,0,0,0,0,0,0
L48092,L,295.6,306.0,1569,40.4,174,0,0,0,0,0,0
L48093,L,295.5,306.0,1621,29.5,176,0,0,0,0,0,0
M15774,M,295.4,305.9,1518,40.6,178,0,0,0,0,0,0
M15775,M,295.4,305.8,1526,38.2,181,0,0,0,0,0,0
M15776,M,295.3,305.8,1589,36.2,184,0,0,0,0,0,0
L48097,L,295.3,305.7,1475,51.0,187,0,0,0,0,0,0
M15778,M,295.3,305.7,1473,38.5,189,0,0,0,0,0,0
L48099,L,295.4,305.8,1407,50.7,192,0,0,0,0,0,0
M15780,M,295.5,305.9,1518,44.1,194,0,0,0,0,0,0
H30335,H,295.5,305.9,1593,37.2,197,0,0,0,0,0,0
M15782,M,295.5,305.9,1380,52.4,202,0,0,0,0,0,0
M15783,M,295.5,306.0,1423,45.3,205,0,0,0,0,0,0
L48104,L,295.5,306.0,1800,27.6,208,0,0,0,0,0,0
H30339,H,295.6,306.1,1623,30.9,210,0,0,0,0,0,0
L48106,L,295.6,306.1,1372,55.6,215,1,0,0,0,1,0
H30341,H,295.6,306.0,1396,52.4,0,0,0,0,0,0,0
L48108,L,295.6,306.0,1949,21.9,5,0,0,0,0,0,0
L48109,L,295.6,306.0,1419,51.1,7,0,0,0,0,0,0
M15790,M,295.5,305.9,1453,47.3,9,0,0,0,0,0,0
L48111,L,295.5,305.9,1542,36.2,12,0,0,0,0,0,0
L48112,L,295.6,306.0,1363,50.0,14,0,0,0,0,0,0
L48113,L,295.5,306.0,1597,37.2,16,0,0,0,0,0,0
M15794,M,295.5,306.0,1326,50.8,18,0,0,0,0,0,0
M15795,M,295.5,306.0,1641,36.6,21,0,0,0,0,0,0
M15796,M,295.6,306.1,1418,46.2,24,0,0,0,0,0,0
L48117,L,295.6,306.2,1263,61.8,27,0,0,0,0,0,0
L48118,L,295.6,306.2,1823,25.8,29,0,0,0,0,0,0
L48119,L,295.5,306.1,1488,40.7,31,0,0,0,0,0,0
L48120,L,295.6,306.2,1443,48.9,33,0,0,0,0,0,0
L48121,L,295.6,306.2,1650,28.2,35,0,0,0,0,0,0
M15802,M,295.7,306.3,1462,44.3,37,0,0,0,0,0,0
M15803,M,295.6,306.2,1477,45.0,40,0,0,0,0,0,0
M15804,M,295.7,306.3,1712,28.5,43,0,0,0,0,0,0
M15805,M,295.7,306.3,1347,50.4,46,0,0,0,0,0,0
L48126,L,295.6,306.2,1287,54.8,49,0,0,0,0,0,0
L48127,L,295.6,306.2,1428,44.5,51,0,0,0,0,0,0
M15808,M,295.6,306.3,1426,45.5,53,0,0,0,0,0,0
L48129,L,295.6,306.3,1636,32.7,56,0,0,0,0,0,0
L48130,L,295.6,306.2,1424,42.5,58,0,0,0,0,0,0
H30365,H,295.6,306.3,1509,35.8,60,0,0,0,0,0,0
L48132,L,295.5,306.2,1448,48.9,65,0,0,0,0,0,0
L48133,L,295.5,306.1,1650,32.8,67,0,0,0,0,0,0
H30368,H,295.6,306.2,1414,42.5,69,0,0,0,0,0,0
L48135,L,295.6,306.3,1911,20.9,74,0,0,0,0,0,0
H30370,H,295.6,306.2,1632,32.2,76,0,0,0,0,0,0
M15817,M,295.7,306.4,1387,40.1,81,0,0,0,0,0,0
L48138,L,295.8,306.4,1399,47.6,84,0,0,0,0,0,0
L48139,L,295.8,306.5,1505,35.2,86,0,0,0,0,0,0
L48140,L,295.8,306.5,1534,37.9,88,0,0,0,0,0,0
L48141,L,295.8,306.5,1493,40.5,90,0,0,0,0,0,0
M15822,M,295.8,306.6,1480,43.2,92,0,0,0,0,0,0
L48143,L,295.8,306.6,1621,31.6,95,0,0,0,0,0,0
L48144,L,295.7,306.5,1737,26.2,97,0,0,0,0,0,0
L48145,L,295.8,306.6,1508,46.5,99,0,0,0,0,0,0
M15826,M,295.8,306.5,1641,32.2,101,0,0,0,0,0,0
M15827,M,295.9,306.6,1532,38.6,104,0,0,0,0,0,0
L48148,L,295.9,306.7,1547,40.9,107,0,0,0,0,0,0
L48149,L,295.9,306.6,1412,41.0,109,0,0,0,0,0,0
L48150,L,295.8,306.5,1568,35.1,111,0,0,0,0,0,0
L48151,L,295.9,306.6,1557,41.1,113,0,0,0,0,0,0
L48152,L,295.8,306.6,1644,35.2,115,0,0,0,0,0,0
L48153,L,295.9,306.6,1679,30.4,117,0,0,0,0,0,0
L48154,L,296.0,306.6,1511,35.2,119,0,0,0,0,0,0
M15835,M,296.0,306.6,1628,36.8,121,0,0,0,0,0,0
M15836,M,296.0,306.6,1392,51.3,124,0,0,0,0,0,0
L48157,L,296.0,306.7,1917,21.0,127,0,0,0,0,0,0
M15838,M,296.2,306.8,1526,42.3,129,0,0,0,0,0,0
L48159,L,296.2,306.8,1389,53.3,132,0,0,0,0,0,0
L48160,L,296.1,306.7,1409,42.8,134,0,0,0,0,0,0
L48161,L,296.2,306.8,1655,31.1,136,0,0,0,0,0,0
L48162,L,296.2,306.9,1516,39.1,138,0,0,0,0,0,0
L48163,L,296.2,306.9,1526,34.9,140,0,0,0,0,0,0
L48164,L,296.3,307.1,1419,48.6,142,0,0,0,0,0,0
L48165,L,296.4,307.2,1748,25.3,144,0,0,0,0,0,0
H30400,H,296.4,307.1,1638,32.5,146,0,0,0,0,0,0
M15847,M,296.3,307.1,1534,33.8,151,0,0,0,0,0,0
H30402,H,296.3,307.1,1774,25.9,154,0,0,0,0,0,0
M15849,M,296.2,307.0,2119,18.3,159,0,0,0,0,0,0
L48170,L,296.2,307.0,1414,48.3,162,0,0,0,0,0,0
M15851,M,296.1,307.0,1523,42.0,164,0,0,0,0,0,0
L48172,L,296.1,307.1,1651,35.7,167,0,0,0,0,0,0
M15853,M,296.1,307.1,1485,36.0,169,0,0,0,0,0,0
M15854,M,296.2,307.2,1168,63.4,172,0,0,0,0,0,0
L48175,L,296.3,307.3,1566,35.8,175,0,0,0,0,0,0
M15856,M,296.3,307.2,1286,51.1,177,0,0,0,0,0,0
M15857,M,296.3,307.2,1446,45.9,180,0,0,0,0,0,0
M15858,M,296.4,307.2,2071,19.4,183,0,0,0,0,0,0
L48179,L,296.3,307.1,1560,33.2,186,0,0,0,0,0,0
L48180,L,296.3,307.1,1654,29.6,188,0,0,0,0,0,0
L48181,L,296.3,307.1,1662,32.9,190,0,0,0,0,0,0
L48182,L,296.3,307.2,1646,35.0,192,0,0,0,0,0,0
L48183,L,296.2,307.1,1444,46.7,194,0,0,0,0,0,0
H30418,H,296.3,307.2,1424,42.0,196,0,0,0,0,0,0
L48185,L,296.2,307.2,1382,52.0,201,0,0,0,0,0,0
L48186,L,296.2,307.1,1413,53.4,203,0,0,0,0,0,0
M15867,M,296.2,307.2,1633,31.1,0,0,0,0,0,0,0
L48188,L,296.2,307.1,1441,41.7,3,0,0,0,0,0,0
M15869,M,296.2,307.2,1385,44.0,5,0,0,0,0,0,0
M15870,M,296.2,307.2,1552,34.8,8,0,0,0,0,0,0
M15871,M,296.2,307.3,1451,42.8,11,0,0,0,0,0,0
M15872,M,296.1,307.1,1433,38.5,14,0,0,0,0,0,0
M15873,M,296.1,307.2,1619,29.7,17,0,0,0,0,0,0
L48194,L,296.2,307.2,1445,41.8,20,0,0,0,0,0,0
L48195,L,296.2,307.2,1356,43.6,22,0,0,0,0,0,0
M15876,M,296.3,307.2,1319,68.3,24,1,0,0,1,0,0
L48197,L,296.3,307.2,1637,31.6,27,0,0,0,0,0,0
L48198,L,296.3,307.2,1291,58.6,29,0,0,0,0,0,0
L48199,L,296.3,307.3,1398,52.7,31,0,0,0,0,0,0
L48200,L,296.3,307.3,1372,57.7,33,0,0,0,0,0,0
M15881,M,296.3,307.2,1454,42.5,35,0,0,0,0,0,0
L48202,L,296.2,307.2,1515,36.5,38,0,0,0,0,0,0
L48203,L,296.2,307.3,1881,24.3,40,0,0,0,0,0,0
L48204,L,296.2,307.3,1711,29.9,42,0,0,0,0,0,0
L48205,L,296.2,307.3,1475,37.0,44,0,0,0,0,0,0
L48206,L,296.4,307.4,1512,36.8,46,0,0,0,0,0,0
M15887,M,296.3,307.4,1335,50.5,48,0,0,0,0,0,0
L48208,L,296.3,307.4,1472,39.9,51,0,0,0,0,0,0
M15889,M,296.2,307.3,1477,35.2,53,0,0,0,0,0,0
L48210,L,296.3,307.4,1760,28.4,56,0,0,0,0,0,0
L48211,L,296.4,307.5,1549,36.1,58,0,0,0,0,0,0
L48212,L,296.3,307.4,1648,34.0,60,0,0,0,0,0,0
H30447,H,296.4,307.5,1556,38.0,62,0,0,0,0,0,0
M15894,M,296.3,307.4,1958,19.1,67,0,0,0,0,0,0
L48215,L,296.4,307.4,1403,48.4,70,0,0,0,0,0,0
M15896,M,296.4,307.5,1684,31.4,72,0,0,0,0,0,0
H30451,H,296.4,307.5,1596,35.1,75,0,0,0,0,0,0
L48218,L,296.6,307.6,1498,41.1,80,0,0,0,0,0,0
L48219,L,296.7,307.7,1524,36.8,82,0,0,0,0,0,0
L48220,L,296.7,307.7,1502,43.9,84,0,0,0,0,0,0
L48221,L,296.6,307.6,1809,25.1,86,0,0,0,0,0,0
L48222,L,296.6,307.6,1542,37.4,88,0,0,0,0,0,0
L48223,L,296.5,307.6,1431,45.2,90,0,0,0,0,0,0
L48224,L,296.5,307.6,1512,43.6,92,0,0,0,0,0,0
H30459,H,296.4,307.5,1403,52.8,94,0,0,0,0,0,0
L48226,L,296.4,307.5,1331,47.8,99,0,0,0,0,0,0
M15907,M,296.6,307.7,1474,52.6,101,0,0,0,0,0,0
L48228,L,296.5,307.6,1607,33.5,104,0,0,0,0,0,0
L48229,L,296.5,307.6,1415,44.2,106,0,0,0,0,0,0
L48230,L,296.6,307.6,1671,28.8,108,0,0,0,0,0,0
L48231,L,296.6,307.7,1556,37.7,110,0,0,0,0,0,0
L48232,L,296.7,307.7,1927,23.9,112,0,0,0,0,0,0
M15913,M,296.7,307.7,1597,32.1,114,0,0,0,0,0,0
H30468,H,296.8,307.8,1627,30.5,117,0,0,0,0,0,0
L48235,L,296.8,307.8,1480,39.4,122,0,0,0,0,0,0
L48236,L,296.8,307.8,1565,39.5,124,0,0,0,0,0,0
L48237,L,296.8,307.8,1573,36.4,126,0,0,0,0,0,0
L48238,L,296.7,307.8,1605,31.3,128,0,0,0,0,0,0
M15919,M,296.7,307.9,1874,21.3,130,0,0,0,0,0,0
H30474,H,296.7,307.9,1424,53.8,133,0,0,0,0,0,0
L48241,L,296.7,307.9,1420,50.1,138,0,0,0,0,0,0
L48242,L,296.8,307.9,1372,49.0,140,0,0,0,0,0,0
M15923,M,296.8,307.8,1664,32.8,142,0,0,0,0,0,0
M15924,M,296.8,307.9,1409,44.3,145,0,0,0,0,0,0
L48245,L,296.8,307.9,1718,25.2,148,0,0,0,0,0,0
M15926,M,296.9,307.8,1544,40.3,150,0,0,0,0,0,0
L48247,L,296.9,307.8,1466,45.7,153,0,0,0,0,0,0
L48248,L,296.8,307.8,1394,47.7,155,0,0,0,0,0,0
M15929,M,296.9,307.8,1840,24.6,157,0,0,0,0,0,0
M15930,M,296.9,307.8,1477,37.2,160,0,0,0,0,0,0
L48251,L,296.9,307.8,1425,49.1,163,0,0,0,0,0,0
M15932,M,297.0,307.9,1414,46.2,165,0,0,0,0,0,0
L48253,L,297.0,307.8,1414,47.5,168,0,0,0,0,0,0
L48254,L,297.0,307.9,1595,31.7,170,0,0,0,0,0,0
H30489,H,296.9,307.8,1345,54.5,172,0,0,0,0,0,0
L48256,L,296.9,307.7,1653,35.9,177,0,0,0,0,0,0
L48257,L,296.8,307.6,1547,36.5,179,0,0,0,0,0,0
H30492,H,296.9,307.7,1656,30.8,181,0,0,0,0,0,0
L48259,L,297.0,307.7,1731,28.5,186,0,0,0,0,0,0
L48260,L,297.0,307.8,1774,28.0,188,0,0,0,0,0,0
L48261,L,297.0,307.8,1521,40.2,190,0,0,0,0,0,0
H30496,H,297.1,307.9,1420,39.8,192,0,0,0,0,0,0
L48263,L,297.0,307.8,1683,32.3,197,0,0,0,0,0,0
M15944,M,297.0,307.7,1498,47.1,199,0,0,0,0,0,0
L48265,L,297.0,307.8,1385,56.4,202,1,0,0,0,1,0
L48266,L,297.0,307.9,1455,49.0,204,0,0,0,0,0,0
H30501,H,296.9,307.8,1549,35.8,206,1,1,0,0,0,0
M15948,M,296.9,307.8,1392,43.9,0,0,0,0,0,0,0
M15949,M,296.9,307.7,2008,17.5,3,0,0,0,0,0,0
L48270,L,296.9,307.7,1464,41.4,6,0,0,0,0,0,0
L48271,L,297.0,307.7,1447,46.4,8,0,0,0,0,0,0
M15952,M,296.9,307.6,1685,32.0,10,0,0,0,0,0,0
M15953,M,296.8,307.5,1443,39.2,13,0,0,0,0,0,0
L48274,L,296.9,307.5,1354,44.4,16,0,0,0,0,0,0
L48275,L,296.9,307.5,2721,9.3,18,1,0,0,1,0,0
L48276,L,297.0,307.6,1680,35.8,20,0,0,0,0,0,0
H30511,H,296.9,307.5,1397,48.3,22,0,0,0,0,0,0
M15958,M,296.9,307.4,1521,37.9,27,0,0,0,0,0,0
M15959,M,296.8,307.4,1472,43.9,30,0,0,0,0,0,0
H30514,H,296.8,307.5,1695,30.0,33,0,0,0,0,0,0
H30515,H,296.7,307.5,1607,33.6,38,0,0,0,0,0,0
L48282,L,296.8,307.5,1347,54.8,43,0,0,0,0,0,0
M15963,M,296.7,307.4,1540,38.7,45,0,0,0,0,0,0
L48284,L,296.6,307.4,1389,42.7,48,0,0,0,0,0,0
M15965,M,296.6,307.5,1734,27.0,50,0,0,0,0,0,0
L48286,L,296.7,307.6,1540,38.6,53,0,0,0,0,0,0
M15967,M,296.7,307.5,1515,42.1,55,0,0,0,0,0,0
L48288,L,296.6,307.4,1504,45.8,58,0,0,0,0,0,0
L48289,L,296.6,307.5,1557,35.1,60,0,0,0,0,0,0
L48290,L,296.5,307.4,1292,52.5,62,0,0,0,0,0,0
H30525,H,296.5,307.4,1432,49.2,64,0,0,0,0,0,0
M15972,M,296.5,307.4,1350,55.6,69,0,0,0,0,0,0
M15973,M,296.6,307.4,1790,25.8,72,0,0,0,0,0,0
H30528,H,296.4,307.3,1540,37.4,75,0,0,0,0,0,0
M15975,M,296.4,307.3,2077,19.1,80,0,0,0,0,0,0
L48296,L,296.4,307.3,1487,37.5,83,0,0,0,0,0,0
L48297,L,296.5,307.4,1523,40.7,85,0,0,0,0,0,0
L48298,L,296.5,307.5,1443,41.8,87,0,0,0,0,0,0
L48299,L,296.5,307.5,1340,59.1,89,0,0,0,0,0,0
H30534,H,296.6,307.7,1654,31.0,91,0,0,0,0,0,0
L48301,L,296.6,307.6,1459,40.2,96,0,0,0,0,0,0
L48302,L,296.5,307.6,1541,38.5,98,0,0,0,0,0,0
H30537,H,296.6,307.7,1386,62.3,100,1,0,0,1,0,0
M15984,M,296.7,307.8,1258,69.0,105,1,0,0,1,0,0
M15985,M,296.7,307.8,1375,51.4,108,0,0,0,0,0,0
L48306,L,296.8,307.9,1706,30.8,111,0,0,0,0,0,0
M15987,M,296.7,307.8,1672,32.4,113,0,0,0,0,0,0
M15988,M,296.8,307.9,1843,25.2,116,0,0,0,0,0,0
L48309,L,296.7,307.9,1690,29.6,119,0,0,0,0,0,0
L48310,L,296.8,307.9,1413,46.5,121,0,0,0,0,0,0
L48311,L,296.8,307.9,1489,33.4,123,0,0,0,0,0,0
L48312,L,296.8,307.9,1271,61.4,125,0,0,0,0,0,0
M15993,M,296.8,307.9,1418,47.9,127,0,0,0,0,0,0
M15994,M,296.9,307.8,1426,50.7,130,0,0,0,0,0,0
L48315,L,296.9,307.9,1535,39.2,133,0,0,0,0,0,0
L48316,L,296.9,307.8,1557,38.1,135,0,0,0,0,0,0
L48317,L,296.9,307.8,1653,29.7,137,0,0,0,0,0,0
L48318,L,296.9,307.9,1435,41.6,139,0,0,0,0,0,0
M15999,M,297.0,307.9,1569,33.3,141,0,0,0,0,0,0
M16000,M,296.9,307.9,1385,44.8,144,0,0,0,0,0,0
L48321,L,297.0,307.9,1635,31.6,147,0,0,0,0,0,0
L48322,L,296.9,307.9,1423,43.9,149,0,0,0,0,0,0
L48323,L,297.0,307.9,1479,39.2,151,0,0,0,0,0,0
L48324,L,297.0,307.9,1296,69.1,153,1,0,0,1,0,0
L48325,L,297.0,307.8,1553,33.3,155,0,0,0,0,0,0
L48326,L,297.0,307.9,1529,42.2,157,0,0,0,0,0,0
M16007,M,297.1,308.0,1690,25.6,159,0,0,0,0,0,0
L48328,L,297.1,308.0,1348,58.0,162,0,0,0,0,0,0
L48329,L,297.2,308.1,1446,38.5,164,0,0,0,0,0,0
L48330,L,297.1,307.9,1456,50.0,166,0,0,0,0,0,0
L48331,L,297.0,307.9,1350,47.7,168,0,0,0,0,0,0
L48332,L,297.1,307.9,1507,38.3,170,0,0,0,0,0,0
H30567,H,297.0,307.9,1448,45.6,172,0,0,0,0,0,0
L48334,L,296.9,307.9,1626,29.9,177,0,0,0,0,0,0
H30569,H,297.0,307.9,1846,27.3,179,0,0,0,0,0,0
H30570,H,297.0,307.8,1404,40.7,184,0,0,0,0,0,0
L48337,L,297.0,307.8,1583,37.2,189,0,0,0,0,0,0
L48338,L,297.0,307.9,1436,47.7,191,0,0,0,0,0,0
L48339,L,297.0,307.8,1609,35.6,193,0,0,0,0,0,0
H30574,H,297.0,307.7,1834,23.8,195,0,0,0,0,0,0
L48341,L,297.0,307.8,1316,61.2,200,1,0,0,0,1,0
L48342,L,296.9,307.8,1400,57.1,202,1,0,0,0,1,0
L48343,L,296.9,307.9,1367,47.1,204,0,0,0,0,0,0
L48344,L,297.1,308.1,1754,30.3,206,0,0,0,0,0,0
L48345,L,297.1,308.1,1487,34.6,208,0,0,0,0,0,0
M16026,M,297.1,308.1,1506,37.7,210,0,0,0,0,0,0
L48347,L,297.0,308.1,1362,52.5,213,1,0,0,0,1,0
L48348,L,297.1,308.1,1584,36.8,215,0,0,0,0,0,0
L48349,L,297.0,308.1,1355,43.7,217,0,0,0,0,0,0
M16030,M,297.1,308.1,1823,24.3,219,0,0,0,0,0,0
H30585,H,297.0,308.1,1517,41.4,222,0,0,0,0,0,0
L48352,L,297.1,308.1,1446,36.6,227,0,0,0,0,0,0
H30587,H,297.1,308.0,1559,38.8,229,0,0,0,0,0,0
M16034,M,297.1,308.1,1352,44.4,0,0,0,0,0,0,0
M16035,M,297.2,308.3,1578,37.8,3,0,0,0,0,0,0
M16036,M,297.2,308.3,1429,42.0,6,0,0,0,0,0,0
M16037,M,297.2,308.3,1604,39.4,9,0,0,0,0,0,0
L48358,L,297.3,308.5,1398,60.4,12,0,0,0,0,0,0
L48359,L,297.3,308.4,1441,43.4,14,0,0,0,0,0,0
H30594,H,297.3,308.4,1531,35.6,16,0,0,0,0,0,0
L48361,L,297.2,308.3,1379,52.1,21,0,0,0,0,0,0
L48362,L,297.3,308.3,1410,48.1,23,0,0,0,0,0,0
L48363,L,297.3,308.4,1513,40.5,25,0,0,0,0,0,0
L48364,L,297.3,308.5,1497,47.5,27,0,0,0,0,0,0
L48365,L,297.3,308.4,1491,46.5,29,0,0,0,0,0,0
L48366,L,297.3,308.4,1417,47.8,31,0,0,0,0,0,0
M16047,M,297.4,308.6,1522,38.0,33,0,0,0,0,0,0
L48368,L,297.3,308.4,1339,52.1,36,0,0,0,0,0,0
M16049,M,297.2,308.3,1794,27.5,38,0,0,0,0,0,0
L48370,L,297.2,308.4,1460,42.1,41,0,0,0,0,0,0
M16051,M,297.2,308.3,1776,28.0,43,0,0,0,0,0,0
M16052,M,297.2,308.3,1431,43.7,46,0,0,0,0,0,0
L48373,L,297.1,308.2,1347,50.8,49,0,0,0,0,0,0
M16054,M,297.0,308.1,1507,43.1,51,0,0,0,0,0,0
M16055,M,297.0,308.0,1408,47.9,54,0,0,0,0,0,0
M16056,M,297.0,307.9,1493,34.7,57,0,0,0,0,0,0
M16057,M,296.9,307.9,1441,47.6,60,0,0,0,0,0,0
H30612,H,296.9,307.9,1557,36.5,63,0,0,0,0,0,0
M16059,M,296.9,307.9,1979,20.4,68,0,0,0,0,0,0
M16060,M,296.9,308.0,1430,55.9,71,0,0,0,0,0,0
L48381,L,296.9,308.0,1658,41.0,74,0,0,0,0,0,0
M16062,M,297.0,308.1,1355,51.4,76,0,0,0,0,0,0
H30617,H,297.0,308.1,1410,47.6,79,0,0,0,0,0,0
L48384,L,296.9,308.0,1521,34.5,84,0,0,0,0,0,0
L48385,L,296.8,308.0,1371,54.5,86,0,0,0,0,0,0
H30620,H,296.9,308.0,1318,53.5,88,0,0,0,0,0,0
M16067,M,297.0,308.1,1573,34.9,93,0,0,0,0,0,0
L48388,L,297.0,308.1,1489,44.1,96,0,0,0,0,0,0
H30623,H,297.0,308.1,2540,13.3,98,0,0,0,0,0,0
L48390,L,297.0,308.1,1537,39.0,103,0,0,0,0,0,0
H30625,H,296.9,308.0,1416,46.9,105,0,0,0,0,0,0
L48392,L,296.9,307.9,1359,56.5,110,0,0,0,0,0,0
M16073,M,296.8,307.8,1551,38.9,112,0,0,0,0,0,0
M16074,M,296.8,307.8,1694,33.0,115,0,0,0,0,0,0
L48395,L,296.8,307.9,1709,28.4,118,0,0,0,0,0,0
L48396,L,296.9,308.0,1514,41.0,120,0,0,0,0,0,0
L48397,L,297.0,308.1,1455,43.5,122,0,0,0,0,0,0
M16078,M,297.0,308.2,1702,30.7,124,0,0,0,0,0,0
M16079,M,296.9,308.1,1357,41.8,127,0,0,0,0,0,0
L48400,L,297.0,308.2,1577,29.4,130,0,0,0,0,0,0
M16081,M,297.0,308.3,1399,46.4,132,0,0,0,0,0,1
L48402,L,297.0,308.3,1399,59.0,135,0,0,0,0,0,0
L48403,L,297.0,308.3,1492,48.1,137,0,0,0,0,0,0
L48404,L,297.1,308.3,1763,25.7,139,0,0,0,0,0,0
H30639,H,297.1,308.3,1492,41.5,141,0,0,0,0,0,0
L48406,L,297.1,308.4,1488,42.5,146,0,0,0,0,0,0
L48407,L,297.1,308.4,1422,42.1,148,0,0,0,0,0,0
M16088,M,297.1,308.4,1583,38.2,150,0,0,0,0,0,0
L48409,L,297.1,308.4,1304,53.5,153,0,0,0,0,0,0
M16090,M,297.1,308.4,1880,23.5,155,0,0,0,0,0,0
M16091,M,297.2,308.5,1604,40.7,158,0,0,0,0,0,0
L48412,L,297.2,308.6,1500,37.1,161,0,0,0,0,0,0
M16093,M,297.2,308.5,1364,55.6,163,0,0,0,0,0,0
H30648,H,297.2,308.5,2440,14.0,166,0,0,0,0,0,0
H30649,H,297.1,308.4,1654,31.4,171,0,0,0,0,0,0
H30650,H,297.1,308.4,1359,46.6,176,0,0,0,0,0,0
M16097,M,297.1,308.4,1502,37.3,181,0,0,0,0,0,0
M16098,M,297.1,308.4,1615,32.6,184,0,0,0,0,0,0
H30653,H,297.2,308.5,1482,39.3,187,0,0,0,0,0,0
L48420,L,297.2,308.6,1636,31.3,192,0,0,0,0,0,0
M16101,M,297.1,308.5,1621,32.4,194,0,0,0,0,0,0
L48422,L,297.1,308.4,1468,44.4,197,0,0,0,0,0,0
M16103,M,297.1,308.4,1432,53.4,199,0,0,0,0,0,0
L48424,L,297.1,308.4,1726,28.4,202,0,0,0,0,0,0
M16105,M,297.1,308.4,1588,33.4,204,0,0,0,0,0,0
H30660,H,297.2,308.5,1653,33.3,207,0,0,0,0,0,0
L48427,L,297.2,308.5,1513,42.9,212,0,0,0,0,0,0
L48428,L,297.2,308.6,1489,40.2,214,0,0,0,0,0,0
L48429,L,297.3,308.7,1467,36.8,216,0,0,0,0,0,0
L48430,L,297.3,308.7,1549,36.1,218,0,0,0,0,0,0
M16111,M,297.4,308.8,1359,48.7,220,0,0,0,0,0,0
L48432,L,297.5,308.8,1533,41.5,223,0,0,0,0,0,0
L48433,L,297.5,308.8,1309,57.3,0,0,0,0,0,0,0
H30668,H,297.5,308.8,1430,49.4,2,0,0,0,0,0,0
H30669,H,297.5,308.9,1419,50.7,7,0,0,0,0,0,0
M16116,M,297.5,308.9,1535,37.7,12,0,0,0,0,0,0
L48437,L,297.5,308.9,1466,43.0,15,0,0,0,0,0,0
L48438,L,297.5,308.9,1427,50.4,17,0,0,0,0,0,0
M16119,M,297.5,308.9,1280,48.5,19,0,0,0,0,0,0
L48440,L,297.6,309.0,1528,33.8,22,0,0,0,0,0,0
H30675,H,297.6,309.0,1885,25.2,24,0,0,0,0,0,0
H30676,H,297.8,309.2,1648,33.0,29,0,0,0,0,0,0
L48443,L,297.8,309.2,1400,56.9,34,0,0,0,0,0,0
M16124,M,297.8,309.3,2243,15.7,36,0,0,0,0,0,0
L48445,L,297.9,309.4,1558,35.7,39,0,0,0,0,0,0
L48446,L,298.0,309.6,1633,34.8,41,0,0,0,0,0,0
M16127,M,298.1,309.6,1549,38.7,43,0,0,0,0,0,0
L48448,L,298.0,309.5,1496,45.8,46,0,0,0,0,0,0
L48449,L,298.1,309.5,1467,41.8,48,0,0,0,0,0,0
M16130,M,298.0,309.4,1276,65.9,50,0,0,0,0,0,0
H30685,H,298.0,309.4,1490,40.5,53,0,0,0,0,0,0
H30686,H,298.0,309.4,1562,38.1,58,0,0,0,0,0,0
L48453,L,298.1,309.4,1397,48.2,63,0,0,0,0,0,0
H30688,H,298.1,309.5,1530,40.2,65,0,0,0,0,0,0
M16135,M,298.1,309.4,1362,47.6,70,0,0,0,0,0,0
M16136,M,298.2,309.4,1693,34.4,73,0,0,0,0,0,0
M16137,M,298.2,309.4,1408,46.5,76,0,0,0,0,0,0
L48458,L,298.2,309.4,1398,52.9,79,0,0,0,0,0,0
M16139,M,298.3,309.6,1531,40.1,81,0,0,0,0,0,0
H30694,H,298.3,309.5,1521,37.1,84,0,0,0,0,0,0
H30695,H,298.3,309.5,1427,54.3,89,0,0,0,0,0,0
L48462,L,298.3,309.4,1546,36.1,94,0,0,0,0,0,0
L48463,L,298.3,309.4,1356,45.4,96,0,0,0,0,0,0
L48464,L,298.4,309.5,2153,15.3,98,1,0,0,1,0,0
M16145,M,298.5,309.6,1492,41.7,100,0,0,0,0,0,0
L48466,L,298.5,309.6,1582,40.3,103,0,0,0,0,0,0
L48467,L,298.5,309.6,1419,41.5,105,0,0,0,0,0,0
M16148,M,298.5,309.6,1441,48.2,107,0,0,0,0,0,0
M16149,M,298.6,309.7,1635,32.2,110,0,0,0,0,0,0
L48470,L,298.6,309.7,1429,45.8,113,0,0,0,0,0,0
M16151,M,298.6,309.7,1675,28.4,115,0,0,0,0,0,0
M16152,M,298.7,309.7,1868,23.8,118,0,0,0,0,0,0
H30707,H,298.7,309.8,1582,33.4,121,0,0,0,0,0,0
L48474,L,298.8,309.9,1486,40.3,126,0,0,0,0,0,0
L48475,L,298.7,309.8,1402,54.3,128,0,0,0,0,0,0
L48476,L,298.7,309.9,1621,34.1,130,0,0,0,0,0,0
L48477,L,298.8,309.9,1428,42.4,132,0,0,0,0,0,0
M16158,M,298.7,309.8,1343,53.6,134,0,0,0,0,0,0
M16159,M,298.7,309.9,1458,40.2,137,0,0,0,0,0,0
L48480,L,298.7,309.8,1322,57.0,140,0,0,0,0,0,0
L48481,L,298.7,309.9,1483,32.8,142,0,0,0,0,0,0
L48482,L,298.6,309.8,1505,45.7,144,0,0,0,0,0,1
L48483,L,298.7,309.9,1593,42.5,146,0,0,0,0,0,0
L48484,L,298.8,310.0,2098,19.6,148,0,0,0,0,0,0
L48485,L,298.8,310.0,1672,30.4,150,0,0,0,0,0,0
L48486,L,298.8,310.0,1487,41.4,152,0,0,0,0,0,0
L48487,L,298.8,310.0,1423,42.1,154,0,0,0,0,0,0
L48488,L,298.9,310.1,1750,25.0,156,0,0,0,0,0,0
L48489,L,298.9,310.2,1654,31.1,158,0,0,0,0,0,0
L48490,L,298.9,310.2,1498,50.2,160,0,0,0,0,0,0
L48491,L,298.9,310.1,1587,30.2,162,0,0,0,0,0,0
L48492,L,298.9,310.1,1473,42.6,164,0,0,0,0,0,0
L48493,L,298.9,310.2,1359,56.9,166,0,0,0,0,0,0
M16174,M,299.0,310.3,1635,34.5,168,0,0,0,0,0,0
L48495,L,299.0,310.3,1520,45.0,171,0,0,0,0,0,0
L48496,L,299.0,310.3,1507,36.7,173,0,0,0,0,0,0
L48497,L,299.0,310.3,1428,46.3,175,0,0,0,0,0,0
M16178,M,299.0,310.3,1582,33.3,177,0,0,0,0,0,0
L48499,L,299.0,310.3,1929,24.4,180,0,0,0,0,0,0
M16180,M,299.0,310.3,1540,38.1,182,0,0,0,0,0,0
L48501,L,298.9,310.2,1362,53.0,185,0,0,0,0,0,0
H30736,H,298.9,310.1,1452,49.9,187,0,0,0,0,0,0
L48503,L,298.9,310.1,1361,51.7,192,0,0,0,0,0,0
M16184,M,298.8,310.1,1243,74.5,194,1,0,0,1,1,0
H30739,H,298.8,310.1,1567,36.8,197,0,0,0,0,0,0
L48506,L,298.9,310.2,1411,46.5,202,0,0,0,0,0,0
L48507,L,298.8,310.2,1814,26.8,204,0,0,0,0,0,0
M16188,M,298.8,310.1,1719,28.8,206,0,0,0,0,0,0
H30743,H,298.8,310.2,1663,30.4,209,0,0,0,0,0,0
L48510,L,298.9,310.2,1696,30.2,214,0,0,0,0,0,0
H30745,H,298.9,310.2,1771,26.8,216,0,0,0,0,0,0
L48512,L,299.0,310.3,1868,24.0,221,0,0,0,0,0,0
M16193,M,299.0,310.3,1558,35.4,223,0,0,0,0,0,0
L48514,L,299.0,310.4,1365,49.1,226,1,0,0,0,1,0
L48515,L,299.0,310.4,1371,53.8,228,1,0,0,0,1,0
L48516,L,298.9,310.3,1583,32.6,230,0,0,0,0,0,0
H30751,H,298.7,310.2,1613,36.0,0,0,0,0,0,0,0
L48518,L,298.6,310.1,1721,27.2,5,0,0,0,0,0,0
M16199,M,298.6,310.2,1668,31.5,7,0,0,0,0,0,0
L48520,L,298.6,310.2,1569,36.3,10,0,0,0,0,0,0
M16201,M,298.6,310.2,1328,50.5,12,0,0,0,0,0,0
M16202,M,298.6,310.1,1596,33.0,15,0,0,0,0,0,0
L48523,L,298.5,310.2,1676,32.7,18,0,0,0,0,0,0
L48524,L,298.5,310.1,1809,28.9,20,0,0,0,0,0,0
L48525,L,298.5,310.0,1804,26.1,22,0,0,0,0,0,0
L48526,L,298.6,310.1,1533,33.9,24,0,0,0,0,0,0
L48527,L,298.7,310.2,1717,27.3,26,0,0,0,0,0,0
L48528,L,298.7,310.2,1363,45.5,28,0,0,0,0,0,0
L48529,L,298.7,310.2,1402,45.9,30,0,0,0,0,0,0
L48530,L,298.7,310.2,1436,47.5,32,0,0,0,0,0,0
L48531,L,298.7,310.2,1525,43.7,34,0,0,0,0,0,0
M16212,M,298.7,310.2,1598,33.3,36,0,0,0,0,0,0
M16213,M,298.6,310.1,1444,48.1,39,0,0,0,0,0,0
L48534,L,298.6,310.0,1334,48.0,42,0,0,0,0,0,0
M16215,M,298.6,310.0,1681,35.5,44,0,0,0,0,0,0
L48536,L,298.6,309.9,1593,37.4,47,0,0,0,0,0,0
L48537,L,298.6,309.9,1461,45.7,49,0,0,0,0,0,0
M16218,M,298.7,310.1,1693,31.9,51,0,0,0,0,0,0
L48539,L,298.7,310.2,1404,50.3,54,0,0,0,0,0,0
H30774,H,298.8,310.2,1707,27.6,56,0,0,0,0,0,0
M16221,M,298.6,310.1,1458,41.9,61,0,0,0,0,0,0
L48542,L,298.6,310.0,1517,41.2,64,0,0,0,0,0,0
L48543,L,298.7,310.1,1433,54.6,66,0,0,0,0,0,0
L48544,L,298.7,310.2,1566,33.1,68,0,0,0,0,0,0
L48545,L,298.7,310.1,1676,33.5,70,0,0,0,0,0,0
M16226,M,298.7,310.1,1368,56.8,72,0,0,0,0,0,0
M16227,M,298.8,310.2,1581,37.5,75,0,0,0,0,0,0
H30782,H,298.8,310.3,1708,27.1,78,0,0,0,0,0,0
M16229,M,298.7,310.3,1481,41.5,83,0,0,0,0,0,0
L48550,L,298.7,310.3,1451,40.0,86,0,0,0,0,0,0
M16231,M,298.7,310.3,1495,38.7,88,0,0,0,0,0,0
M16232,M,298.8,310.3,1573,41.8,91,0,0,0,0,0,0
M16233,M,298.8,310.3,1366,59.0,94,0,0,0,0,0,0
L48554,L,298.8,310.3,1553,36.8,97,0,0,0,0,0,0
M16235,M,298.8,310.3,1528,37.1,99,0,0,0,0,0,0
M16236,M,298.8,310.2,1527,31.2,102,0,0,0,0,0,0
L48557,L,298.8,310.2,1461,46.7,105,0,0,0,0,0,0
H30792,H,298.8,310.2,1455,44.9,107,0,0,0,0,0,0
L48559,L,298.7,310.1,1620,34.8,112,0,0,0,0,0,0
L48560,L,298.7,310.1,1786,27.7,114,0,0,0,0,0,0
M16241,M,298.8,310.2,1583,35.7,116,0,0,0,0,0,0
L48562,L,298.8,310.1,1653,30.3,119,0,0,0,0,0,0
M16243,M,298.9,310.2,1331,49.0,121,0,0,0,0,0,0
L48564,L,298.9,310.3,1484,43.8,124,0,0,0,0,0,0
M16245,M,298.9,310.2,1603,36.1,126,0,0,0,0,0,0
L48566,L,298.9,310.2,1445,40.0,129,0,0,0,0,0,0
L48567,L,298.9,310.1,1823,26.1,131,0,0,0,0,0,0
H30802,H,298.9,310.1,1491,45.3,133,0,0,0,0,0,0
L48569,L,298.9,310.2,1533,42.8,138,0,0,0,0,0,0
L48570,L,298.9,310.2,1409,54.8,140,0,0,0,0,0,0
L48571,L,298.9,310.2,2737,8.8,142,1,0,0,1,0,0
M16252,M,299.0,310.3,1494,46.6,144,0,0,0,0,0,0
L48573,L,299.1,310.4,1594,33.3,147,0,0,0,0,0,0
L48574,L,299.1,310.4,1527,44.0,149,0,0,0,0,0,0
L48575,L,299.1,310.4,1452,39.7,151,0,0,0,0,0,0
L48576,L,299.0,310.3,1483,39.2,153,0,0,0,0,0,0
L48577,L,299.1,310.2,1569,38.2,155,0,0,0,0,0,0
L48578,L,299.1,310.3,1472,46.6,157,0,0,0,0,0,0
L48579,L,299.0,310.2,1533,43.5,159,0,0,0,0,0,0
H30814,H,298.9,310.1,1366,62.7,161,0,0,0,0,0,0
H30815,H,298.9,310.2,1532,37.7,166,0,0,0,0,0,0
M16262,M,298.9,310.1,1313,56.8,171,0,0,0,0,0,0
L48583,L,299.0,310.2,1372,48.0,174,0,0,0,0,0,0
M16264,M,298.9,310.1,1555,40.6,176,0,0,0,0,0,0
L48585,L,298.9,310.1,1394,42.7,179,0,0,0,0,0,0
L48586,L,298.9,310.1,1442,48.0,181,0,0,0,0,0,0
L48587,L,298.9,310.0,1564,33.8,183,0,0,0,0,0,0
L48588,L,298.9,310.0,1452,48.9,185,0,0,0,0,0,0
L48589,L,298.9,310.1,1466,42.5,187,0,0,0,0,0,0
M16270,M,298.9,310.1,1469,53.2,189,0,0,0,0,0,0
L48591,L,298.9,310.1,1944,23.4,192,0,0,0,0,0,0
M16272,M,298.8,309.9,1415,53.2,194,0,0,0,0,0,0
M16273,M,298.7,309.8,1528,36.7,197,0,0,0,0,0,0
M16274,M,298.7,309.8,1570,42.1,200,0,0,0,0,0,0
L48595,L,298.7,309.9,1617,33.0,203,0,0,0,0,0,0
M16276,M,298.7,309.9,2083,18.2,205,0,0,0,0,0,0
L48597,L,298.7,309.9,1541,38.5,208,0,0,0,0,0,0
L48598,L,298.8,309.9,1320,47.4,210,0,0,0,0,0,0
L48599,L,298.7,309.8,1354,53.3,212,1,0,0,0,1,0
M16280,M,298.8,309.9,1495,35.2,214,0,0,0,0,0,0
L48601,L,298.7,309.8,1589,31.8,217,0,0,0,0,0,0
L48602,L,298.7,309.8,1530,35.5,0,0,0,0,0,0,0
L48603,L,298.7,309.8,1539,33.4,2,0,0,0,0,0,0
L48604,L,298.7,309.7,1462,46.8,4,0,0,0,0,0,0
L48605,L,298.6,309.7,1356,54.0,6,0,0,0,0,0,0
M16286,M,298.7,309.7,1622,34.6,8,0,0,0,0,0,0
L48607,L,298.7,309.8,1394,40.3,11,0,0,0,0,0,0
L48608,L,298.8,309.9,1568,33.7,13,0,0,0,0,0,0
M16289,M,298.9,310.0,1456,43.8,15,0,0,0,0,0,0
L48610,L,298.9,310.0,1378,49.3,18,0,0,0,0,0,0
M16291,M,298.9,309.9,1404,41.4,20,0,0,0,0,0,0
L48612,L,298.8,309.8,1437,42.8,23,0,0,0,0,0,0
L48613,L,298.8,309.8,1363,44.0,25,0,0,0,0,0,0
M16294,M,298.8,309.8,1377,49.6,27,0,0,0,0,0,0
H30849,H,298.8,309.9,1526,42.1,30,0,0,0,0,0,0
H30850,H,298.8,309.8,1510,44.2,35,0,0,0,0,0,0
H30851,H,298.8,309.9,1439,45.2,40,1,0,0,0,0,0
L48618,L,298.8,309.9,1482,39.1,45,0,0,0,0,0,0
M16299,M,298.8,309.8,1534,37.0,47,0,0,0,0,0,0
M16300,M,298.8,309.9,1741,27.7,50,0,0,0,0,0,0
L48621,L,298.8,309.9,1550,38.8,53,0,0,0,0,0,0
M16302,M,298.8,310.0,1486,38.5,55,0,0,0,0,0,0
L48623,L,298.9,310.1,1602,38.2,58,0,0,0,0,0,0
L48624,L,299.0,310.2,1477,37.9,60,0,0,0,0,0,0
L48625,L,299.0,310.1,1618,29.2,62,0,0,0,0,0,0
M16306,M,299.0,310.2,1628,35.8,64,0,0,0,0,0,0
M16307,M,299.0,310.3,1662,33.6,67,0,0,0,0,0,0
M16308,M,299.0,310.3,1657,31.0,70,0,0,0,0,0,0
H30863,H,299.0,310.4,1677,30.8,73,0,0,0,0,0,0
M16310,M,299.0,310.3,1447,39.9,78,0,0,0,0,0,0
L48631,L,298.9,310.4,1831,25.4,81,0,0,0,0,0,0
L48632,L,299.0,310.3,1584,34.4,83,0,0,0,0,0,0
L48633,L,299.1,310.4,1450,40.9,85,0,0,0,0,0,0
L48634,L,299.1,310.4,1428,46.9,87,0,0,0,0,0,0
L48635,L,299.0,310.4,1382,53.0,89,0,0,0,0,0,0
L48636,L,299.0,310.3,1501,43.0,91,0,0,0,0,0,0
L48637,L,299.0,310.3,1475,42.4,93,0,0,0,0,0,0
L48638,L,298.9,310.3,1364,54.0,95,0,0,0,0,0,0
L48639,L,299.0,310.3,1472,36.1,97,0,0,0,0,0,0
L48640,L,299.0,310.3,1437,47.8,99,0,0,0,0,0,0
L48641,L,298.9,310.2,1491,45.1,101,0,0,0,0,0,0
L48642,L,298.9,310.2,1706,27.6,103,0,0,0,0,0,0
L48643,L,298.8,310.1,1607,39.5,105,0,0,0,0,0,0
L48644,L,298.8,310.0,1412,46.3,107,0,0,0,0,0,0
L48645,L,298.7,309.8,1546,40.9,109,0,0,0,0,0,0
L48646,L,298.7,309.8,1365,50.5,111,0,0,0,0,0,0
L48647,L,298.6,309.8,1544,30.2,113,0,0,0,0,0,0
M16328,M,298.6,309.8,1419,44.9,115,0,0,0,0,0,0
L48649,L,298.6,309.8,1497,41.6,118,0,0,0,0,0,0
L48650,L,298.5,309.7,1437,42.6,120,0,0,0,0,0,0
L48651,L,298.5,309.6,1421,53.6,122,0,0,0,0,0,0
M16332,M,298.5,309.6,1438,44.5,124,0,0,0,0,0,0
M16333,M,298.5,309.5,1315,48.9,127,0,0,0,0,0,0
M16334,M,298.5,309.5,1366,61.9,130,0,0,0,0,0,0
M16335,M,298.4,309.5,1519,35.4,133,0,0,0,0,0,0
L48656,L,298.4,309.5,1692,28.3,136,0,0,0,0,0,0
L48657,L,298.3,309.4,1570,35.6,138,0,0,0,0,0,0
L48658,L,298.3,309.4,1568,35.8,140,0,0,0,0,0,0
L48659,L,298.2,309.3,1355,43.8,142,0,0,0,0,0,0
M16340,M,298.2,309.3,2056,18.7,144,0,0,0,0,0,0
M16341,M,298.2,309.2,1332,60.2,147,0,0,0,0,0,0
M16342,M,298.1,309.1,1448,52.5,150,0,0,0,0,0,0
L48663,L,298.0,308.9,1578,35.6,153,0,0,0,0,0,0
M16344,M,298.0,309.0,1562,39.2,155,0,0,0,0,0,0
M16345,M,298.1,309.0,1976,19.3,158,0,0,0,0,0,0
M16346,M,298.2,309.2,1524,34.6,161,0,0,0,0,0,0
L48667,L,298.2,309.1,1429,48.5,164,0,0,0,0,0,0
L48668,L,298.2,309.1,1568,36.3,166,0,0,0,0,0,0
M16349,M,298.2,309.0,1723,26.6,168,0,0,0,0,0,0
L48670,L,298.2,309.0,1341,43.8,171,0,0,0,0,0,0
M16351,M,298.1,308.9,1353,46.2,173,0,0,0,0,0,0
M16352,M,298.0,308.7,1479,58.5,176,1,0,0,1,0,0
L48673,L,298.0,308.8,1496,44.9,179,0,0,0,0,0,0
M16354,M,298.0,308.7,1377,48.5,181,0,0,0,0,0,0
H30909,H,297.9,308.5,1383,44.6,184,0,0,0,0,0,0
L48676,L,298.0,308.7,1268,69.4,189,1,0,0,1,1,0
L48677,L,298.0,308.7,1629,34.3,191,0,0,0,0,0,0
L48678,L,298.0,308.8,1790,27.2,193,0,0,0,0,0,0
M16359,M,298.1,308.8,2206,16.3,195,0,0,0,0,0,0
M16360,M,298.0,308.7,2101,17.4,198,0,0,0,0,0,0
M16361,M,298.0,308.7,1436,48.2,201,0,0,0,0,0,0
L48682,L,298.0,308.7,1462,48.2,204,0,0,0,0,0,0
L48683,L,298.0,308.7,1771,26.2,206,0,0,0,0,0,0
L48684,L,298.0,308.7,1506,47.0,208,0,0,0,0,0,0
L48685,L,298.0,308.7,1626,36.7,210,0,0,0,0,0,0
L48686,L,298.0,308.8,1610,33.7,212,0,0,0,0,0,0
M16367,M,298.0,308.6,1376,55.7,214,0,0,0,0,0,0
M16368,M,298.0,308.6,1507,37.3,217,0,0,0,0,0,0
L48689,L,298.0,308.5,1429,37.7,220,1,1,0,0,0,0
M16370,M,298.1,308.7,1547,38.9,0,0,0,0,0,0,0
L48691,L,298.1,308.7,1642,30.3,3,0,0,0,0,0,0
H30926,H,298.0,308.7,1503,36.3,5,0,0,0,0,0,0
L48693,L,298.1,308.7,1568,32.9,10,0,0,0,0,0,0
M16374,M,298.1,308.8,1628,37.6,12,0,0,0,0,0,0
M16375,M,298.2,308.9,1614,35.5,15,0,0,0,0,0,0
L48696,L,298.2,308.9,1278,54.0,18,0,0,0,0,0,0
M16377,M,298.2,308.9,1408,38.8,20,0,0,0,0,0,0
H30932,H,298.2,309.0,1371,55.7,23,0,0,0,0,0,0
M16379,M,298.2,308.9,1512,38.5,28,0,0,0,0,0,0
L48700,L,298.3,309.1,1472,40.1,31,0,0,0,0,0,0
M16381,M,298.2,308.9,1585,34.3,33,0,0,0,0,0,0
H30936,H,298.2,309.0,1562,37.7,36,0,0,0,0,0,0
L48703,L,298.3,309.0,1519,36.9,41,0,0,0,0,0,0
L48704,L,298.2,309.0,1601,35.8,43,0,0,0,0,0,0
L48705,L,298.2,309.0,2449,13.8,45,0,0,0,0,0,0
L48706,L,298.1,309.0,1787,27.6,47,0,0,0,0,0,0
H30941,H,298.1,309.1,1425,44.5,49,0,0,0,0,0,0
L48708,L,298.1,309.0,1559,34.0,54,0,0,0,0,0,0
L48709,L,298.1,309.0,1557,36.0,56,0,0,0,0,0,0
L48710,L,298.1,309.0,1497,40.5,58,0,0,0,0,0,0
H30945,H,298.1,309.0,1438,41.4,60,0,0,0,0,0,0
M16392,M,298.1,308.9,1417,39.2,65,0,0,0,0,0,0
M16393,M,298.0,308.9,1339,51.4,68,0,0,0,0,0,0
L48714,L,298.0,308.8,1757,29.1,71,0,0,0,0,0,0
L48715,L,298.0,308.8,1581,36.1,73,0,0,0,0,0,0
M16396,M,298.2,308.9,1326,54.4,75,0,0,0,0,0,0
M16397,M,298.4,309.1,1467,39.6,78,0,0,0,0,0,0
L48718,L,298.4,309.1,1798,29.6,81,0,0,0,0,0,0
M16399,M,298.5,309.2,1449,46.4,83,0,0,0,0,0,0
M16400,M,298.4,309.1,1525,39.3,86,0,0,0,0,0,0
L48721,L,298.4,309.0,2304,15.1,89,0,0,0,0,0,0
L48722,L,298.3,308.9,1379,54.7,91,0,0,0,0,0,0
L48723,L,298.4,308.9,1628,34.9,93,0,0,0,0,0,0
L48724,L,298.4,309.0,1474,52.7,95,0,0,0,0,0,0
M16405,M,298.4,309.0,1544,38.8,97,0,0,0,0,0,0
L48726,L,298.4,308.9,1391,48.4,100,0,0,0,0,0,0
L48727,L,298.3,308.9,1348,55.5,102,0,0,0,0,0,0
M16408,M,298.3,308.8,1349,52.1,104,0,0,0,0,0,0
L48729,L,298.4,308.9,1706,29.5,107,0,0,0,0,0,0
L48730,L,298.4,308.9,1638,32.4,109,0,0,0,0,0,0
L48731,L,298.4,308.8,1458,40.1,111,0,0,0,0,0,0
L48732,L,298.5,308.9,1781,27.8,113,0,0,0,0,0,0
L48733,L,298.5,308.8,1332,59.1,115,0,0,0,0,0,0
M16414,M,298.4,308.7,1584,31.7,117,0,0,0,0,0,0
L48735,L,298.4,308.6,1491,42.0,120,0,0,0,0,0,0
H30970,H,298.4,308.5,1398,47.1,122,0,0,0,0,0,0
L48737,L,298.3,308.4,1585,30.6,127,0,0,0,0,0,0
M16418,M,298.2,308.3,1476,43.5,129,0,0,0,0,0,0
L48739,L,298.2,308.3,1458,41.8,132,0,0,0,0,0,0
M16420,M,298.2,308.4,1510,39.9,134,0,0,0,0,0,0
L48741,L,298.2,308.4,1388,53.8,137,0,0,0,0,0,0
L48742,L,298.2,308.3,2216,16.8,139,0,0,0,0,0,0
L48743,L,298.2,308.3,1402,51.0,141,0,0,0,0,0,0
M16424,M,298.0,308.2,2090,19.0,143,0,0,0,0,0,0
L48745,L,298.0,308.2,1459,42.1,146,0,0,0,0,0,0
M16426,M,298.0,308.1,1403,44.8,148,0,0,0,0,0,0
L48747,L,298.1,308.2,1521,39.3,151,0,0,0,0,0,0
L48748,L,298.2,308.2,1407,47.1,153,0,0,0,0,0,0
M16429,M,298.1,308.2,1654,35.3,155,0,0,0,0,0,0
L48750,L,298.2,308.4,1452,43.5,158,0,0,0,0,0,0
L48751,L,298.3,308.4,1528,37.3,160,0,0,0,0,0,0
L48752,L,298.2,308.3,1230,59.6,162,0,0,0,0,0,0
L48753,L,298.2,308.2,1466,42.4,164,0,0,0,0,0,0
L48754,L,298.2,308.2,1478,50.1,166,0,0,0,0,0,0
L48755,L,298.2,308.3,2057,18.0,168,0,0,0,0,0,0
L48756,L,298.3,308.4,1490,41.7,170,0,0,0,0,0,0
L48757,L,298.3,308.4,1484,43.4,172,0,0,0,0,0,0
L48758,L,298.3,308.4,1593,37.0,174,0,0,0,0,0,0
L48759,L,298.3,308.3,1444,43.8,176,0,0,0,0,0,0
M16440,M,298.3,308.4,1444,47.5,178,0,0,0,0,0,0
M16441,M,298.2,308.3,1560,33.0,181,0,0,0,0,0,0
H30996,H,298.1,308.3,1530,42.0,184,0,0,0,0,0,0
L48763,L,298.2,308.4,1310,61.0,189,1,0,0,0,1,0
M16444,M,298.2,308.3,1639,33.3,191,0,0,0,0,0,0
L48765,L,298.2,308.3,1400,48.7,194,0,0,0,0,0,0
M16446,M,298.3,308.4,1486,44.2,196,0,0,0,0,0,0
M16447,M,298.2,308.3,1448,43.3,199,0,0,0,0,0,0
L48768,L,298.2,308.3,1688,32.0,202,0,0,0,0,0,0
M16449,M,298.1,308.3,1453,41.5,204,0,0,0,0,0,0
L48770,L,298.2,308.4,1497,37.7,207,0,0,0,0,0,0
L48771,L,298.2,308.4,1355,49.4,209,0,0,0,0,0,0
L48772,L,298.1,308.4,1592,38.2,211,0,0,0,0,0,0
L48773,L,298.0,308.3,1544,34.7,213,0,0,0,0,0,0
M16454,M,298.0,308.2,1373,51.2,215,0,0,0,0,0,0
L48775,L,298.0,308.2,1365,52.9,218,1,0,0,0,1,0
L48776,L,298.0,308.1,1877,24.3,0,0,0,0,0,0,0
L48777,L,297.9,308.1,1531,40.8,2,0,0,0,0,0,0
L48778,L,297.9,308.0,1501,36.7,4,0,0,0,0,0,0
L48779,L,297.9,308.0,1490,46.2,6,0,0,0,0,0,0
M16460,M,297.8,307.8,1543,43.7,8,0,0,0,0,0,0
L48781,L,297.8,307.8,1597,38.2,11,0,0,0,0,0,0
H31016,H,297.8,307.9,1600,33.5,13,0,0,0,0,0,0
M16463,M,297.8,307.8,1622,32.1,18,0,0,0,0,0,0
L48784,L,297.8,307.8,1452,39.8,21,0,0,0,0,0,0
L48785,L,297.8,307.8,1396,42.5,23,0,0,0,0,0,0
L48786,L,297.8,307.7,1505,39.7,25,0,0,0,0,0,0
L48787,L,297.8,307.8,1412,48.3,27,0,0,0,0,0,0
L48788,L,297.8,307.7,1393,38.0,29,0,0,0,0,0,0
L48789,L,297.7,307.7,1581,34.9,31,0,0,0,0,0,0
L48790,L,297.8,307.8,1573,37.9,33,0,0,0,0,0,0
M16471,M,297.8,307.9,1726,27.3,35,0,0,0,0,0,0
M16472,M,297.9,307.9,1540,39.8,38,0,0,0,0,0,0
L48793,L,297.9,308.0,1296,62.9,41,0,0,0,0,0,0
M16474,M,297.8,307.9,1802,25.8,43,0,0,0,0,0,0
L48795,L,297.8,307.9,1447,48.6,46,0,0,0,0,0,0
H31030,H,297.8,307.8,1662,30.7,48,0,0,0,0,0,0
L48797,L,297.8,307.8,1563,34.3,53,0,0,0,0,0,0
L48798,L,297.9,307.8,1286,59.5,55,0,0,0,0,0,0
L48799,L,297.9,307.7,1590,34.6,57,0,0,0,0,0,0
L48800,L,297.9,307.7,1492,43.7,59,0,0,0,0,0,0
L48801,L,297.7,307.6,1844,21.9,61,0,0,0,0,0,0
H31036,H,297.7,307.6,1538,38.3,63,0,0,0,0,0,0
L48803,L,297.7,307.6,1921,22.9,68,0,0,0,0,0,0
M16484,M,297.8,307.8,1310,57.9,70,0,0,0,0,0,0
L48805,L,297.9,307.8,1365,46.9,73,0,0,0,0,0,0
M16486,M,297.9,307.8,1303,59.3,75,0,0,0,0,0,0
L48807,L,297.9,307.8,1499,37.5,78,0,0,0,0,0,0
L48808,L,297.9,307.8,1451,38.2,80,0,0,0,0,0,0
M16489,M,297.9,307.9,1336,54.4,82,0,0,0,0,0,0
L48810,L,297.9,307.9,1412,44.5,85,0,0,0,0,0,0
L48811,L,298.0,308.0,1433,39.2,87,0,0,0,0,0,0
L48812,L,297.9,307.9,1426,43.6,89,0,0,0,0,0,0
L48813,L,297.9,307.9,1476,45.2,91,0,0,0,0,0,0
H31048,H,297.9,307.9,1406,58.5,93,0,0,0,0,0,0
L48815,L,297.8,307.8,1383,56.5,98,0,0,0,0,0,0
L48816,L,297.9,307.8,1505,37.3,100,0,0,0,0,0,0
L48817,L,297.9,307.8,1665,33.9,102,0,0,0,0,0,0
L48818,L,297.9,307.8,1397,45.0,104,0,0,0,0,0,0
M16499,M,297.9,307.8,1450,43.5,106,0,0,0,0,0,0
L48820,L,298.0,307.8,1567,36.4,109,0,0,0,0,0,0
M16501,M,298.0,308.0,1555,37.0,111,0,0,0,0,0,0
H31056,H,298.0,307.8,1588,35.4,114,0,0,0,0,0,0
L48823,L,298.0,307.8,1453,37.7,119,0,0,0,0,0,0
L48824,L,298.0,307.8,1622,33.3,121,0,0,0,0,0,0
L48825,L,297.9,307.8,1538,38.5,123,0,0,0,0,0,0
M16506,M,297.9,307.7,1527,42.8,125,0,0,0,0,0,0
L48827,L,297.8,307.8,1761,28.9,128,0,0,0,0,0,0
L48828,L,297.9,307.8,1373,50.2,130,0,0,0,0,0,0
H31063,H,298.0,307.9,1482,37.8,132,0,0,0,0,0,0
M16510,M,298.0,307.9,1417,51.0,137,0,0,0,0,0,0
L48831,L,298.0,307.8,1414,51.7,140,0,0,0,0,0,0
H31066,H,297.9,307.8,1635,34.0,142,0,0,0,0,0,0
L48833,L,298.0,307.8,1386,57.3,147,0,0,0,0,0,0
L48834,L,298.2,308.1,1379,62.3,149,0,0,0,0,0,0
M16515,M,298.2,308.0,1577,35.9,151,0,0,0,0,0,0
L48836,L,298.2,308.1,1532,42.5,154,0,0,0,0,0,0
M16517,M,298.1,308.0,1374,48.8,156,0,0,0,0,0,0
H31072,H,298.1,308.0,1570,35.3,159,0,0,0,0,0,0
L48839,L,298.1,308.0,1697,31.0,164,0,0,0,0,0,0
L48840,L,298.2,308.0,1499,44.1,166,0,0,0,0,0,0
M16521,M,298.2,308.0,1411,47.2,168,0,0,0,0,0,0
H31076,H,298.2,307.9,1462,45.5,171,0,0,0,0,0,0
M16523,M,298.1,307.9,1759,28.6,176,0,0,0,0,0,0
L48844,L,298.2,308.0,1535,38.0,179,0,0,0,0,0,0
H31079,H,298.2,307.9,1491,39.7,181,0,0,0,0,0,0
L48846,L,298.2,307.9,1551,36.0,186,0,0,0,0,0,0
L48847,L,298.2,307.9,1769,27.2,188,0,0,0,0,0,0
L48848,L,298.2,307.9,1551,34.1,190,0,0,0,0,0,0
L48849,L,298.2,307.9,1544,31.4,192,0,0,0,0,0,0
L48850,L,298.2,307.8,1528,31.1,194,0,0,0,0,0,0
L48851,L,298.1,307.9,1614,35.8,196,0,0,0,0,0,0
L48852,L,298.1,307.8,1432,49.8,198,0,0,0,0,0,0
M16533,M,298.1,307.8,1384,43.7,200,0,0,0,0,0,0
L48854,L,298.1,307.8,1540,37.8,203,0,0,0,0,0,0
L48855,L,298.0,307.7,1407,43.9,205,0,0,0,0,0,0
H31090,H,297.9,307.6,1418,43.0,207,0,0,0,0,0,0
M16537,M,297.9,307.5,1647,30.8,212,0,0,0,0,0,0
L48858,L,298.0,307.5,1644,32.8,215,0,0,0,0,0,0
L48859,L,298.0,307.5,1792,27.9,217,0,0,0,0,0,0
M16540,M,297.9,307.4,1610,34.6,219,0,0,0,0,0,0
M16541,M,297.8,307.3,1804,26.0,222,0,0,0,0,0,0
H31096,H,297.9,307.4,1604,36.1,225,1,1,0,0,0,0
M16543,M,297.9,307.4,1403,52.8,0,0,0,0,0,0,0
L48864,L,297.8,307.3,1438,44.5,3,0,0,0,0,0,0
L48865,L,297.9,307.3,1824,26.3,5,0,0,0,0,0,0
H31100,H,297.9,307.3,1663,28.7,7,0,0,0,0,0,0
L48867,L,297.9,307.3,1502,36.7,12,0,0,0,0,0,0
L48868,L,297.9,307.4,1606,35.5,14,0,0,0,0,0,0
L48869,L,297.9,307.5,1561,37.7,16,0,0,0,0,0,0
M16550,M,297.9,307.4,1435,42.9,18,0,0,0,0,0,0
L48871,L,297.9,307.5,1602,38.3,21,0,0,0,0,0,0
M16552,M,298.1,307.6,1764,27.7,23,0,0,0,0,0,0
H31107,H,298.0,307.5,1683,27.8,26,0,0,0,0,0,0
L48874,L,298.0,307.5,1618,35.2,31,0,0,0,0,0,0
L48875,L,298.0,307.6,1509,41.6,33,0,0,0,0,0,0
L48876,L,297.9,307.6,1550,39.0,35,0,0,0,0,0,0
M16557,M,297.9,307.6,1519,44.0,37,0,0,0,0,0,0
L48878,L,297.9,307.6,1481,38.0,40,0,0,0,0,0,0
L48879,L,298.1,307.7,1289,48.3,42,0,0,0,0,0,0
M16560,M,298.0,307.6,1844,23.8,44,0,0,0,0,0,0
L48881,L,298.0,307.7,1479,42.5,47,0,0,0,0,0,0
L48882,L,298.0,307.7,1430,47.3,49,0,0,0,0,0,0
M16563,M,298.1,307.8,1636,36.7,51,0,0,0,0,0,0
M16564,M,298.1,307.8,1503,44.7,54,0,0,0,0,0,0
M16565,M,298.1,307.8,1608,32.6,57,0,0,0,0,0,0
L48886,L,298.2,307.8,1521,42.9,60,0,0,0,0,0,0
L48887,L,298.2,307.8,1439,41.6,62,0,0,0,0,0,0
L48888,L,298.2,307.8,1627,31.5,64,0,0,0,0,0,0
L48889,L,298.2,307.8,1749,26.1,66,0,0,0,0,0,0
L48890,L,298.2,307.8,1530,35.9,68,0,0,0,0,0,0
L48891,L,298.2,307.8,1355,51.3,70,0,0,0,0,0,0
L48892,L,298.3,307.9,1551,33.8,72,0,0,0,0,0,0
L48893,L,298.2,307.8,1515,46.7,74,0,0,0,0,0,0
L48894,L,298.2,307.8,1388,48.6,76,0,0,0,0,0,0
L48895,L,298.2,307.8,1585,34.6,78,0,0,0,0,0,0
L48896,L,298.1,307.7,1523,37.7,80,0,0,0,0,0,0
L48897,L,298.2,307.6,1369,54.5,82,0,0,0,0,0,0
M16578,M,298.2,307.7,1681,31.0,84,0,0,0,0,0,0
L48899,L,298.2,307.7,1503,38.3,87,0,0,0,0,0,0
L48900,L,298.2,307.7,1459,44.5,89,0,0,0,0,0,0
L48901,L,298.2,307.7,1688,32.4,91,0,0,0,0,0,0
M16582,M,298.2,307.7,1952,21.6,93,0,0,0,0,0,0
L48903,L,298.2,307.8,2029,19.9,96,0,0,0,0,0,0
M16584,M,298.3,307.8,1457,52.5,98,0,0,0,0,0,0
M16585,M,298.3,307.8,1392,50.4,101,0,0,0,0,0,0
L48906,L,298.3,307.8,1906,22.1,104,0,0,0,0,0,0
M16587,M,298.3,307.7,1602,33.4,106,0,0,0,0,0,0
L48908,L,298.3,307.7,1465,49.4,109,0,0,0,0,0,0
M16589,M,298.3,307.7,1439,43.8,111,0,0,0,0,0,0
M16590,M,298.3,307.8,1330,55.4,114,0,0,0,0,0,0
M16591,M,298.3,307.9,1485,42.0,117,0,0,0,0,0,0
H31146,H,298.4,307.9,1700,28.2,120,0,0,0,0,0,0
L48913,L,298.4,308.0,1515,42.8,125,0,0,0,0,0,0
M16594,M,298.5,308.1,1501,39.2,127,0,0,0,0,0,0
L48915,L,298.4,308.0,1380,47.6,130,0,0,0,0,0,0
L48916,L,298.4,307.9,1544,35.9,132,0,0,0,0,0,0
L48917,L,298.4,307.9,1743,27.3,134,0,0,0,0,0,0
H31152,H,298.4,307.9,1948,21.4,136,0,0,0,0,0,0
H31153,H,298.5,307.9,1260,54.2,141,0,0,0,0,0,0
M16600,M,298.5,307.9,1640,33.1,146,0,0,0,0,0,0
M16601,M,298.5,308.0,1363,49.2,149,0,0,0,0,0,0
L48922,L,298.5,308.0,1379,49.6,152,0,0,0,0,0,0
M16603,M,298.5,308.0,1713,25.8,154,0,0,0,0,0,0
M16604,M,298.5,308.0,1461,51.9,157,0,0,0,0,0,0
L48925,L,298.5,308.0,1624,29.8,160,0,0,0,0,0,0
L48926,L,298.4,308.0,1526,41.1,162,0,0,0,0,0,0
L48927,L,298.4,307.9,2381,14.2,164,0,0,0,0,0,0
H31162,H,298.4,307.7,1626,31.1,166,0,0,0,0,0,1
L48929,L,298.3,307.7,1576,33.8,171,0,0,0,0,0,0
M16610,M,298.4,307.8,1617,31.6,173,0,0,0,0,0,0
L48931,L,298.3,307.6,1942,20.6,176,0,0,0,0,0,0
L48932,L,298.2,307.6,1492,37.2,178,0,0,0,0,0,0
L48933,L,298.2,307.5,1470,51.3,180,0,0,0,0,0,0
M16614,M,298.0,307.4,1463,46.5,182,0,0,0,0,0,0
L48935,L,298.0,307.3,1424,46.5,185,0,0,0,0,0,0
M16616,M,298.1,307.4,1363,60.1,187,0,0,0,0,0,0
M16617,M,298.1,307.4,1335,56.2,190,0,0,0,0,0,0
L48938,L,298.1,307.4,1608,33.9,193,0,0,0,0,0,0
H31173,H,298.0,307.4,1606,35.2,195,0,0,0,0,0,0
L48940,L,298.1,307.5,1684,33.1,200,0,0,0,0,0,0
L48941,L,298.1,307.6,1950,20.3,202,0,0,0,0,0,0
H31176,H,298.2,307.6,1460,48.6,204,0,0,0,0,0,0
L48943,L,298.2,307.6,1511,31.0,209,1,1,0,0,0,0
H31178,H,298.2,307.6,1318,55.7,0,0,0,0,0,0,0
L48945,L,298.2,307.6,1368,51.8,5,0,0,0,0,0,0
M16626,M,298.3,307.7,1717,27.1,7,0,0,0,0,0,0
M16627,M,298.3,307.7,1520,41.4,10,0,0,0,0,0,0
M16628,M,298.3,307.8,1485,42.0,13,0,0,0,0,0,0
L48949,L,298.4,307.9,1981,23.2,16,0,0,0,0,0,0
H31184,H,298.4,307.9,1605,31.0,18,0,0,0,0,0,0
L48951,L,298.4,307.9,1446,45.3,23,0,0,0,0,0,0
L48952,L,298.4,308.0,1508,47.9,25,0,0,0,0,0,0
L48953,L,298.5,308.0,1384,59.5,27,0,0,0,0,0,0
M16634,M,298.5,308.0,1519,37.3,29,0,0,0,0,0,0
L48955,L,298.5,308.0,1404,48.1,32,0,0,0,0,0,0
L48956,L,298.5,308.1,1564,31.1,34,0,0,0,0,0,0
H31191,H,298.6,308.2,1555,36.8,36,0,0,0,0,0,0
L48958,L,298.6,308.2,1325,54.0,41,0,0,0,0,0,0
M16639,M,298.6,308.2,1488,44.0,43,0,0,0,0,0,0
L48960,L,298.5,308.2,1595,32.3,46,0,0,0,0,0,0
L48961,L,298.5,308.1,1662,28.6,48,0,0,0,0,0,0
L48962,L,298.4,308.0,1571,37.4,50,0,0,0,0,0,0
H31197,H,298.3,308.0,1553,41.0,52,0,0,0,0,0,0
L48964,L,298.3,308.0,2886,3.8,57,1,0,0,1,0,0
L48965,L,298.2,308.0,1538,38.2,59,0,0,0,0,0,0
L48966,L,298.4,308.2,1618,33.0,61,0,0,0,0,0,0
L48967,L,298.4,308.2,1364,45.9,63,0,0,0,0,0,0
L48968,L,298.3,308.0,1442,47.3,65,0,0,0,0,0,0
L48969,L,298.2,307.9,1313,67.3,67,1,0,0,1,0,0
L48970,L,298.2,307.9,1847,23.6,69,0,0,0,0,0,0
L48971,L,298.1,307.8,1524,40.8,71,0,0,0,0,0,0
M16652,M,298.1,307.7,1445,48.0,73,0,0,0,0,0,0
L48973,L,298.1,307.8,1761,28.2,76,0,0,0,0,0,0
M16654,M,298.1,307.8,1514,43.5,78,0,0,0,0,0,0
M16655,M,298.1,307.7,1498,38.3,81,0,0,0,0,0,0
H31210,H,298.1,307.6,1542,37.1,84,0,0,0,0,0,0
M16657,M,298.0,307.6,1508,41.8,89,0,0,0,0,0,0
M16658,M,298.0,307.5,1431,52.9,92,0,0,0,0,0,0
M16659,M,298.0,307.5,1427,45.1,95,0,0,0,0,0,0
M16660,M,298.0,307.5,1524,36.3,98,0,0,0,0,0,0
M16661,M,298.0,307.5,1427,43.6,101,0,0,0,0,0,0
H31216,H,298.1,307.6,1496,44.1,104,0,0,0,0,0,0
L48983,L,298.1,307.7,1388,40.3,109,0,0,0,0,0,0
L48984,L,298.1,307.7,1495,48.1,111,0,0,0,0,0,0
H31219,H,298.1,307.7,1376,56.2,113,0,0,0,0,0,0
H31220,H,298.0,307.6,1593,32.2,118,0,0,0,0,0,0
L48987,L,298.0,307.6,1654,28.9,123,0,0,0,0,0,0
L48988,L,298.1,307.7,2567,12.8,125,1,0,0,1,0,0
L48989,L,298.1,307.7,1767,27.0,127,0,0,0,0,0,0
L48990,L,298.1,307.6,1364,53.8,129,0,0,0,0,0,0
M16671,M,298.1,307.8,1569,31.2,131,0,0,0,0,0,0
L48992,L,298.2,307.8,1476,36.8,134,0,0,0,0,0,0
L48993,L,298.1,307.7,1479,45.0,136,0,0,0,0,0,0
L48994,L,298.1,307.7,1650,34.1,138,0,0,0,0,0,0
M16675,M,298.1,307.6,1565,36.3,140,0,0,0,0,0,0
L48996,L,298.1,307.6,1460,46.5,143,0,0,0,0,0,0
L48997,L,298.1,307.7,1664,27.6,145,0,0,0,0,0,0
M16678,M,298.1,307.7,1435,40.9,147,0,0,0,0,0,0
M16679,M,298.1,307.6,2066,19.2,150,0,0,0,0,0,0
L49000,L,298.1,307.5,1493,43.7,153,0,0,0,0,0,0
L49001,L,298.1,307.6,1354,43.3,155,0,0,0,0,0,0
L49002,L,298.1,307.6,1488,39.4,157,0,0,0,0,0,0
L49003,L,298.1,307.7,1414,48.7,159,0,0,0,0,0,0
L49004,L,298.1,307.5,1391,57.4,161,0,0,0,0,0,0
M16685,M,298.0,307.5,1784,27.8,163,0,0,0,0,0,0
H31240,H,297.8,307.3,1516,40.1,166,0,0,0,0,0,0
M16687,M,297.9,307.3,1420,47.8,171,0,0,0,0,0,0
L49008,L,297.8,307.2,1351,56.3,174,0,0,0,0,0,0
L49009,L,297.8,307.2,1880,23.0,176,0,0,0,0,0,0
L49010,L,297.8,307.3,1859,24.0,178,0,0,0,0,0,0
M16691,M,297.8,307.3,1315,54.0,180,0,0,0,0,0,0
M16692,M,297.8,307.4,1330,51.7,183,0,0,0,0,0,0
L49013,L,297.8,307.3,1327,61.0,186,1,0,0,0,1,0
L49014,L,297.8,307.2,1498,38.1,188,0,0,0,0,0,0
H31249,H,297.8,307.3,1555,35.8,190,0,0,0,0,0,0
L49016,L,297.7,307.2,1518,35.8,195,0,0,0,0,0,0
L49017,L,297.7,307.2,1392,43.0,197,0,0,0,0,0,0
M16698,M,297.8,307.2,1456,39.6,199,0,0,0,0,0,0
L49019,L,297.7,307.1,1715,30.2,0,0,0,0,0,0,0
M16700,M,297.7,307.2,1405,43.7,2,0,0,0,0,0,0
L49021,L,297.7,307.2,1668,37.8,5,0,0,0,0,0,0
H31256,H,297.7,307.1,1855,22.5,7,0,0,0,0,0,0
L49023,L,297.6,307.1,1496,39.2,12,0,0,0,0,0,0
M16704,M,297.6,307.1,1471,44.9,14,0,0,0,0,0,0
L49025,L,297.7,307.2,1444,40.0,17,0,0,0,0,0,0
H31260,H,297.7,307.3,1514,38.6,19,0,0,0,0,0,0
L49027,L,297.8,307.3,1412,50.7,24,0,0,0,0,0,0
H31262,H,297.7,307.2,1429,44.1,26,0,0,0,0,0,0
L49029,L,297.7,307.2,1668,32.7,31,0,0,0,0,0,0
M16710,M,297.7,307.2,1372,52.8,33,0,0,0,0,0,0
M16711,M,297.7,307.3,1365,49.2,36,0,0,0,0,0,0
M16712,M,297.6,307.1,1526,39.1,39,0,0,0,0,0,0
L49033,L,297.6,307.2,1486,40.6,42,0,0,0,0,0,0
M16714,M,297.6,307.2,1470,42.6,44,0,0,0,0,0,0
H31269,H,297.7,307.3,1249,62.8,47,0,0,0,0,0,0
M16716,M,297.8,307.4,1752,26.1,52,0,0,0,0,0,0
L49037,L,297.7,307.4,1643,36.5,55,0,0,0,0,0,0
M16718,M,297.8,307.4,1488,36.1,57,0,0,0,0,0,0
L49039,L,297.8,307.4,1355,45.8,60,0,0,0,0,0,0
L49040,L,297.8,307.6,1607,30.3,62,0,0,0,0,0,0
M16721,M,297.9,307.6,1609,30.3,64,0,0,0,0,0,0
L49042,L,297.9,307.7,1517,44.4,67,0,0,0,0,0,0
M16723,M,297.9,307.7,1517,39.5,69,0,0,0,0,0,0
L49044,L,297.9,307.7,1546,37.6,72,0,0,0,0,0,0
L49045,L,297.9,307.7,1567,34.7,74,0,0,0,0,0,0
M16726,M,298.1,307.9,1662,28.9,76,0,0,0,0,0,0
L49047,L,298.1,307.9,1502,41.8,79,0,0,0,0,0,0
L49048,L,298.3,308.0,1361,56.9,81,0,0,0,0,0,0
M16729,M,298.3,308.1,1630,32.7,83,0,0,0,0,0,0
L49050,L,298.3,308.0,1486,42.3,86,0,0,0,0,0,0
L49051,L,298.3,308.1,1840,21.5,88,0,0,0,0,0,0
L49052,L,298.3,308.1,1326,58.4,90,0,0,0,0,0,0
L49053,L,298.4,308.1,1367,57.8,92,0,0,0,0,0,0
L49054,L,298.4,308.1,1598,32.7,94,0,0,0,0,0,0
L49055,L,298.3,308.0,1363,50.1,96,0,0,0,0,0,0
L49056,L,298.3,308.0,1242,62.0,98,0,0,0,0,0,0
M16737,M,298.2,307.8,1566,33.8,100,0,0,0,0,0,0
M16738,M,298.1,307.7,1424,47.7,103,0,0,0,0,0,0
M16739,M,298.2,307.7,1608,33.8,106,0,0,0,0,0,0
L49060,L,298.1,307.7,1705,29.1,109,0,0,0,0,0,0
L49061,L,298.0,307.6,1548,45.8,111,0,0,0,0,0,0
M16742,M,298.0,307.6,1581,43.4,113,0,0,0,0,0,0
M16743,M,298.0,307.6,1472,46.7,116,0,0,0,0,0,0
M16744,M,298.0,307.6,1792,26.0,119,0,0,0,0,0,0
L49065,L,298.0,307.6,1683,32.8,122,0,0,0,0,0,0
L49066,L,297.9,307.6,1503,40.7,124,0,0,0,0,0,0
M16747,M,297.9,307.5,1642,32.4,126,0,0,0,0,0,0
M16748,M,297.8,307.4,1902,24.3,129,0,0,0,0,0,0
H31303,H,297.7,307.4,1432,40.2,132,0,0,0,0,0,0
L49070,L,297.8,307.4,1512,40.8,137,0,0,0,0,0,0
L49071,L,297.7,307.4,1764,29.0,139,0,0,0,0,0,0
M16752,M,297.8,307.4,1438,43.6,141,0,0,0,0,0,0
L49073,L,297.8,307.5,1631,29.9,144,0,0,0,0,0,0
H31308,H,297.9,307.5,1880,23.3,146,0,0,0,0,0,0
L49075,L,297.9,307.6,1344,54.3,151,0,0,0,0,0,0
L49076,L,297.9,307.5,1574,35.8,153,0,0,0,0,0,0
L49077,L,297.8,307.4,1418,41.2,155,0,0,0,0,0,0
L49078,L,297.8,307.5,1372,54.1,157,0,0,0,0,0,0
L49079,L,297.8,307.5,1388,40.0,159,0,0,0,0,0,0
H31314,H,297.9,307.6,1493,36.0,161,0,0,0,0,0,0
M16761,M,297.9,307.6,1505,40.1,166,0,0,0,0,0,0
L49082,L,298.0,307.6,1694,29.1,169,0,0,0,0,0,0
L49083,L,297.9,307.6,1968,20.4,171,0,0,0,0,0,0
M16764,M,298.0,307.6,1569,35.6,173,0,0,0,0,0,0
L49085,L,297.9,307.6,1687,29.1,176,0,0,0,0,0,0
L49086,L,297.9,307.6,1430,52.4,178,0,0,0,0,0,0
L49087,L,297.9,307.6,1504,42.4,180,0,0,0,0,0,0
L49088,L,297.9,307.6,1977,20.2,182,0,0,0,0,0,0
L49089,L,298.0,307.7,1435,45.6,184,0,0,0,0,0,0
H31324,H,298.0,307.7,1547,36.8,186,0,0,0,0,0,0
M16771,M,298.1,307.8,1316,57.2,191,0,0,0,0,0,0
M16772,M,298.0,307.7,1621,34.9,194,0,0,0,0,0,0
M16773,M,298.0,307.8,1492,40.2,197,0,0,0,0,0,0
L49094,L,298.0,307.7,1643,32.3,200,0,0,0,0,0,0
L49095,L,298.0,307.7,1492,38.7,202,0,0,0,0,0,0
L49096,L,298.0,307.7,1387,50.8,204,0,0,0,0,0,0
M16777,M,298.1,307.9,1463,47.3,206,0,0,0,0,0,0
M16778,M,298.1,307.9,1496,40.0,0,0,0,0,0,0,0
L49099,L,298.2,308.0,1658,30.0,3,0,0,0,0,0,0
L49100,L,298.1,307.9,2161,17.5,5,0,0,0,0,0,0
L49101,L,298.1,307.9,1665,32.0,7,0,0,0,0,0,0
L49102,L,298.0,307.8,1716,26.6,9,0,0,0,0,0,0
L49103,L,298.0,307.7,1529,34.1,11,0,0,0,0,0,0
L49104,L,297.9,307.7,1353,50.7,13,0,0,0,0,0,0
L49105,L,297.9,307.7,1537,37.7,15,0,0,0,0,0,0
L49106,L,298.0,307.7,1606,30.8,17,0,0,0,0,0,0
H31341,H,298.0,307.8,1314,47.8,19,0,0,0,0,0,0
L49108,L,298.0,307.8,1623,29.9,24,0,0,0,0,0,0
M16789,M,298.0,307.8,1483,50.9,26,0,0,0,0,0,0
M16790,M,298.1,307.9,1569,37.0,29,0,0,0,0,0,0
M16791,M,298.2,308.0,1969,21.7,32,0,0,0,0,0,0
M16792,M,298.1,308.0,1686,29.3,35,0,0,0,0,0,0
L49113,L,298.1,308.0,1638,35.1,38,0,0,0,0,0,0
L49114,L,298.1,307.9,1698,33.3,40,0,0,0,0,0,0
M16795,M,298.1,307.9,1377,55.1,42,0,0,0,0,0,0
M16796,M,298.1,308.0,2129,18.4,45,0,0,0,0,0,0
L49117,L,298.2,308.0,1411,42.4,48,0,0,0,0,0,0
L49118,L,298.1,307.9,1517,40.8,50,0,0,0,0,0,0
M16799,M,298.1,307.9,1303,53.9,52,0,0,0,0,0,0
L49120,L,298.1,307.9,1578,35.6,55,0,0,0,0,0,0
L49121,L,298.1,307.9,1425,58.2,57,0,0,0,0,0,0
L49122,L,298.1,308.0,1456,42.4,59,0,0,0,0,0,0
L49123,L,298.1,308.0,1704,30.9,61,0,0,0,0,0,0
L49124,L,298.1,308.1,1791,27.3,63,0,0,0,0,0,0
L49125,L,298.1,308.1,1616,32.8,65,0,0,0,0,0,0
L49126,L,298.2,308.1,1622,34.9,67,0,0,0,0,0,0
L49127,L,298.2,308.1,1462,49.9,69,0,0,0,0,0,0
L49128,L,298.1,308.1,1410,45.8,71,0,0,0,0,0,0
M16809,M,298.1,308.0,1543,41.9,73,0,0,0,0,0,0
M16810,M,298.0,307.9,1479,47.6,76,0,0,0,0,0,0
L49131,L,298.0,307.8,1839,22.7,79,0,0,0,0,0,0
L49132,L,298.0,307.8,1266,60.5,81,0,0,0,0,0,0
L49133,L,297.9,307.7,1593,34.9,83,0,0,0,0,0,0
L49134,L,297.9,307.8,1459,46.9,85,0,0,0,0,0,0
L49135,L,297.9,307.7,1308,55.2,87,0,0,0,0,0,0
M16816,M,297.9,307.7,1364,46.8,89,0,0,0,0,0,0
H31371,H,297.9,307.7,1618,35.9,92,0,0,0,0,0,0
H31372,H,297.9,307.7,1464,43.2,97,0,0,0,0,0,0
M16819,M,297.8,307.6,1352,49.4,102,0,0,0,0,0,0
L49140,L,297.8,307.6,1446,51.4,105,0,0,0,0,0,0
L49141,L,297.8,307.5,1448,51.2,107,0,0,0,0,0,0
L49142,L,297.8,307.5,1391,48.6,109,0,0,0,0,0,0
L49143,L,297.7,307.5,1379,43.3,111,0,0,0,0,0,0
M16824,M,297.8,307.5,1405,46.9,113,0,0,0,0,0,0
L49145,L,297.8,307.5,1581,33.1,116,0,0,0,0,0,0
L49146,L,297.9,307.6,1515,40.5,118,0,0,0,0,0,0
L49147,L,297.9,307.6,1589,37.8,120,0,0,0,0,0,0
L49148,L,298.0,307.6,1281,50.8,122,0,0,0,0,0,0
H31383,H,297.8,307.5,1631,31.3,124,0,0,0,0,0,0
M16830,M,297.9,307.6,1202,67.0,129,0,0,0,0,0,0
L49151,L,297.9,307.6,1298,52.7,132,0,0,0,0,0,0
L49152,L,297.9,307.6,1612,30.7,134,0,0,0,0,0,0
L49153,L,297.9,307.6,1747,25.3,136,0,0,0,0,0,0
L49154,L,298.0,307.6,1450,48.7,138,0,0,0,0,0,0
L49155,L,298.0,307.7,1422,45.6,140,0,0,0,0,0,0
M16836,M,298.1,307.7,1419,47.4,142,0,0,0,0,0,0
M16837,M,298.1,307.7,1633,30.7,145,0,0,0,0,0,0
L49158,L,298.0,307.7,1442,43.6,148,0,0,0,0,0,0
H31393,H,298.0,307.6,1420,45.8,150,0,0,0,0,0,0
M16840,M,298.0,307.6,1301,58.5,155,0,0,0,0,0,0
L49161,L,298.0,307.6,1385,45.0,158,0,0,0,0,0,0
M16842,M,298.0,307.7,1487,41.3,160,0,0,0,0,0,0
M16843,M,298.0,307.6,1459,44.4,163,0,0,0,0,0,0
M16844,M,298.0,307.5,1387,45.5,166,0,0,0,0,0,0
L49165,L,298.1,307.7,1537,40.8,169,0,0,0,0,0,0
L49166,L,298.1,307.6,1498,42.9,171,0,0,0,0,0,0
M16847,M,298.2,307.8,1599,31.2,173,0,0,0,0,0,0
H31402,H,298.3,307.9,1420,39.2,176,0,0,0,0,0,0
L49169,L,298.2,307.9,1785,23.4,181,0,0,0,0,0,0
L49170,L,298.2,307.8,1423,48.1,183,0,0,0,0,0,0
M16851,M,298.2,307.8,1583,36.6,185,0,0,0,0,0,0
L49172,L,298.2,307.8,1375,46.6,188,0,0,0,0,0,0
M16853,M,298.3,308.0,1463,42.5,190,0,0,0,0,0,0
M16854,M,298.2,307.9,1403,45.1,193,0,0,0,0,0,0
L49175,L,298.3,308.0,1451,47.1,196,0,0,0,0,0,0
M16856,M,298.4,308.0,1416,38.2,198,1,1,0,0,0,0
L49177,L,298.3,308.1,1672,41.3,0,0,0,0,0,0,0
H31412,H,298.3,308.0,1637,30.8,2,0,0,0,0,0,0
L49179,L,298.4,308.0,1540,37.8,7,0,0,0,0,0,0
L49180,L,298.4,308.1,1279,53.1,9,0,0,0,0,0,0
L49181,L,298.4,308.2,1604,34.9,11,0,0,0,0,0,0
L49182,L,298.5,308.2,1654,27.1,13,0,0,0,0,0,0
M16863,M,298.5,308.2,1564,37.5,15,0,0,0,0,0,0
L49184,L,298.5,308.2,1451,47.5,18,0,0,0,0,0,0
L49185,L,298.5,308.3,1504,38.0,20,0,0,0,0,0,0
M16866,M,298.5,308.3,1381,50.5,22,0,0,0,0,0,0
L49187,L,298.6,308.4,1562,34.4,25,0,0,0,0,0,0
L49188,L,298.5,308.3,1811,24.7,27,0,0,0,0,0,0
M16869,M,298.6,308.3,1717,28.7,29,0,0,0,0,0,0
L49190,L,298.6,308.3,1278,60.5,32,0,0,0,0,0,0
L49191,L,298.7,308.5,1616,30.2,34,0,0,0,0,0,0
L49192,L,298.6,308.4,1397,46.4,36,0,0,0,0,0,0
L49193,L,298.6,308.4,1485,42.9,38,0,0,0,0,0,0
L49194,L,298.6,308.4,1310,59.7,40,0,0,0,0,0,0
L49195,L,298.5,308.2,1301,66.3,42,1,0,0,1,0,0
L49196,L,298.5,308.3,1458,44.0,44,0,0,0,0,0,0
L49197,L,298.7,308.5,1483,42.5,46,0,0,0,0,0,0
L49198,L,298.7,308.5,1375,46.4,48,0,0,0,0,0,0
M16879,M,298.7,308.5,1660,27.0,50,0,0,0,0,0,0
H31434,H,298.7,308.4,1560,33.3,53,0,0,0,0,0,0
L49201,L,298.7,308.5,1480,42.2,58,0,0,0,0,0,0
L49202,L,298.7,308.4,1373,46.9,60,0,0,0,0,0,0
L49203,L,298.7,308.5,1444,54.2,62,0,0,0,0,0,0
M16884,M,298.7,308.6,1722,24.7,64,0,0,0,0,0,0
L49205,L,298.7,308.5,1469,39.9,67,0,0,0,0,0,0
M16886,M,298.7,308.5,1360,52.9,69,0,0,0,0,0,0
L49207,L,298.7,308.4,1750,25.8,72,0,0,0,0,0,0
M16888,M,298.7,308.3,1349,46.6,74,0,0,0,0,0,0
L49209,L,298.7,308.5,1668,35.2,77,0,0,0,0,0,0
L49210,L,298.9,308.6,1400,49.5,79,0,0,0,0,0,0
L49211,L,298.8,308.6,1331,62.8,81,0,0,0,0,0,0
L49212,L,298.8,308.5,1444,42.2,83,0,0,0,0,0,0
H31447,H,298.8,308.5,1359,47.6,85,0,0,0,0,0,0
M16894,M,298.8,308.5,1425,47.4,90,0,0,0,0,0,0
M16895,M,298.9,308.6,1469,34.2,93,0,0,0,0,0,0
L49216,L,299.0,308.7,1892,22.8,96,0,0,0,0,0,0
H31451,H,299.0,308.7,1940,19.9,98,0,0,0,0,0,0
L49218,L,299.0,308.8,1405,55.2,103,0,0,0,0,0,0
M16899,M,299.0,308.9,1449,39.6,105,0,0,0,0,0,0
L49220,L,299.1,308.9,1686,29.6,108,0,0,0,0,0,0
L49221,L,299.1,308.9,1680,27.2,110,0,0,0,0,0,0
M16902,M,299.1,308.9,1397,52.4,112,0,0,0,0,0,0
M16903,M,299.2,309.0,1597,30.3,115,0,0,0,0,0,0
L49224,L,299.3,309.1,1470,41.1,118,0,0,0,0,0,0
M16905,M,299.3,309.1,1703,31.3,120,0,0,0,0,0,0
L49226,L,299.3,309.1,1388,45.5,123,0,0,0,0,0,0
L49227,L,299.3,309.2,1775,24.2,125,0,0,0,0,0,0
L49228,L,299.3,309.2,1465,41.5,127,0,0,0,0,0,0
M16909,M,299.3,309.2,1586,37.9,129,0,0,0,0,0,0
M16910,M,299.5,309.3,1675,29.2,132,0,0,0,0,0,0
M16911,M,299.4,309.2,1470,44.4,135,0,0,0,0,0,0
L49232,L,299.5,309.3,1477,40.4,138,0,0,0,0,0,0
L49233,L,299.5,309.3,1382,61.0,140,0,0,0,0,0,0
M16914,M,299.6,309.4,1605,29.8,142,0,0,0,0,0,0
L49235,L,299.6,309.4,1643,32.9,145,0,0,0,0,0,0
L49236,L,299.5,309.3,1333,54.1,147,0,0,0,0,0,0
L49237,L,299.5,309.3,1520,42.3,149,0,0,0,0,0,0
M16918,M,299.5,309.3,1902,24.0,151,0,0,0,0,0,0
H31473,H,299.5,309.4,1386,44.4,154,0,0,0,0,0,0
L49240,L,299.6,309.5,1803,27.7,159,0,0,0,0,0,0
L49241,L,299.7,309.6,1359,50.7,161,0,0,0,0,0,0
M16922,M,299.7,309.6,1477,42.7,163,0,0,0,0,0,0
L49243,L,299.7,309.6,1321,53.4,166,0,0,0,0,0,0
L49244,L,299.6,309.5,1453,41.4,168,0,0,0,0,0,0
L49245,L,299.7,309.6,1419,45.1,170,0,0,0,0,0,0
L49246,L,299.7,309.6,1512,36.2,172,0,0,0,0,0,0
L49247,L,299.7,309.6,1553,36.8,174,0,0,0,0,0,0
M16928,M,299.7,309.6,1534,39.1,176,0,0,0,0,0,0
H31483,H,299.7,309.6,1553,41.0,179,0,0,0,0,0,0
L49250,L,299.7,309.5,1352,49.7,184,0,0,0,0,0,0
M16931,M,299.7,309.6,1313,60.0,186,0,0,0,0,0,0
L49252,L,299.6,309.5,1570,35.5,189,0,0,0,0,0,1
L49253,L,299.6,309.4,1677,31.1,191,0,0,0,0,0,0
L49254,L,299.5,309.4,1602,31.5,193,0,0,0,0,0,0
L49255,L,299.5,309.4,1390,58.8,195,1,0,0,0,1,0
L49256,L,299.4,309.3,1544,36.0,197,0,0,0,0,0,0
L49257,L,299.4,309.4,1701,31.2,199,0,0,0,0,0,0
M16938,M,299.4,309.3,1692,28.4,201,0,0,0,0,0,0
M16939,M,299.3,309.3,1523,37.9,204,0,0,0,0,0,0
L49260,L,299.3,309.2,2280,15.4,207,0,0,0,0,0,0
M16941,M,299.4,309.3,1485,47.1,209,0,0,0,0,0,0
H31496,H,299.4,309.2,1513,36.1,212,0,0,0,0,0,0
H31497,H,299.4,309.3,1743,28.2,0,0,0,0,0,0,0
L49264,L,299.5,309.3,1442,46.2,5,0,0,0,0,0,0
L49265,L,299.5,309.3,1462,46.7,7,0,0,0,0,0,0
H31500,H,299.4,309.3,1439,49.7,9,0,0,0,0,0,0
L49267,L,299.5,309.3,1577,36.6,14,0,0,0,0,0,0
L49268,L,299.6,309.4,1331,46.4,16,0,0,0,0,0,0
L49269,L,299.5,309.3,1941,22.5,18,0,0,0,0,0,0
L49270,L,299.5,309.2,1393,47.3,20,0,0,0,0,0,0
L49271,L,299.4,309.2,1433,42.1,22,0,0,0,0,0,0
L49272,L,299.4,309.2,1444,48.2,24,0,0,0,0,0,0
L49273,L,299.4,309.2,1564,39.0,26,0,0,0,0,0,0
L49274,L,299.4,309.3,1377,43.6,28,0,0,0,0,0,0
L49275,L,299.4,309.3,1525,41.5,30,0,0,0,0,0,0
M16956,M,299.5,309.4,1387,56.2,32,0,0,0,0,0,0
M16957,M,299.4,309.4,1326,47.5,35,0,0,0,0,0,0
L49278,L,299.4,309.3,1401,59.0,38,0,0,0,0,0,0
L49279,L,299.4,309.3,1596,31.8,40,0,0,0,0,0,0
M16960,M,299.3,309.3,1471,46.0,42,0,0,0,0,0,0
L49281,L,299.3,309.3,1528,37.8,45,0,0,0,0,0,0
L49282,L,299.3,309.3,1325,62.0,47,0,0,0,0,0,0
M16963,M,299.3,309.1,1376,46.7,49,0,0,0,0,0,0
M16964,M,299.3,309.1,1600,35.3,52,0,0,0,0,0,0
L49285,L,299.3,309.1,1495,44.0,55,0,0,0,0,0,0
L49286,L,299.4,309.1,1645,28.6,57,0,0,0,0,0,0
M16967,M,299.4,309.1,1417,47.3,59,0,0,0,0,0,0
H31522,H,299.4,309.0,1415,51.7,62,0,0,0,0,0,0
M16969,M,299.3,309.0,1496,43.4,67,0,0,0,0,0,0
H31524,H,299.3,309.0,1508,35.0,70,0,0,0,0,0,0
L49291,L,299.4,309.0,1436,47.9,75,0,0,0,0,0,0
L49292,L,299.5,309.1,1852,22.6,77,0,0,0,0,0,0
L49293,L,299.5,309.1,1863,22.5,79,0,0,0,0,0,0
H31528,H,299.4,309.1,1373,44.1,81,0,0,0,0,0,0
L49295,L,299.4,309.0,1404,47.3,86,0,0,0,0,0,0
M16976,M,299.4,309.0,1381,44.9,88,0,0,0,0,0,0
H31531,H,299.4,308.9,1762,29.3,91,0,0,0,0,0,0
H31532,H,299.3,308.9,1429,43.0,96,0,0,0,0,0,0
M16979,M,299.3,308.9,1858,24.7,101,0,0,0,0,0,0
H31534,H,299.2,308.8,1908,21.3,104,0,0,0,0,0,0
M16981,M,299.2,308.8,1503,37.4,109,0,0,0,0,0,0
M16982,M,299.2,308.8,1523,38.9,112,0,0,0,0,0,0
L49303,L,299.3,309.0,1491,38.4,115,0,0,0,0,0,0
L49304,L,299.2,308.9,1430,39.1,117,0,0,0,0,0,0
L49305,L,299.3,308.9,1258,69.4,119,1,0,0,1,0,0
L49306,L,299.3,309.0,1449,46.5,121,0,0,0,0,0,0
H31541,H,299.3,309.0,1425,40.6,123,0,0,0,0,0,0
L49308,L,299.4,309.0,1800,24.3,128,0,0,0,0,0,0
H31543,H,299.4,309.0,1607,33.7,130,0,0,0,0,0,0
L49310,L,299.4,309.0,1391,58.2,135,0,0,0,0,0,0
L49311,L,299.4,309.1,1432,45.4,137,0,0,0,0,0,0
L49312,L,299.4,309.0,1660,28.4,139,0,0,0,0,0,0
H31547,H,299.3,309.0,1732,29.7,141,0,0,0,0,0,0
L49314,L,299.3,309.0,1473,46.3,146,0,0,0,0,0,0
L49315,L,299.3,309.0,1511,47.8,148,0,0,0,0,0,0
L49316,L,299.2,308.9,1588,41.5,150,0,0,0,0,0,0
L49317,L,299.3,308.9,1623,31.1,152,0,0,0,0,0,0
L49318,L,299.3,309.0,1734,30.6,154,0,0,0,0,0,0
L49319,L,299.3,309.0,1415,47.6,156,0,0,0,0,0,0
L49320,L,299.3,309.0,1419,46.6,158,0,0,0,0,0,0
M17001,M,299.3,308.9,1577,34.9,160,0,0,0,0,0,0
L49322,L,299.3,308.9,1376,60.3,163,0,0,0,0,0,0
M17003,M,299.3,308.8,1442,49.0,165,0,0,0,0,0,0
L49324,L,299.4,308.9,1451,40.5,168,0,0,0,0,0,0
L49325,L,299.3,308.8,1550,45.8,170,0,0,0,0,0,0
L49326,L,299.3,308.8,1647,32.9,172,0,0,0,0,0,0
L49327,L,299.4,308.9,1550,33.7,174,0,0,0,0,0,0
L49328,L,299.4,308.9,1583,34.1,176,0,0,0,0,0,0
L49329,L,299.4,309.0,1613,32.2,178,0,0,0,0,0,0
H31564,H,299.3,308.8,1636,35.5,180,0,0,0,0,0,0
M17011,M,299.3,308.7,1289,51.5,185,0,0,0,0,0,0
M17012,M,299.3,308.8,1648,28.4,188,0,0,0,0,0,0
H31567,H,299.3,308.8,1397,45.4,191,0,0,0,0,0,0
M17014,M,299.3,308.9,1767,24.8,196,0,0,0,0,0,0
L49335,L,299.3,308.8,1341,47.7,199,0,0,0,0,0,0
M17016,M,299.4,308.9,1457,41.5,201,0,0,0,0,0,0
M17017,M,299.4,309.0,1939,19.8,204,0,0,0,0,0,0
M17018,M,299.5,309.0,1399,49.7,207,0,0,0,0,0,0
M17019,M,299.5,309.0,1602,31.3,210,0,0,0,0,0,0
L49340,L,299.4,309.0,1507,41.0,213,0,0,0,0,0,0
L49341,L,299.4,309.1,1464,40.5,215,0,0,0,0,0,0
L49342,L,299.5,309.1,1336,42.1,217,0,0,0,0,0,0
L49343,L,299.6,309.2,1422,39.8,219,0,0,0,0,0,0
L49344,L,299.6,309.2,1540,36.7,221,0,0,0,0,0,0
L49345,L,299.5,309.1,1476,47.8,223,0,0,0,0,0,0
M17026,M,299.6,309.2,1867,23.4,225,1,1,0,0,0,0
H31581,H,299.6,309.1,1588,41.3,0,0,0,0,0,0,0
M17028,M,299.5,309.1,1420,49.5,5,0,0,0,0,0,0
L49349,L,299.5,309.1,1415,49.2,8,0,0,0,0,0,0
M17030,M,299.4,309.1,1500,43.3,10,0,0,0,0,0,0
L49351,L,299.5,309.1,1502,44.6,13,0,0,0,0,0,0
L49352,L,299.5,309.2,1816,23.0,15,0,0,0,0,0,0
M17033,M,299.5,309.2,1495,41.6,17,0,0,0,0,0,0
L49354,L,299.6,309.2,1572,33.4,20,0,0,0,0,0,0
M17035,M,299.5,309.2,1590,35.9,22,0,0,0,0,0,0
M17036,M,299.6,309.3,1387,48.3,25,0,0,0,0,0,0
M17037,M,299.6,309.2,1393,47.7,28,0,0,0,0,0,0
L49358,L,299.6,309.2,1602,37.3,31,0,0,0,0,0,0
L49359,L,299.6,309.2,1601,33.3,33,0,0,0,0,0,0
H31594,H,299.6,309.2,1597,36.3,35,0,0,0,0,0,0
H31595,H,299.5,309.1,1548,44.3,40,0,0,0,0,0,0
M17042,M,299.5,309.2,1314,61.8,45,0,0,0,0,0,0
M17043,M,299.6,309.3,1577,39.8,48,0,0,0,0,0,0
L49364,L,299.8,309.4,1475,43.4,51,0,0,0,0,0,0
L49365,L,299.8,309.4,1630,32.4,53,0,0,0,0,0,0
L49366,L,299.7,309.4,1445,42.9,55,0,0,0,0,0,0
M17047,M,299.8,309.4,1439,47.4,57,0,0,0,0,0,0
L49368,L,299.7,309.3,1420,44.1,60,0,0,0,0,0,0
H31603,H,299.7,309.2,1554,41.6,62,0,0,0,0,0,0
M17050,M,299.6,309.1,1471,44.3,67,0,0,0,0,0,0
L49371,L,299.6,309.0,1648,33.6,70,0,0,0,0,0,0
L49372,L,299.6,309.0,1472,48.8,72,0,0,0,0,0,0
M17053,M,299.5,308.9,1448,42.9,74,0,0,0,0,0,0
M17054,M,299.6,308.9,1568,35.3,77,0,0,0,0,0,0
L49375,L,299.6,308.9,1613,30.8,80,0,0,0,0,0,0
M17056,M,299.7,308.9,1551,35.4,82,0,0,0,0,0,0
L49377,L,299.7,309.0,1412,49.2,85,0,0,0,0,0,0
M17058,M,299.7,308.9,1478,41.0,87,0,0,0,0,0,0
M17059,M,299.8,309.1,1268,58.0,90,0,0,0,0,0,0
L49380,L,299.8,309.1,1546,35.6,93,0,0,0,0,0,0
L49381,L,299.8,309.0,1567,36.1,95,0,0,0,0,0,0
M17062,M,299.9,309.2,1548,35.7,97,0,0,0,0,0,0
L49383,L,299.8,309.0,1614,30.8,100,0,0,0,0,0,0
M17064,M,299.7,309.1,1352,46.1,102,0,0,0,0,0,0
L49385,L,299.9,309.2,1624,34.6,105,0,0,0,0,0,0
L49386,L,299.9,309.2,1436,52.0,107,0,0,0,0,0,0
L49387,L,299.8,309.2,1591,37.5,109,0,0,0,0,0,0
H31622,H,299.8,309.2,1435,42.6,111,0,0,0,0,0,0
L49389,L,299.8,309.3,1386,49.4,116,0,0,0,0,0,0
L49390,L,299.7,309.2,1401,54.1,118,0,0,0,0,0,0
M17071,M,299.6,309.0,1245,64.0,120,0,0,0,0,0,0
L49392,L,299.7,309.1,1475,40.0,123,0,0,0,0,0,0
L49393,L,299.7,309.1,1473,39.4,125,0,0,0,0,0,0
H31628,H,299.7,309.2,1355,44.8,127,0,0,0,0,0,0
H31629,H,299.7,309.2,1468,49.6,132,0,0,0,0,0,0
L49396,L,299.7,309.2,1645,30.8,137,0,0,0,0,0,0
L49397,L,299.7,309.1,1347,55.3,139,0,0,0,0,0,0
L49398,L,299.7,309.1,1713,33.5,141,0,0,0,0,0,0
M17079,M,299.6,309.1,1435,48.4,143,0,0,0,0,0,0
M17080,M,299.6,309.0,1736,26.1,146,0,0,0,0,0,0
L49401,L,299.6,309.0,1372,60.4,149,0,0,0,0,0,0
L49402,L,299.7,309.0,1605,33.0,151,0,0,0,0,0,0
L49403,L,299.6,309.0,1413,48.5,153,0,0,0,0,0,0
M17084,M,299.7,309.0,1645,31.9,155,0,0,0,0,0,0
M17085,M,299.7,309.0,1465,49.0,158,0,0,0,0,0,0
M17086,M,299.6,308.9,1685,27.8,161,0,0,0,0,0,0
L49407,L,299.5,308.8,1965,20.4,164,0,0,0,0,0,0
H31642,H,299.4,308.6,1542,41.8,166,0,0,0,0,0,0
L49409,L,299.4,308.7,1681,30.8,171,0,0,0,0,0,0
L49410,L,299.5,308.7,1446,45.7,173,0,0,0,0,0,0
L49411,L,299.4,308.6,1415,56.4,175,0,0,0,0,0,0
L49412,L,299.5,308.6,1672,30.5,177,0,0,0,0,0,0
L49413,L,299.5,308.7,2549,13.0,179,1,0,0,1,0,0
L49414,L,299.4,308.6,1492,40.5,181,0,0,0,0,0,0
M17095,M,299.4,308.6,1455,42.7,183,0,0,0,0,0,0
M17096,M,299.3,308.5,1422,43.1,186,0,0,0,0,0,0
L49417,L,299.3,308.6,1403,50.6,189,0,0,0,0,0,0
L49418,L,299.3,308.6,1474,49.6,191,0,0,0,0,0,0
L49419,L,299.2,308.6,1381,50.0,193,0,0,0,0,0,0
L49420,L,299.2,308.5,1457,44.7,195,0,0,0,0,0,0
L49421,L,299.2,308.4,1711,28.9,197,0,0,0,0,0,0
L49422,L,299.2,308.4,1667,29.0,199,0,0,0,0,0,0
L49423,L,299.2,308.4,1465,35.0,201,0,0,0,0,0,0
M17104,M,299.3,308.4,1542,37.5,203,1,1,0,0,0,0
M17105,M,299.3,308.4,1438,42.3,0,0,0,0,0,0,0
L49426,L,299.3,308.4,1406,47.4,3,0,0,0,0,0,0
M17107,M,299.2,308.4,1396,48.5,5,0,0,0,0,0,0
M17108,M,299.3,308.5,1304,60.6,8,0,0,0,0,0,0
L49429,L,299.2,308.5,1442,46.5,11,0,0,0,0,0,0
M17110,M,299.2,308.4,1396,48.7,13,0,0,0,0,0,0
H31665,H,299.1,308.3,1424,43.4,16,0,0,0,0,0,0
H31666,H,299.1,308.3,1451,42.8,21,0,0,0,0,0,0
L49433,L,299.2,308.4,1386,54.1,26,0,0,0,0,0,0
L49434,L,299.1,308.3,1325,46.9,28,0,0,0,0,0,0
L49435,L,299.1,308.3,1559,33.7,30,0,0,0,0,0,0
L49436,L,299.1,308.3,1489,38.1,32,0,0,0,0,0,0
L49437,L,299.1,308.3,1892,25.2,34,0,0,0,0,0,0
L49438,L,299.1,308.2,1319,60.3,36,0,0,0,0,0,0
L49439,L,299.1,308.3,1431,52.3,38,0,0,0,0,0,0
H31674,H,299.1,308.3,1521,36.5,40,0,0,0,0,0,0
M17121,M,299.1,308.2,1435,45.2,45,0,0,0,0,0,0
L49442,L,299.1,308.3,1533,42.4,48,0,0,0,0,0,0
M17123,M,299.2,308.4,1529,43.0,50,0,0,0,0,0,0
M17124,M,299.2,308.4,1415,43.5,53,0,0,0,0,0,0
M17125,M,299.2,308.4,1330,51.2,56,0,0,0,0,0,0
L49446,L,299.2,308.5,1381,60.6,59,0,0,0,0,0,0
L49447,L,299.2,308.5,1370,52.4,61,0,0,0,0,0,0
L49448,L,299.2,308.5,1438,46.6,63,0,0,0,0,0,0
L49449,L,299.3,308.6,1314,48.2,65,0,0,0,0,0,0
L49450,L,299.3,308.6,1437,48.1,67,0,0,0,0,0,0
L49451,L,299.2,308.5,1821,26.1,69,0,0,0,0,0,0
M17132,M,299.3,308.6,1448,52.1,71,0,0,0,0,0,0
L49453,L,299.3,308.5,1589,32.7,74,0,0,0,0,0,0
L49454,L,299.3,308.6,1520,33.7,76,0,0,0,0,0,0
L49455,L,299.3,308.6,1605,37.0,78,0,0,0,0,0,0
L49456,L,299.3,308.7,1393,54.2,80,0,0,0,0,0,0
H31691,H,299.3,308.7,1408,44.4,82,0,0,0,0,0,0
M17138,M,299.3,308.7,1459,35.6,87,0,0,0,0,0,0
L49459,L,299.4,308.7,1525,39.0,90,0,0,0,0,0,0
L49460,L,299.4,308.8,1390,57.0,92,0,0,0,0,0,0
L49461,L,299.3,308.7,1536,38.9,94,0,0,0,0,0,0
L49462,L,299.4,308.7,1459,47.6,96,0,0,0,0,0,0
L49463,L,299.2,308.5,1387,51.1,98,0,0,0,0,0,0
L49464,L,299.2,308.5,1378,53.4,100,0,0,0,0,0,0
L49465,L,299.4,308.7,1381,56.7,102,0,0,0,0,0,0
M17146,M,299.4,308.7,1289,60.5,104,0,0,0,0,0,0
L49467,L,299.4,308.6,1746,26.8,107,0,0,0,0,0,0
M17148,M,299.4,308.6,1541,39.1,109,0,0,0,0,0,0
L49469,L,299.4,308.7,1504,37.8,112,0,0,0,0,0,0
M17150,M,299.5,308.7,1321,51.9,114,0,0,0,0,0,0
M17151,M,299.5,308.8,1886,20.9,117,0,0,0,0,0,0
L49472,L,299.6,308.9,1422,53.2,120,0,0,0,0,0,0
L49473,L,299.5,308.9,1520,38.3,122,0,0,0,0,0,0
L49474,L,299.4,308.8,1627,32.6,124,0,0,0,0,0,0
L49475,L,299.4,308.7,1512,37.2,126,0,0,0,0,0,0
L49476,L,299.4,308.7,1553,42.7,128,0,0,0,0,0,0
L49477,L,299.3,308.7,1802,26.0,130,0,0,0,0,0,0
L49478,L,299.3,308.6,1482,37.6,132,0,0,0,0,0,0
L49479,L,299.4,308.7,1446,62.9,134,1,0,0,1,0,0
L49480,L,299.3,308.6,1371,50.5,136,0,0,0,0,0,0
M17161,M,299.2,308.6,1586,35.7,138,0,0,0,0,0,0
L49482,L,299.2,308.5,1515,39.8,141,0,0,0,0,0,0
L49483,L,299.2,308.5,1374,53.6,143,0,0,0,0,0,0
L49484,L,299.1,308.5,1455,39.8,145,0,0,0,0,0,0
H31719,H,299.2,308.5,1342,47.5,147,0,0,0,0,0,0
L49486,L,299.1,308.6,1260,57.8,152,0,0,0,0,0,0
H31721,H,299.0,308.5,1623,33.5,154,0,0,0,0,0,0
L49488,L,299.1,308.5,1371,55.5,159,0,0,0,0,0,0
L49489,L,299.1,308.6,1611,31.4,161,0,0,0,0,0,0
M17170,M,299.0,308.4,1535,47.5,163,0,0,0,0,0,0
M17171,M,299.1,308.6,1491,38.5,166,0,0,0,0,0,0
M17172,M,299.1,308.6,1441,36.2,169,0,0,0,0,0,0
M17173,M,299.1,308.8,1725,26.6,172,0,0,0,0,0,0
L49494,L,299.2,308.9,1368,47.2,175,0,0,0,0,0,0
L49495,L,299.2,308.9,1526,37.9,177,0,0,0,0,0,0
L49496,L,299.2,308.8,1542,39.2,179,0,0,0,0,0,0
L49497,L,299.2,308.8,1605,31.1,181,0,0,0,0,0,0
L49498,L,299.2,308.8,1405,51.4,183,0,0,0,0,0,0
M17179,M,299.2,308.8,1700,33.5,185,0,0,0,0,0,0
H31734,H,299.2,308.8,1440,39.1,188,0,0,0,0,0,0
M17181,M,299.2,308.8,1314,52.5,193,0,0,0,0,0,0
L49502,L,299.2,308.7,1514,41.9,196,0,0,0,0,0,0
M17183,M,299.2,308.7,1401,47.0,198,0,0,0,0,0,0
L49504,L,299.3,308.8,1636,29.9,201,0,0,0,0,0,0
L49505,L,299.3,308.8,1603,33.9,203,0,0,0,0,0,0
M17186,M,299.4,308.7,1487,52.6,205,0,0,0,0,0,0
M17187,M,299.3,308.7,1420,50.3,208,0,0,0,0,0,0
L49508,L,299.3,308.7,1579,36.3,211,0,0,0,0,0,0
L49509,L,299.3,308.7,1484,40.5,213,0,0,0,0,0,0
M17190,M,299.3,308.7,1390,49.3,215,0,0,0,0,0,0
L49511,L,299.3,308.6,1384,53.6,218,1,0,0,0,1,0
L49512,L,299.2,308.5,1378,50.4,220,1,0,0,0,1,0
L49513,L,299.2,308.5,1445,45.2,222,0,0,0,0,0,0
L49514,L,299.2,308.4,1445,43.5,224,0,0,0,0,0,0
L49515,L,299.2,308.4,1509,39.4,0,0,0,0,0,0,0
L49516,L,299.2,308.4,1434,46.8,2,0,0,0,0,0,0
L49517,L,299.2,308.4,1877,23.9,4,0,0,0,0,0,0
L49518,L,299.3,308.3,1651,28.0,6,0,0,0,0,0,0
L49519,L,299.2,308.2,1466,41.3,8,0,0,0,0,0,0
L49520,L,299.1,308.1,1479,40.7,10,0,0,0,0,0,0
L49521,L,299.1,308.2,1409,46.4,12,0,0,0,0,0,0
M17202,M,299.2,308.2,1674,28.2,14,0,0,0,0,0,0
L49523,L,299.1,308.3,1305,61.4,17,0,0,0,0,0,0
M17204,M,299.2,308.3,1755,26.4,19,0,0,0,0,0,0
L49525,L,299.2,308.4,1475,38.7,22,0,0,0,0,0,0
L49526,L,299.2,308.4,1402,47.7,24,0,0,0,0,0,0
L49527,L,299.2,308.3,1410,43.0,26,0,0,0,0,0,0
L49528,L,299.2,308.4,1436,41.8,28,0,0,0,0,0,0
M17209,M,299.3,308.5,1386,42.2,30,0,0,0,0,0,0
L49530,L,299.3,308.6,1744,26.4,33,0,0,0,0,0,0
L49531,L,299.2,308.4,1393,48.4,35,0,0,0,0,0,0
M17212,M,299.3,308.5,1422,45.4,37,0,0,0,0,0,0
L49533,L,299.2,308.4,1841,22.8,40,0,0,0,0,0,0
L49534,L,299.3,308.6,1433,37.7,42,0,0,0,0,0,0
M17215,M,299.3,308.5,1305,60.6,44,0,0,0,0,0,0
H31770,H,299.3,308.6,1498,39.5,47,0,0,0,0,0,0
L49537,L,299.3,308.5,1772,26.1,52,0,0,0,0,0,0
M17218,M,299.2,308.4,1381,42.5,54,0,0,0,0,0,0
L49539,L,299.3,308.5,1413,38.5,57,0,0,0,0,0,0
H31774,H,299.2,308.4,1388,53.2,59,0,0,0,0,0,0
M17221,M,299.2,308.6,1631,35.4,64,0,0,0,0,0,0
H31776,H,299.3,308.6,1520,41.4,67,0,0,0,0,0,0
L49543,L,299.3,308.5,1510,45.4,72,0,0,0,0,0,0
L49544,L,299.2,308.5,1366,49.7,74,0,0,0,0,0,0
L49545,L,299.4,308.5,1845,22.9,76,0,0,0,0,0,0
L49546,L,299.3,308.5,1485,44.7,78,0,0,0,0,0,0
M17227,M,299.3,308.5,1496,39.4,80,0,0,0,0,0,0
M17228,M,299.3,308.4,1468,42.2,83,0,0,0,0,0,0
M17229,M,299.2,308.4,1856,22.7,86,0,0,0,0,0,0
L49550,L,299.2,308.4,1620,34.1,89,0,0,0,0,0,0
L49551,L,299.3,308.5,1409,44.8,91,0,0,0,0,0,0
M17232,M,299.3,308.5,1404,49.4,93,0,0,0,0,0,0
L49553,L,299.2,308.4,1350,51.3,96,0,0,0,0,0,0
M17234,M,299.2,308.4,1538,38.0,98,0,0,0,0,0,0
M17235,M,299.2,308.4,1476,32.7,101,0,0,0,0,0,0
M17236,M,299.2,308.3,1364,51.8,104,0,0,0,0,0,0
M17237,M,299.2,308.3,1582,45.5,107,0,0,0,0,0,0
L49558,L,299.1,308.2,1348,56.1,110,0,0,0,0,0,0
H31793,H,299.1,308.2,1450,46.1,112,0,0,0,0,0,0
L49560,L,299.0,308.1,1242,60.9,117,0,0,0,0,0,0
L49561,L,299.1,308.2,1493,34.9,119,0,0,0,0,0,0
L49562,L,299.1,308.3,1601,31.4,121,0,0,0,0,0,0
L49563,L,299.1,308.2,1568,33.3,123,0,0,0,0,0,0
M17244,M,299.1,308.3,1506,38.0,125,0,0,0,0,0,0
L49565,L,299.1,308.3,1524,34.1,128,0,0,0,0,0,0
L49566,L,299.1,308.4,1543,37.9,130,0,0,0,0,0,0
M17247,M,299.2,308.5,1474,47.2,132,0,0,0,0,0,0
M17248,M,299.2,308.5,1526,37.3,135,0,0,0,0,0,0
L49569,L,299.2,308.5,1867,27.0,138,0,0,0,0,0,0
L49570,L,299.2,308.5,1487,41.2,140,0,0,0,0,0,0
L49571,L,299.2,308.4,1580,32.6,142,0,0,0,0,0,0
L49572,L,299.2,308.5,1340,50.0,144,0,0,0,0,0,0
L49573,L,299.2,308.5,1544,41.6,146,0,0,0,0,0,0
L49574,L,299.2,308.5,1488,40.3,148,0,0,0,0,0,0
M17255,M,299.2,308.5,1742,28.9,150,0,0,0,0,0,0
M17256,M,299.1,308.5,1592,34.2,153,0,0,0,0,0,0
L49577,L,299.2,308.6,1582,38.8,156,0,0,0,0,0,0
L49578,L,299.2,308.5,1490,43.2,158,0,0,0,0,0,0
M17259,M,299.2,308.5,1594,35.8,160,0,0,0,0,0,0
H31814,H,299.2,308.6,1462,55.0,163,0,0,0,0,0,0
M17261,M,299.2,308.6,1367,47.6,168,0,0,0,0,0,0
L49582,L,299.2,308.7,1325,51.0,171,0,0,0,0,0,0
H31817,H,299.2,308.7,1448,51.4,173,0,0,0,0,0,0
M17264,M,299.1,308.7,2008,20.3,178,0,0,0,0,0,0
L49585,L,299.1,308.7,1498,38.9,181,0,0,0,0,0,0
L49586,L,299.1,308.6,1437,41.6,183,0,0,0,0,0,0
M17267,M,299.1,308.6,1499,45.1,185,0,0,0,0,0,0
L49588,L,299.0,308.4,1356,52.6,188,0,0,0,0,0,0
L49589,L,299.1,308.5,1539,46.8,190,0,0,0,0,0,0
L49590,L,299.1,308.5,1689,32.1,192,0,0,0,0,0,0
L49591,L,299.0,308.5,1559,38.1,194,0,0,0,0,0,0
L49592,L,299.1,308.6,1408,46.7,196,0,0,0,0,0,0
L49593,L,299.0,308.5,1886,23.0,198,0,0,0,0,0,0
L49594,L,299.1,308.5,1415,43.4,0,0,0,0,0,0,0
M17275,M,299.1,308.5,1587,35.6,2,0,0,0,0,0,0
L49596,L,299.0,308.4,1571,38.6,5,0,0,0,0,0,0
L49597,L,298.9,308.3,1576,36.6,7,0,0,0,0,0,0
L49598,L,298.9,308.3,1660,34.4,9,0,0,0,0,0,0
M17279,M,298.9,308.2,1328,49.2,11,0,0,0,0,0,0
H31834,H,298.8,308.2,1450,44.7,14,0,0,0,0,0,0
L49601,L,298.9,308.2,2384,15.0,19,0,0,0,0,0,0
L49602,L,298.8,308.2,1443,53.4,21,0,0,0,0,0,0
M17283,M,298.9,308.2,2022,20.0,23,0,0,0,0,0,0
L49604,L,298.9,308.2,1828,23.8,26,0,0,0,0,0,0
L49605,L,298.8,308.1,1472,53.5,28,0,0,0,0,0,0
M17286,M,298.9,308.2,1372,63.6,30,1,0,0,1,0,0
L49607,L,298.9,308.3,1855,23.8,33,0,0,0,0,0,0
M17288,M,299.0,308.3,1377,47.2,35,0,0,0,0,0,0
L49609,L,298.9,308.3,1432,48.9,38,0,0,0,0,0,0
M17290,M,298.9,308.2,1335,47.8,40,0,0,0,0,0,0
M17291,M,298.9,308.2,1411,51.3,43,0,0,0,0,0,0
L49612,L,298.9,308.2,1510,43.5,46,0,0,0,0,0,0
L49613,L,299.0,308.3,1441,44.0,48,0,0,0,0,0,0
M17294,M,299.0,308.2,1358,42.7,50,0,0,0,0,0,0
L49615,L,298.9,308.2,1686,30.4,53,0,0,0,0,0,0
H31850,H,299.0,308.2,1662,30.4,55,0,0,0,0,0,0
L49617,L,299.1,308.3,1426,40.1,60,0,0,0,0,0,0
M17298,M,299.1,308.4,1330,53.6,62,0,0,0,0,0,0
L49619,L,299.1,308.4,1693,31.6,65,0,0,0,0,0,0
L49620,L,299.1,308.4,1426,47.9,67,0,0,0,0,0,0
L49621,L,299.1,308.5,1676,31.0,69,0,0,0,0,0,0
M17302,M,299.1,308.4,1332,51.7,71,0,0,0,0,0,0
L49623,L,299.1,308.5,1647,35.0,74,0,0,0,0,0,0
L49624,L,299.2,308.6,1267,68.2,76,1,0,0,1,0,0
H31859,H,299.2,308.7,1375,55.1,78,0,0,0,0,0,0
L49626,L,299.3,308.6,1422,48.9,83,0,0,0,0,0,0
L49627,L,299.3,308.7,1408,48.7,85,0,0,0,0,0,0
L49628,L,299.4,308.9,1440,42.5,87,0,0,0,0,0,0
L49629,L,299.3,308.8,1772,25.2,89,0,0,0,0,0,0
L49630,L,299.2,308.7,1492,37.8,91,0,0,0,0,0,0
L49631,L,299.2,308.7,1650,30.5,93,0,0,0,0,0,0
M17312,M,299.1,308.6,2329,14.6,95,0,0,0,0,0,0
L49633,L,299.0,308.6,1648,30.8,98,0,0,0,0,0,0
L49634,L,299.0,308.6,1653,31.7,100,0,0,0,0,0,0
L49635,L,299.0,308.6,1946,22.3,102,0,0,0,0,0,0
L49636,L,299.1,308.6,1555,36.6,104,0,0,0,0,0,0
L49637,L,299.0,308.6,1661,32.2,106,0,0,0,0,0,0
L49638,L,299.0,308.6,1434,45.9,108,0,0,0,0,0,0
L49639,L,299.0,308.6,1297,54.2,110,0,0,0,0,0,0
L49640,L,299.0,308.6,1466,46.4,112,0,0,0,0,0,0
M17321,M,298.9,308.6,1517,39.8,114,0,0,0,0,0,0
L49642,L,298.9,308.5,1742,34.5,117,0,0,0,0,0,0
L49643,L,298.9,308.5,1580,39.1,119,0,0,0,0,0,0
M17324,M,298.9,308.5,1534,42.9,121,0,0,0,0,0,0
L49645,L,298.9,308.6,1481,40.7,124,0,0,0,0,0,0
L49646,L,299.0,308.6,1429,37.7,126,0,0,0,0,0,0
M17327,M,298.9,308.6,1574,33.5,128,0,0,0,0,0,0
M17328,M,298.9,308.6,1524,40.4,131,0,0,0,0,0,0
L49649,L,299.0,308.7,1507,37.5,134,0,0,0,0,0,0
L49650,L,298.9,308.5,1467,44.7,136,0,0,0,0,0,0
L49651,L,298.9,308.4,1301,51.1,138,0,0,0,0,0,0
L49652,L,298.9,308.5,1429,55.1,140,0,0,0,0,0,0
M17333,M,298.9,308.5,1555,37.6,142,0,0,0,0,0,0
L49654,L,298.9,308.5,1503,40.6,145,0,0,0,0,0,0
L49655,L,298.9,308.5,1459,43.1,147,0,0,0,0,0,0
H31890,H,298.9,308.4,1449,42.4,149,0,0,0,0,0,0
L49657,L,298.9,308.5,1387,57.3,154,0,0,0,0,0,0
M17338,M,298.9,308.5,1456,50.0,156,0,0,0,0,0,0
L49659,L,299.0,308.5,1604,34.7,159,0,0,0,0,0,0
L49660,L,299.0,308.6,1734,32.4,161,0,0,0,0,0,0
L49661,L,299.0,308.6,1378,47.8,163,0,0,0,0,0,0
L49662,L,298.9,308.7,1504,41.8,165,0,0,0,0,0,0
M17343,M,298.9,308.7,1402,49.8,167,0,0,0,0,0,0
H31898,H,298.8,308.6,1524,37.7,170,0,0,0,0,0,0
L49665,L,298.8,308.6,1593,35.5,175,0,0,0,0,0,0
M17346,M,298.9,308.7,1772,28.4,177,0,0,0,0,0,0
H31901,H,298.9,308.6,1623,31.0,180,0,0,0,0,0,0
L49668,L,298.9,308.7,1356,50.7,185,0,0,0,0,0,0
H31903,H,298.9,308.7,1500,41.6,187,0,0,0,0,0,0
H31904,H,299.1,308.8,1566,46.6,192,0,0,0,0,0,0
L49671,L,299.1,308.9,1445,43.4,197,0,0,0,0,0,0
H31906,H,299.0,308.8,1382,58.5,199,0,0,0,0,0,0
M17353,M,299.0,308.8,1418,45.7,204,0,0,0,0,0,0
L49674,L,299.1,308.8,1329,53.6,207,1,0,0,0,1,0
M17355,M,299.1,308.8,1491,41.0,209,0,0,0,0,0,0
M17356,M,299.2,308.9,1573,37.4,212,0,0,0,0,0,0
M17357,M,299.2,308.9,1521,42.3,215,0,0,0,0,0,0
L49678,L,299.1,308.9,1467,47.2,218,0,0,0,0,0,0
M17359,M,299.1,308.9,1325,48.4,220,0,0,0,0,0,0
L49680,L,299.1,308.9,1617,32.3,223,0,0,0,0,0,0
M17361,M,299.1,308.9,1476,42.7,225,0,0,0,0,0,0
L49682,L,299.2,309.0,1515,48.9,228,1,0,0,0,1,0
L49683,L,299.2,309.0,1408,47.2,0,0,0,0,0,0,0
L49684,L,299.2,309.1,1468,45.6,2,0,0,0,0,0,0
L49685,L,299.2,309.1,1387,48.7,4,0,0,0,0,0,0
M17366,M,299.2,309.1,1503,34.7,6,0,0,0,0,0,0
H31921,H,299.2,309.1,1410,47.1,9,0,0,0,0,0,0
L49688,L,299.0,308.9,1615,30.6,14,0,0,0,0,0,0
L49689,L,299.0,308.9,1511,35.9,16,0,0,0,0,0,0
L49690,L,299.1,309.0,1405,53.8,18,0,0,0,0,0,0
M17371,M,299.0,308.9,1526,41.1,20,0,0,0,0,0,0
L49692,L,298.9,308.8,1530,38.3,23,0,0,0,0,0,0
L49693,L,299.0,308.7,1583,32.5,25,0,0,0,0,0,0
L49694,L,298.9,308.6,2069,18.7,27,0,0,0,0,0,0
L49695,L,298.8,308.5,1490,35.0,29,0,0,0,0,0,0
L49696,L,298.8,308.5,1736,29.0,31,0,0,0,0,0,0
L49697,L,298.8,308.5,1395,44.4,33,0,0,0,0,0,0
M17378,M,298.9,308.6,1425,49.6,35,0,0,0,0,0,0
L49699,L,298.8,308.6,1631,32.4,38,0,0,0,0,0,0
L49700,L,298.8,308.6,1535,41.2,40,0,0,0,0,0,0
L49701,L,298.8,308.6,1584,34.4,42,0,0,0,0,0,0
M17382,M,298.8,308.7,1543,38.2,44,0,0,0,0,0,0
L49703,L,298.8,308.7,1635,35.2,47,0,0,0,0,0,0
M17384,M,298.8,308.7,1446,45.5,49,0,0,0,0,0,0
M17385,M,298.8,308.6,1598,35.1,52,0,0,0,0,0,0
L49706,L,298.8,308.6,1501,35.0,55,0,0,0,0,0,0
L49707,L,298.8,308.5,1450,50.8,57,0,0,0,0,0,0
L49708,L,298.8,308.6,1730,25.9,59,0,0,0,0,0,0
M17389,M,298.8,308.6,1571,33.7,61,0,0,0,0,0,0
L49710,L,298.9,308.7,1438,51.7,64,0,0,0,0,0,0
M17391,M,298.8,308.5,1510,38.7,66,0,0,0,0,0,0
L49712,L,298.9,308.7,1389,44.9,69,0,0,0,0,0,0
L49713,L,298.8,308.7,1490,33.6,71,0,0,0,0,0,0
L49714,L,298.9,308.7,1729,26.6,73,0,0,0,0,0,0
L49715,L,299.0,308.8,1495,38.4,75,0,0,0,0,0,0
L49716,L,298.9,308.8,1281,53.9,77,0,0,0,0,0,0
H31951,H,298.9,308.7,1353,48.1,79,0,0,0,0,0,0
L49718,L,299.1,308.8,1429,50.1,84,0,0,0,0,0,0
L49719,L,299.1,308.8,1413,42.1,86,0,0,0,0,0,0
L49720,L,299.1,308.8,1502,38.3,88,0,0,0,0,0,0
H31955,H,299.1,308.8,1553,32.6,90,0,0,0,0,0,0
H31956,H,299.2,308.9,1712,26.4,95,0,0,0,0,0,0
L49723,L,299.3,309.0,1786,23.5,100,0,0,0,0,0,0
L49724,L,299.2,309.0,1951,21.4,102,0,0,0,0,0,0
M17405,M,299.2,309.0,1541,36.3,104,0,0,0,0,0,0
L49726,L,299.2,309.1,1605,34.3,107,0,0,0,0,0,0
L49727,L,299.2,309.1,1578,38.1,109,0,0,0,0,0,0
M17408,M,299.3,309.2,1440,37.5,111,0,0,0,0,0,0
L49729,L,299.4,309.2,1489,42.3,114,0,0,0,0,0,0
L49730,L,299.4,309.3,1366,48.4,116,0,0,0,0,0,0
L49731,L,299.3,309.2,1541,37.2,118,0,0,0,0,0,0
H31966,H,299.3,309.1,1552,40.7,120,0,0,0,0,0,0
L49733,L,299.3,309.1,1473,40.3,125,0,0,0,0,0,0
L49734,L,299.3,309.1,1531,37.9,127,0,0,0,0,0,0
L49735,L,299.3,309.2,1511,37.2,129,0,0,0,0,0,0
M17416,M,299.3,309.1,1449,47.9,131,0,0,0,0,0,0
M17417,M,299.4,309.1,1440,50.0,134,0,0,0,0,0,0
M17418,M,299.2,309.0,1881,23.9,137,0,0,0,0,0,0
L49739,L,299.3,309.0,1447,50.4,140,0,0,0,0,0,1
M17420,M,299.4,309.1,1326,62.0,142,0,0,0,0,0,0
L49741,L,299.4,309.2,1607,31.7,145,0,0,0,0,0,0
L49742,L,299.3,309.1,1551,39.1,147,0,0,0,0,0,0
L49743,L,299.3,309.1,1496,37.2,149,0,0,0,0,0,0
L49744,L,299.3,309.1,1493,38.0,151,0,0,0,0,0,0
L49745,L,299.4,309.1,1304,50.5,153,0,0,0,0,0,0
M17426,M,299.3,309.0,1420,41.6,155,0,0,0,0,0,0
L49747,L,299.4,309.1,1766,24.6,158,0,0,0,0,0,0
L49748,L,299.6,309.2,1450,43.1,160,0,0,0,0,0,0
H31983,H,299.5,309.2,1872,22.6,162,0,0,0,0,0,0
L49750,L,299.6,309.2,1713,26.5,167,0,0,0,0,0,0
M17431,M,299.5,309.2,1497,40.9,169,0,0,0,0,0,0
M17432,M,299.4,309.1,1352,44.7,172,0,0,0,0,0,0
L49753,L,299.5,309.2,1499,41.5,175,0,0,0,0,0,0
L49754,L,299.5,309.3,1972,19.3,177,0,0,0,0,0,0
L49755,L,299.5,309.3,1422,49.2,179,0,0,0,0,0,0
L49756,L,299.5,309.3,1523,41.5,181,0,0,0,0,0,0
L49757,L,299.5,309.4,1563,41.5,183,0,0,0,0,0,0
L49758,L,299.4,309.3,1391,46.6,185,0,0,0,0,0,0
L49759,L,299.3,309.1,1795,24.7,187,0,0,0,0,0,0
L49760,L,299.3,309.1,1293,53.7,189,0,0,0,0,0,0
L49761,L,299.2,309.1,1345,60.7,191,1,0,0,0,1,0
L49762,L,299.2,309.0,1615,33.7,193,0,0,0,0,0,0
L49763,L,299.2,308.9,1342,50.8,195,0,0,0,0,0,0
L49764,L,299.1,308.8,1502,46.7,197,0,0,0,0,0,0
M17445,M,299.0,308.7,1620,35.4,199,0,0,0,0,0,0
L49766,L,299.0,308.7,1537,42.8,202,0,0,0,0,0,0
L49767,L,299.0,308.7,2248,16.8,204,0,0,0,0,0,0
L49768,L,299.0,308.7,1706,28.6,206,0,0,0,0,0,0
L49769,L,299.0,308.7,2250,16.6,208,0,0,0,0,0,0
L49770,L,299.0,308.7,1396,48.6,0,0,0,0,0,0,0
L49771,L,298.9,308.6,1522,46.4,2,0,0,0,0,0,0
L49772,L,298.9,308.6,1539,45.4,4,0,0,0,0,0,0
H32007,H,298.9,308.5,1415,54.0,6,0,0,0,0,0,0
L49774,L,298.8,308.5,1446,37.0,11,0,0,0,0,0,0
M17455,M,298.8,308.6,1486,41.1,13,0,0,0,0,0,0
L49776,L,299.0,308.7,1426,38.6,16,0,0,0,0,0,0
L49777,L,299.0,308.7,1449,38.9,18,0,0,0,0,0,0
L49778,L,299.1,308.8,1320,67.5,20,1,0,0,1,0,0
M17459,M,299.2,308.9,1447,39.6,22,0,0,0,0,0,0
L49780,L,299.3,309.0,1422,47.3,25,0,0,0,0,0,0
L49781,L,299.3,309.1,1399,52.1,27,0,0,0,0,0,0
L49782,L,299.4,309.2,1427,41.5,29,0,0,0,0,0,0
M17463,M,299.3,309.2,1334,46.3,31,0,0,0,0,0,0
M17464,M,299.3,309.1,1385,45.6,34,0,0,0,0,0,0
L49785,L,299.4,309.2,1552,37.4,37,0,0,0,0,0,0
H32020,H,299.4,309.3,1534,37.5,39,0,0,0,0,0,0
L49787,L,299.4,309.3,1448,48.6,44,0,0,0,0,0,0
L49788,L,299.5,309.3,1409,44.7,46,0,0,0,0,0,0
L49789,L,299.4,309.2,1621,34.5,48,0,0,0,0,0,0
H32024,H,299.4,309.1,1547,40.9,50,0,0,0,0,0,0
L49791,L,299.4,309.1,1957,22.1,55,0,0,0,0,0,0
L49792,L,299.4,309.1,2421,14.2,57,0,0,0,0,0,0
M17473,M,299.3,309.1,1571,38.3,59,0,0,0,0,0,0
L49794,L,299.3,309.1,1634,36.8,62,0,0,0,0,0,0
L49795,L,299.3,309.0,1516,38.7,64,0,0,0,0,0,0
L49796,L,299.4,309.1,1207,66.5,66,0,0,0,0,0,0
L49797,L,299.4,309.1,1670,35.9,68,0,0,0,0,0,0
M17478,M,299.4,309.1,1461,48.6,70,0,0,0,0,0,0
L49799,L,299.4,309.2,1569,40.8,73,0,0,0,0,0,0
L49800,L,299.4,309.2,1556,35.7,75,0,0,0,0,0,0
M17481,M,299.5,309.3,1506,41.5,77,0,0,0,0,0,0
M17482,M,299.6,309.4,1642,30.3,80,0,0,0,0,0,0
M17483,M,299.6,309.4,1283,62.1,83,0,0,0,0,0,0
H32038,H,299.7,309.5,1375,46.8,86,0,0,0,0,0,0
L49805,L,299.7,309.4,1399,39.9,91,0,0,0,0,0,0
L49806,L,299.7,309.4,1650,29.8,93,0,0,0,0,0,0
M17487,M,299.8,309.6,1346,53.2,95,0,0,0,0,0,0
H32042,H,299.9,309.6,1410,51.2,98,0,0,0,0,0,0
L49809,L,300.0,309.7,1586,37.8,103,0,0,0,0,0,0
L49810,L,300.0,309.8,1372,39.6,105,0,0,0,0,0,0
H32045,H,300.0,309.7,1529,42.4,107,0,0,0,0,0,0
M17492,M,300.0,309.7,1652,28.6,112,0,0,0,0,0,0
L49813,L,300.1,309.8,1532,39.8,115,0,0,0,0,0,0
L49814,L,300.0,309.7,1554,32.0,117,0,0,0,0,0,0
H32049,H,299.9,309.6,1462,51.0,119,0,0,0,0,0,0
L49816,L,299.9,309.6,1254,61.3,124,0,0,0,0,0,0
L49817,L,299.9,309.6,1294,49.7,126,0,0,0,0,0,0
L49818,L,299.8,309.5,1739,27.5,128,0,0,0,0,0,0
M17499,M,299.8,309.4,1412,47.8,130,0,0,0,0,0,0
M17500,M,299.9,309.5,1372,56.2,133,0,0,0,0,0,0
H32055,H,299.8,309.5,1420,46.7,136,0,0,0,0,0,0
L49822,L,299.8,309.5,1542,40.3,141,0,0,0,0,0,0
M17503,M,299.8,309.4,1401,48.1,143,0,0,0,0,0,0
L49824,L,299.8,309.4,1510,42.5,146,0,0,0,0,0,0
H32059,H,299.9,309.5,1547,38.5,148,0,0,0,0,0,0
M17506,M,299.8,309.5,1453,43.2,153,0,0,0,0,0,0
L49827,L,299.8,309.4,1408,45.6,156,0,0,0,0,0,0
L49828,L,299.8,309.4,1436,51.6,158,0,0,0,0,0,0
M17509,M,299.9,309.5,1582,38.2,160,0,0,0,0,0,0
L49830,L,299.9,309.6,1280,59.3,163,0,0,0,0,0,0
L49831,L,299.9,309.5,2008,20.4,165,0,0,0,0,0,0
L49832,L,299.9,309.5,1772,23.5,167,0,0,0,0,0,0
L49833,L,299.9,309.5,1779,26.1,169,0,0,0,0,0,0
L49834,L,299.9,309.5,1567,35.5,171,0,0,0,0,0,0
M17515,M,299.8,309.4,1751,27.0,173,0,0,0,0,0,0
L49836,L,299.9,309.5,1349,51.3,176,0,0,0,0,0,0
M17517,M,300.0,309.5,1425,40.8,178,0,0,0,0,0,0
L49838,L,300.0,309.4,1395,44.5,181,0,0,0,0,0,0
H32073,H,299.8,309.3,1595,32.1,183,0,0,0,0,0,0
L49840,L,299.8,309.3,1291,56.4,188,0,0,0,0,0,0
M17521,M,299.9,309.4,1509,42.8,190,0,0,0,0,0,0
M17522,M,299.9,309.4,1483,38.1,193,0,0,0,0,0,0
L49843,L,299.9,309.3,1620,31.1,196,0,0,0,0,0,0
M17524,M,299.9,309.4,1487,42.2,198,0,0,0,0,0,0
L49845,L,299.8,309.4,2256,15.9,201,0,0,0,0,0,0
H32080,H,299.7,309.2,1691,27.7,203,0,0,0,0,0,0
M17527,M,299.8,309.3,1663,35.2,208,0,0,0,0,0,0
M17528,M,299.8,309.3,1640,31.1,211,0,0,0,0,0,0
H32083,H,299.7,309.3,1494,37.8,214,0,0,0,0,0,0
L49850,L,299.8,309.4,1467,46.2,219,0,0,0,0,0,0
M17531,M,299.7,309.3,1399,41.9,221,1,1,0,0,0,0
L49852,L,299.7,309.3,1445,42.6,0,0,0,0,0,0,0
L49853,L,299.8,309.4,1480,40.9,2,0,0,0,0,0,0
L49854,L,299.7,309.3,1546,37.2,4,0,0,0,0,0,0
L49855,L,299.7,309.3,1574,35.8,6,0,0,0,0,0,0
L49856,L,299.7,309.3,1592,34.2,8,0,0,0,0,0,0
L49857,L,299.8,309.5,1495,39.6,10,0,0,0,0,0,0
L49858,L,299.8,309.6,1447,43.1,12,0,0,0,0,0,0
L49859,L,299.8,309.5,1476,44.4,14,0,0,0,0,0,0
L49860,L,299.8,309.5,1641,27.1,16,0,0,0,0,0,0
L49861,L,299.8,309.5,1545,32.2,18,0,0,0,0,0,0
M17542,M,299.9,309.6,1364,44.4,20,0,0,0,0,0,0
L49863,L,299.8,309.5,1590,28.5,23,0,0,0,0,0,0
L49864,L,299.8,309.4,1460,37.4,25,0,0,0,0,0,0
L49865,L,299.8,309.4,1609,32.5,27,0,0,0,0,0,0
L49866,L,299.8,309.4,1633,27.5,29,0,0,0,0,0,0
L49867,L,299.9,309.4,1348,52.8,31,0,0,0,0,0,0
L49868,L,299.9,309.4,1322,53.9,33,0,0,0,0,0,0
L49869,L,300.0,309.5,1641,30.1,35,0,0,0,0,0,0
L49870,L,300.0,309.5,1728,26.0,37,0,0,0,0,0,0
L49871,L,300.0,309.6,1431,47.7,39,0,0,0,0,0,0
L49872,L,300.1,309.7,1641,30.4,41,0,0,0,0,0,0
M17553,M,300.1,309.6,1622,36.1,43,0,0,0,0,0,0
M17554,M,300.1,309.6,1625,38.0,46,0,0,0,0,0,0
L49875,L,300.0,309.5,1869,22.7,49,0,0,0,0,0,0
L49876,L,300.0,309.6,1452,46.0,51,0,0,0,0,0,0
L49877,L,300.0,309.6,1618,28.7,53,0,0,0,0,0,0
L49878,L,300.0,309.4,2010,20.0,55,0,0,0,0,0,0
L49879,L,299.9,309.4,1363,60.9,57,0,0,0,0,0,0
L49880,L,299.9,309.3,1473,40.4,59,0,0,0,0,0,0
L49881,L,299.9,309.2,1333,50.8,61,0,0,0,0,0,0
L49882,L,299.8,309.2,1760,25.9,63,0,0,0,0,0,0
M17563,M,299.8,309.2,1372,58.2,65,0,0,0,0,0,0
M17564,M,299.7,309.2,1608,34.4,68,0,0,0,0,0,0
L49885,L,299.7,309.2,1326,64.8,71,0,0,0,0,0,0
M17566,M,299.6,309.1,1560,37.1,73,0,0,0,0,0,0
M17567,M,299.6,309.0,1539,36.1,76,0,0,0,0,0,0
L49888,L,299.6,309.1,2266,15.3,79,0,0,0,0,0,0
L49889,L,299.6,309.1,1641,35.8,81,0,0,0,0,0,0
L49890,L,299.6,309.1,1574,39.2,83,0,0,0,0,0,0
L49891,L,299.6,309.1,1407,50.6,85,0,0,0,0,0,0
H32126,H,299.7,309.2,1302,55.5,87,0,0,0,0,0,0
M17573,M,299.6,309.2,1651,30.8,92,0,0,0,0,0,0
M17574,M,299.6,309.1,1366,55.2,95,0,0,0,0,0,0
M17575,M,299.5,309.0,1701,28.6,98,0,0,0,0,0,0
L49896,L,299.5,309.0,1498,44.6,101,0,0,0,0,0,0
M17577,M,299.5,309.1,1422,45.3,103,0,0,0,0,0,0
L49898,L,299.5,309.1,1357,47.3,106,0,0,0,0,0,0
L49899,L,299.5,309.2,1690,29.2,108,0,0,0,0,0,0
L49900,L,299.6,309.2,1559,39.1,110,0,0,0,0,0,0
M17581,M,299.6,309.3,1553,32.4,112,0,0,0,0,0,0
L49902,L,299.6,309.3,1558,34.8,115,0,0,0,0,0,0
L49903,L,299.7,309.4,1362,51.9,117,0,0,0,0,0,0
M17584,M,299.8,309.3,1470,42.7,119,0,0,0,0,0,0
L49905,L,299.8,309.4,1555,34.8,122,0,0,0,0,0,0
M17586,M,299.8,309.4,1423,42.9,124,0,0,0,0,0,0
L49907,L,299.7,309.3,1434,38.5,127,0,0,0,0,0,0
L49908,L,299.7,309.3,1779,25.5,129,0,0,0,0,0,0
L49909,L,299.7,309.3,1417,54.6,131,0,0,0,0,0,0
L49910,L,299.6,309.2,1425,45.9,133,0,0,0,0,0,0
M17591,M,299.7,309.2,1597,32.9,135,0,0,0,0,0,0
L49912,L,299.7,309.2,1346,57.4,138,0,0,0,0,0,0
L49913,L,299.7,309.2,1422,40.4,140,0,0,0,0,0,0
H32148,H,299.7,309.2,1572,32.8,142,0,0,0,0,0,0
L49915,L,299.7,309.2,1412,45.4,147,0,0,0,0,0,0
M17596,M,299.7,309.1,1576,36.4,149,0,0,0,0,0,0
M17597,M,299.7,309.1,1508,41.2,152,0,0,0,0,0,0
M17598,M,299.8,309.1,1496,44.4,155,0,0,0,0,0,0
L49919,L,299.8,309.2,1572,35.4,158,0,0,0,0,0,0
L49920,L,299.6,309.0,1525,42.8,160,0,0,0,0,0,0
L49921,L,299.6,309.0,1378,51.9,162,0,0,0,0,0,0
L49922,L,299.6,309.1,1369,51.4,164,0,0,0,0,0,0
L49923,L,299.6,309.1,1476,45.3,166,0,0,0,0,0,0
L49924,L,299.7,309.2,1620,30.0,168,0,0,0,0,0,0
M17605,M,299.7,309.1,1603,38.5,170,0,0,0,0,0,0
L49926,L,299.7,309.2,1411,46.1,173,0,0,0,0,0,0
L49927,L,299.7,309.2,1616,31.6,175,0,0,0,0,0,0
L49928,L,299.7,309.2,1631,35.1,177,0,0,0,0,0,0
M17609,M,299.7,309.2,1685,28.9,179,1,0,0,0,0,0
H32164,H,299.7,309.2,1456,40.6,182,0,0,0,0,0,0
L49931,L,299.7,309.1,1417,50.1,187,0,0,0,0,0,0
M17612,M,299.7,309.1,1851,24.7,189,0,0,0,0,0,0
L49933,L,299.7,309.1,1715,27.8,192,0,0,0,0,0,0
H32168,H,299.6,309.1,1630,32.3,194,0,0,0,0,0,0
L49935,L,299.7,309.2,1478,38.8,199,0,0,0,0,0,0
L49936,L,299.7,309.2,1781,29.6,201,0,0,0,0,0,0
L49937,L,299.8,309.2,1439,36.1,203,0,0,0,0,0,0
M17618,M,299.7,309.2,1412,45.3,205,0,0,0,0,0,0
L49939,L,299.7,309.1,1483,41.1,208,0,0,0,0,0,0
L49940,L,299.8,309.2,1400,42.6,210,0,0,0,0,0,0
L49941,L,299.8,309.3,1299,65.1,212,1,0,0,0,1,0
L49942,L,299.8,309.2,1479,44.4,214,0,0,0,0,0,0
L49943,L,299.8,309.2,1491,47.5,216,0,0,0,0,0,0
M17624,M,299.9,309.3,1389,52.8,0,0,0,0,0,0,0
M17625,M,299.9,309.4,1399,54.8,3,0,0,0,0,0,0
M17626,M,299.9,309.4,1889,26.0,6,0,0,0,0,0,0
L49947,L,300.0,309.5,1925,21.9,9,0,0,0,0,0,0
L49948,L,300.0,309.5,1675,30.2,11,0,0,0,0,0,0
M17629,M,300.0,309.6,1477,38.1,13,0,0,0,0,0,0
L49950,L,300.0,309.6,1364,45.9,16,0,0,0,0,0,0
L49951,L,299.9,309.5,1451,39.4,18,0,0,0,0,0,0
L49952,L,299.9,309.4,1467,41.2,20,0,0,0,0,0,0
L49953,L,299.9,309.4,1858,22.5,22,0,0,0,0,0,0
L49954,L,300.1,309.4,1559,39.7,24,0,0,0,0,0,0
L49955,L,300.1,309.4,1560,47.7,26,0,0,0,0,0,0
L49956,L,300.1,309.4,1453,47.6,28,0,0,0,0,0,0
L49957,L,300.1,309.4,1464,41.7,30,0,0,0,0,0,0
L49958,L,300.0,309.4,1308,50.2,32,0,0,0,0,0,0
L49959,L,300.1,309.5,1353,50.9,34,0,0,0,0,0,0
M17640,M,300.2,309.6,1556,35.8,36,0,0,0,0,0,0
L49961,L,300.2,309.5,2183,17.8,39,0,0,0,0,0,0
M17642,M,300.2,309.6,1491,41.8,41,0,0,0,0,0,0
M17643,M,300.2,309.6,1528,35.1,44,0,0,0,0,0,0
L49964,L,300.2,309.6,1430,52.7,47,0,0,0,0,0,0
L49965,L,300.2,309.5,1495,32.6,49,0,0,0,0,0,0
M17646,M,300.2,309.5,1630,28.3,51,0,0,0,0,0,0
M17647,M,300.3,309.6,1524,38.4,54,0,0,0,0,0,0
L49968,L,300.3,309.6,1326,52.4,57,0,0,0,0,0,0
H32203,H,300.3,309.5,1438,44.0,59,0,0,0,0,0,0
L49970,L,300.4,309.6,1356,45.9,64,0,0,0,0,0,0
H32205,H,300.4,309.6,1416,43.3,66,0,0,0,0,0,0
L49972,L,300.4,309.7,1584,32.6,71,0,0,0,0,0,0
L49973,L,300.3,309.6,1597,31.8,73,0,0,0,0,0,0
L49974,L,300.4,309.6,1553,43.9,75,0,0,0,0,0,0
M17655,M,300.3,309.5,1405,49.4,77,0,0,0,0,0,0
L49976,L,300.2,309.5,1539,35.3,80,0,0,0,0,0,0
M17657,M,300.3,309.6,1398,53.7,82,0,0,0,0,0,0
L49978,L,300.3,309.6,1568,39.6,85,0,0,0,0,0,0
L49979,L,300.3,309.6,1404,44.6,87,0,0,0,0,0,0
M17660,M,300.2,309.5,1500,45.7,89,0,0,0,0,0,0
M17661,M,300.2,309.5,1642,28.8,92,0,0,0,0,0,0
M17662,M,300.3,309.6,1509,46.6,95,0,0,0,0,0,0
L49983,L,300.2,309.5,1343,50.2,98,0,0,0,0,0,0
L49984,L,300.1,309.5,1450,40.1,100,0,0,0,0,0,0
L49985,L,300.0,309.4,1460,43.5,102,0,0,0,0,0,0
L49986,L,300.0,309.3,1364,41.2,104,0,0,0,0,0,0
M17667,M,299.9,309.3,1452,41.9,106,0,0,0,0,0,0
L49988,L,299.9,309.3,1471,41.8,109,0,0,0,0,0,0
L49989,L,299.9,309.2,1598,34.6,111,0,0,0,0,0,0
L49990,L,299.8,309.1,1772,24.8,113,0,0,0,0,0,0
L49991,L,299.9,309.2,1761,25.6,115,0,0,0,0,0,0
M17672,M,300.0,309.3,1413,40.7,117,0,0,0,0,0,0
L49993,L,300.0,309.3,1887,22.6,120,0,0,0,0,0,0
L49994,L,300.0,309.3,1395,56.5,122,0,0,0,0,0,0
M17675,M,300.1,309.4,1569,31.6,124,0,0,0,0,0,0
L49996,L,300.1,309.4,1434,47.3,127,0,0,0,0,0,0
L49997,L,300.2,309.5,1417,41.1,129,0,0,0,0,0,0
L49998,L,300.2,309.5,1729,28.4,131,0,0,0,0,0,0
L49999,L,300.2,309.5,1356,51.1,133,0,0,0,0,0,0
L50000,L,300.2,309.5,1436,48.8,135,0,0,0,0,0,0
M17681,M,300.3,309.6,1419,42.5,137,0,0,0,0,0,0
L50002,L,300.3,309.6,1593,38.1,140,0,0,0,0,0,0
M17683,M,300.3,309.5,1320,62.2,142,0,0,0,0,0,0
M17684,M,300.3,309.5,1448,42.4,145,0,0,0,0,0,0
L50005,L,300.3,309.4,1470,33.5,148,0,0,0,0,0,0
M17686,M,300.3,309.4,1612,33.1,150,0,0,0,0,0,0
L50007,L,300.4,309.4,1412,51.6,153,0,0,0,0,0,0
M17688,M,300.4,309.4,1875,23.9,155,0,0,0,0,0,0
L50009,L,300.3,309.3,1612,36.0,158,0,0,0,0,0,0
M17690,M,300.4,309.3,1411,41.6,160,0,0,0,0,0,0
M17691,M,300.3,309.2,1490,47.9,163,0,0,0,0,0,0
M17692,M,300.4,309.3,1467,40.3,166,0,0,0,0,0,0
L50013,L,300.3,309.2,1807,26.4,169,0,0,0,0,0,0
L50014,L,300.3,309.1,1368,46.0,171,0,0,0,0,0,0
L50015,L,300.3,309.2,1572,32.0,173,0,0,0,0,0,0
M17696,M,300.3,309.1,1458,44.3,175,0,0,0,0,0,0
L50017,L,300.3,309.1,1699,30.3,178,0,0,0,0,0,0
L50018,L,300.3,309.3,1478,39.5,180,0,0,0,0,0,0
M17699,M,300.4,309.4,1362,42.1,182,0,0,0,0,0,0
H32254,H,300.4,309.4,1487,38.9,185,0,0,0,0,0,0
L50021,L,300.3,309.4,1705,29.4,190,0,0,0,0,0,0
L50022,L,300.3,309.3,1345,53.5,192,0,0,0,0,0,0
L50023,L,300.3,309.2,1532,40.2,194,0,0,0,0,0,0
L50024,L,300.3,309.2,1650,35.2,196,0,0,0,0,0,0
L50025,L,300.3,309.2,1398,54.4,198,0,0,0,0,0,0
L50026,L,300.3,309.2,1412,44.8,200,0,0,0,0,0,0
L50027,L,300.4,309.3,1525,39.6,202,0,0,0,0,0,0
M17708,M,300.3,309.3,1391,57.9,204,0,0,0,0,0,0
L50029,L,300.4,309.3,1766,28.2,207,0,0,0,0,0,0
L50030,L,300.4,309.3,1671,35.0,209,0,0,0,0,0,0
L50031,L,300.5,309.3,1373,48.8,211,0,0,0,0,0,0
M17712,M,300.5,309.4,1347,50.1,213,0,0,0,0,0,0
M17713,M,300.5,309.3,1539,39.1,216,0,0,0,0,0,0
L50034,L,300.5,309.3,1470,40.8,219,0,0,0,0,0,0
L50035,L,300.5,309.3,1528,37.0,221,0,0,0,0,0,0
H32270,H,300.5,309.3,1471,45.2,223,0,0,0,0,0,0
M17717,M,300.4,309.2,1528,37.2,228,0,0,0,0,0,0
L50038,L,300.5,309.3,1417,51.5,231,1,0,0,0,1,0
L50039,L,300.6,309.4,1549,43.4,233,0,0,0,0,0,0
H32274,H,300.6,309.4,1463,49.2,235,0,0,0,0,0,0
L50041,L,300.7,309.5,1479,43.6,240,0,0,0,0,0,0
L50042,L,300.6,309.5,1867,23.0,242,0,0,0,0,0,0
L50043,L,300.6,309.4,1471,44.1,244,0,0,0,0,0,0
H32278,H,300.6,309.4,1380,47.6,246,1,1,0,0,0,0
H32279,H,300.7,309.7,1623,32.7,0,0,0,0,0,0,0
L50046,L,300.8,309.7,1997,20.7,5,0,0,0,0,0,0
H32281,H,300.7,309.6,1390,48.5,7,0,0,0,0,0,0
L50048,L,300.8,309.7,1418,46.6,12,0,0,0,0,0,0
L50049,L,300.8,309.7,1519,35.8,14,0,0,0,0,0,0
M17730,M,300.8,309.7,1519,39.7,16,0,0,0,0,0,0
M17731,M,300.7,309.6,1536,37.2,19,0,0,0,0,0,0
L50052,L,300.8,309.6,1680,28.7,22,0,0,0,0,0,0
H32287,H,300.6,309.4,1555,37.9,24,0,0,0,0,0,0
L50054,L,300.6,309.5,1471,49.6,29,0,0,0,0,0,0
M17735,M,300.5,309.4,1877,23.8,31,0,0,0,0,0,0
M17736,M,300.5,309.3,1578,30.5,34,0,0,0,0,0,0
M17737,M,300.5,309.4,1655,32.1,37,0,0,0,0,0,0
H32292,H,300.5,309.4,1502,34.3,40,0,0,0,0,0,0
M17739,M,300.6,309.4,1367,63.2,45,1,0,0,1,0,0
L50060,L,300.7,309.5,1541,37.2,48,0,0,0,0,0,0
M17741,M,300.6,309.6,1588,37.0,50,0,0,0,0,0,0
L50062,L,300.6,309.6,1684,32.8,53,0,0,0,0,0,0
L50063,L,300.6,309.5,1437,40.0,55,0,0,0,0,0,0
L50064,L,300.6,309.6,1409,42.4,57,0,0,0,0,0,0
M17745,M,300.5,309.5,1320,49.9,59,0,0,0,0,0,0
H32300,H,300.5,309.5,1635,34.2,62,0,0,0,0,0,0
M17747,M,300.5,309.5,1691,27.6,67,0,0,0,0,0,0
M17748,M,300.6,309.6,1365,50.0,70,0,0,0,0,0,0
M17749,M,300.7,309.7,1523,38.2,73,0,0,0,0,0,0
L50070,L,300.6,309.7,1593,32.4,76,0,0,0,0,0,0
L50071,L,300.6,309.6,1682,30.7,78,0,0,0,0,0,0
L50072,L,300.7,309.6,1329,54.3,80,0,0,0,0,0,0
M17753,M,300.7,309.6,1568,35.2,82,0,0,0,0,0,0
L50074,L,300.7,309.6,1733,24.8,85,0,0,0,0,0,0
M17755,M,300.7,309.6,1473,48.1,87,0,0,0,0,0,0
M17756,M,300.7,309.5,1633,31.3,90,0,0,0,0,0,0
M17757,M,300.6,309.5,1530,40.2,93,0,0,0,0,0,0
M17758,M,300.6,309.5,1550,40.2,96,0,0,0,0,0,0
L50079,L,300.6,309.4,1410,40.6,99,0,0,0,0,0,0
L50080,L,300.5,309.3,1574,33.5,101,0,0,0,0,0,0
L50081,L,300.6,309.4,1425,40.3,103,0,0,0,0,0,0
M17762,M,300.6,309.4,1541,35.2,105,0,0,0,0,0,0
M17763,M,300.7,309.5,1733,26.7,108,0,0,0,0,0,0
L50084,L,300.6,309.4,2496,13.5,111,0,0,0,0,0,0
L50085,L,300.6,309.4,1552,36.4,113,0,0,0,0,0,0
L50086,L,300.6,309.3,1409,38.7,115,0,0,0,0,0,0
M17767,M,300.6,309.4,1581,35.7,117,0,0,0,0,0,0
L50088,L,300.7,309.5,1251,59.9,120,0,0,0,0,0,0
L50089,L,300.7,309.6,1500,44.1,122,0,0,0,0,0,0
L50090,L,300.6,309.5,1576,38.8,124,0,0,0,0,0,0
M17771,M,300.7,309.5,1352,44.0,126,0,0,0,0,0,0
L50092,L,300.7,309.6,1661,30.3,129,0,0,0,0,0,0
L50093,L,300.7,309.6,1541,34.6,131,0,0,0,0,0,0
H32328,H,300.6,309.6,1888,20.5,133,0,0,0,0,0,0
L50095,L,300.5,309.5,1255,62.1,138,0,0,0,0,0,0
L50096,L,300.6,309.6,1411,41.6,140,0,0,0,0,0,0
L50097,L,300.6,309.5,1516,39.0,142,0,0,0,0,0,0
M17778,M,300.6,309.5,1492,34.0,144,0,0,0,0,0,0
L50099,L,300.6,309.6,1726,30.0,147,0,0,0,0,0,0
L50100,L,300.7,309.7,1598,33.7,149,0,0,0,0,0,0
L50101,L,300.8,309.8,1657,31.1,151,0,0,0,0,0,0
L50102,L,300.8,309.7,1481,38.1,153,0,0,0,0,0,0
M17783,M,300.7,309.7,1397,51.3,155,0,0,0,0,0,0
L50104,L,300.8,309.7,1461,44.3,158,0,0,0,0,0,0
M17785,M,300.7,309.6,1388,51.1,160,0,0,0,0,0,0
L50106,L,300.7,309.7,1507,52.4,163,0,0,0,0,0,0
M17787,M,300.7,309.6,1421,49.8,165,0,0,0,0,0,0
M17788,M,300.8,309.7,1258,54.9,168,0,0,0,0,0,0
M17789,M,300.8,309.7,1482,39.0,171,0,0,0,0,0,0
H32344,H,300.7,309.6,1403,51.3,174,0,0,0,0,0,0
L50111,L,300.8,309.7,1373,45.4,179,0,0,0,0,0,0
L50112,L,300.9,309.7,1460,42.1,181,0,0,0,0,0,0
M17793,M,300.8,309.7,1751,27.9,183,0,0,0,0,0,0
M17794,M,300.8,309.6,1546,42.3,186,0,0,0,0,0,0
M17795,M,300.8,309.7,1680,28.2,189,0,0,0,0,0,0
M17796,M,300.9,309.7,1394,48.8,192,0,0,0,0,0,0
L50117,L,300.7,309.6,1810,26.0,195,0,0,0,0,0,0
L50118,L,300.7,309.5,1479,34.5,197,0,0,0,0,0,0
L50119,L,300.9,309.7,1431,41.4,199,0,0,0,0,0,0
L50120,L,300.9,309.7,2355,14.4,201,0,0,0,0,0,0
M17801,M,300.7,309.6,1996,19.8,203,1,1,0,0,0,0
L50122,L,300.7,309.5,1461,49.9,0,0,0,0,0,0,0
H32357,H,300.7,309.5,2007,19.7,2,0,0,0,0,0,0
L50124,L,300.7,309.6,1505,34.9,7,0,0,0,0,0,0
H32359,H,300.7,309.6,1925,20.5,9,0,0,0,0,0,0
M17806,M,300.7,309.5,1622,30.5,14,0,0,0,0,0,0
L50127,L,300.7,309.5,1592,29.0,17,0,0,0,0,0,0
L50128,L,300.7,309.5,1850,24.5,19,0,0,0,0,0,0
M17809,M,300.7,309.5,1470,48.7,21,0,0,0,0,0,0
M17810,M,300.7,309.5,1445,46.4,24,0,0,0,0,0,0
L50131,L,300.7,309.5,1685,31.1,27,0,0,0,0,0,0
H32366,H,300.7,309.5,1667,30.5,29,0,0,0,0,0,0
L50133,L,300.7,309.5,1578,35.4,34,0,0,0,0,0,0
H32368,H,300.6,309.4,1691,28.0,36,0,0,0,0,0,0
M17815,M,300.7,309.5,1439,43.8,41,0,0,0,0,0,0
M17816,M,300.8,309.6,1404,38.7,44,0,0,0,0,0,0
L50137,L,300.8,309.6,1498,45.8,47,0,0,0,0,0,0
M17818,M,300.8,309.5,1481,44.5,49,0,0,0,0,0,0
M17819,M,300.7,309.4,1589,35.0,52,0,0,0,0,0,0
L50140,L,300.7,309.5,1467,44.3,55,0,0,0,0,0,0
L50141,L,300.6,309.4,1654,32.8,57,0,0,0,0,0,0
L50142,L,300.7,309.5,1508,39.9,59,0,0,0,0,0,0
M17823,M,300.7,309.6,1439,43.0,61,0,0,0,0,0,0
L50144,L,300.7,309.5,1692,30.3,64,0,0,0,0,0,0
M17825,M,300.7,309.5,1838,24.9,66,0,0,0,0,0,0
L50146,L,300.6,309.3,1601,40.2,69,0,0,0,0,0,0
L50147,L,300.6,309.4,1369,51.6,71,0,0,0,0,0,0
M17828,M,300.6,309.4,1312,45.2,73,0,0,0,0,0,0
L50149,L,300.6,309.4,1468,44.1,76,0,0,0,0,0,0
M17830,M,300.6,309.4,1452,39.4,78,0,0,0,0,0,0
M17831,M,300.7,309.5,1393,43.9,81,0,0,0,0,0,0
M17832,M,300.6,309.4,1432,44.2,84,0,0,0,0,0,0
M17833,M,300.6,309.3,1510,46.0,87,0,0,0,0,0,0
M17834,M,300.6,309.4,1521,37.2,90,0,0,0,0,0,0
H32389,H,300.5,309.4,1360,46.2,93,0,0,0,0,0,0
M17836,M,300.5,309.3,1881,25.5,98,0,0,0,0,0,0
L50157,L,300.4,309.3,1413,50.3,101,0,0,0,0,0,0
H32392,H,300.5,309.4,1642,36.2,103,0,0,0,0,0,0
L50159,L,300.5,309.5,1542,38.5,108,0,0,0,0,0,0
L50160,L,300.4,309.5,1447,39.3,110,0,0,0,0,0,0
H32395,H,300.4,309.4,1530,40.4,112,0,0,0,0,0,0
L50162,L,300.5,309.5,1795,27.7,117,0,0,0,0,0,0
L50163,L,300.6,309.6,1290,57.4,119,0,0,0,0,0,0
L50164,L,300.6,309.7,1639,30.4,121,0,0,0,0,0,0
L50165,L,300.7,309.8,1596,31.5,123,0,0,0,0,0,0
L50166,L,300.6,309.8,1455,48.0,125,0,0,0,0,0,0
M17847,M,300.6,309.8,1659,28.9,127,0,0,0,0,0,0
M17848,M,300.6,309.8,1532,42.5,130,0,0,0,0,0,0
L50169,L,300.6,309.8,1502,42.4,133,0,0,0,0,0,0
L50170,L,300.6,309.8,1688,28.6,135,0,0,0,0,0,0
M17851,M,300.5,309.7,1341,50.9,137,0,0,0,0,0,0
M17852,M,300.5,309.7,1685,29.4,140,0,0,0,0,0,0
M17853,M,300.5,309.8,1370,55.9,143,0,0,0,0,0,0
L50174,L,300.5,309.8,1461,52.5,146,0,0,0,0,0,0
L50175,L,300.5,309.8,1550,37.4,148,0,0,0,0,0,0
M17856,M,300.5,309.8,1508,37.8,150,0,0,0,0,0,0
L50177,L,300.5,309.8,1345,62.7,153,0,0,0,0,0,0
L50178,L,300.5,309.7,1616,34.5,155,0,0,0,0,0,0
L50179,L,300.5,309.7,1395,61.0,157,0,0,0,0,0,0
H32414,H,300.5,309.8,1324,72.8,159,1,0,0,1,0,0
L50181,L,300.5,309.8,1445,43.9,164,0,0,0,0,0,0
M17862,M,300.5,309.8,1555,38.9,166,0,0,0,0,0,0
M17863,M,300.6,309.9,1449,42.4,169,0,0,0,0,0,0
M17864,M,300.5,309.9,1466,53.2,172,0,0,0,0,0,0
L50185,L,300.5,309.9,1503,37.4,175,0,0,0,0,0,0
L50186,L,300.4,309.7,1488,35.7,177,0,0,0,0,0,0
L50187,L,300.4,309.7,1314,50.2,179,0,0,0,0,0,0
M17868,M,300.4,309.7,1547,38.0,181,0,0,0,0,0,0
M17869,M,300.4,309.7,1466,39.8,184,0,0,0,0,0,0
L50190,L,300.3,309.6,1537,37.1,187,0,0,0,0,0,0
M17871,M,300.2,309.5,1434,51.5,189,0,0,0,0,0,0
L50192,L,300.4,309.6,1432,44.7,192,0,0,0,0,0,0
L50193,L,300.5,309.6,1390,48.4,194,0,0,0,0,0,0
L50194,L,300.5,309.7,1580,42.8,196,0,0,0,0,0,0
L50195,L,300.5,309.7,1589,30.5,198,0,0,0,0,0,0
L50196,L,300.5,309.8,1441,48.8,200,0,0,0,0,0,0
L50197,L,300.5,309.8,1305,51.7,202,0,0,0,0,0,0
M17878,M,300.5,309.8,1566,35.9,204,0,0,0,0,0,0
L50199,L,300.5,309.8,1379,54.2,207,1,0,0,0,1,0
L50200,L,300.4,309.6,1543,38.1,209,0,0,0,0,0,0
L50201,L,300.5,309.8,1421,49.6,211,0,0,0,0,0,0
L50202,L,300.5,309.6,1760,30.6,213,0,0,0,0,0,0
L50203,L,300.4,309.5,1711,29.2,215,0,0,0,0,0,0
L50204,L,300.5,309.6,1465,41.6,217,0,0,0,0,0,0
L50205,L,300.5,309.6,1366,50.2,219,0,0,0,0,0,0
M17886,M,300.4,309.5,1888,21.9,221,0,0,0,0,0,0
L50207,L,300.5,309.5,1777,23.6,0,0,0,0,0,0,0
L50208,L,300.5,309.5,1379,55.6,2,0,0,0,0,0,0
L50209,L,300.4,309.5,1525,51.3,4,0,0,0,0,0,0
M17890,M,300.4,309.6,1563,34.0,6,0,0,0,0,0,0
M17891,M,300.5,309.7,1389,43.3,9,0,0,0,0,0,0
M17892,M,300.6,309.8,1447,42.9,12,0,0,0,0,0,0
M17893,M,300.6,309.7,1934,22.8,15,0,0,0,0,0,0
H32448,H,300.6,309.7,1470,43.8,18,0,0,0,0,0,0
M17895,M,300.6,309.7,1428,42.6,23,0,0,0,0,0,0
L50216,L,300.4,309.6,1319,48.1,26,0,0,0,0,0,0
L50217,L,300.5,309.7,1887,24.3,28,0,0,0,0,0,0
L50218,L,300.4,309.5,1349,50.4,30,0,0,0,0,0,0
M17899,M,300.3,309.5,1665,31.4,32,0,0,0,0,0,0
L50220,L,300.3,309.5,1474,38.7,35,0,0,0,0,0,0
L50221,L,300.4,309.5,1543,38.9,37,0,0,0,0,0,0
M17902,M,300.2,309.4,1459,43.9,39,0,0,0,0,0,0
L50223,L,300.3,309.5,1551,37.9,42,0,0,0,0,0,0
L50224,L,300.2,309.4,1981,21.4,44,0,0,0,0,0,0
L50225,L,300.2,309.4,1526,35.3,46,0,0,0,0,0,0
M17906,M,300.2,309.4,1501,40.0,48,0,0,0,0,0,0
L50227,L,300.2,309.4,1558,38.3,51,0,0,0,0,0,0
L50228,L,300.2,309.3,1532,43.2,53,0,0,0,0,0,0
L50229,L,300.1,309.2,1326,55.9,55,0,0,0,0,0,0
L50230,L,300.2,309.2,1431,51.3,57,0,0,0,0,0,0
L50231,L,300.2,309.3,1366,49.3,59,0,0,0,0,0,0
L50232,L,300.1,309.2,1421,42.5,61,0,0,0,0,0,0
H32467,H,300.2,309.3,1506,35.6,63,0,0,0,0,0,0
H32468,H,300.2,309.3,1342,48.7,68,0,0,0,0,0,0
L50235,L,300.1,309.2,1427,37.6,73,0,0,0,0,0,0
L50236,L,300.2,309.2,1667,29.9,75,0,0,0,0,0,0
L50237,L,300.1,309.1,1400,46.7,77,0,0,0,0,0,0
L50238,L,300.0,309.0,1709,32.1,79,0,0,0,0,0,0
M17919,M,300.0,309.0,1368,45.8,81,0,0,0,0,0,0
L50240,L,300.0,309.1,1882,23.8,84,0,0,0,0,0,0
L50241,L,300.1,309.1,1353,58.7,86,0,0,0,0,0,0
L50242,L,299.9,309.0,1553,40.0,88,0,0,0,0,0,0
L50243,L,300.0,309.1,1431,45.4,90,0,0,0,0,0,0
M17924,M,300.1,309.1,1731,30.4,92,0,0,0,0,0,0
M17925,M,300.1,309.2,1687,27.7,95,0,0,0,0,0,1
M17926,M,300.1,309.2,1457,44.3,98,0,0,0,0,0,0
L50247,L,300.1,309.2,1533,37.0,101,0,0,0,0,0,0
H32482,H,300.0,309.0,1622,31.8,103,0,0,0,0,0,0
L50249,L,300.0,309.1,1791,28.2,108,0,0,0,0,0,0
L50250,L,300.0,309.1,1631,28.3,110,0,0,0,0,0,0
L50251,L,300.0,309.0,2174,16.9,112,0,0,0,0,0,0
L50252,L,300.1,309.0,1314,58.2,114,0,0,0,0,0,0
L50253,L,300.1,309.1,1478,46.9,116,0,0,0,0,0,0
L50254,L,300.1,309.2,1783,27.3,118,0,0,0,0,0,0
M17935,M,300.1,309.2,1385,46.1,120,0,0,0,0,0,0
L50256,L,300.0,309.2,1444,43.6,123,0,0,0,0,0,0
L50257,L,300.1,309.3,1841,23.0,125,0,0,0,0,0,0
M17938,M,300.1,309.4,1349,56.2,127,0,0,0,0,0,0
L50259,L,300.1,309.3,1340,56.0,130,0,0,0,0,0,0
M17940,M,299.9,309.2,1539,43.2,132,0,0,0,0,0,0
M17941,M,300.0,309.3,1932,21.8,135,0,0,0,0,0,0
M17942,M,300.0,309.3,1407,43.9,138,0,0,0,0,0,0
L50263,L,300.1,309.3,1712,28.5,141,0,0,0,0,0,0
H32498,H,300.1,309.4,1329,55.2,143,0,0,0,0,0,0
L50265,L,300.1,309.2,1441,42.9,148,0,0,0,0,0,0
L50266,L,300.0,309.2,1610,32.1,150,0,0,0,0,0,0
M17947,M,300.0,309.1,1474,45.2,152,0,0,0,0,0,0
M17948,M,300.0,309.1,1624,30.8,155,0,0,0,0,0,0
H32503,H,300.1,309.3,1520,38.2,158,0,0,0,0,0,0
H32504,H,300.1,309.3,1448,45.8,163,0,0,0,0,0,0
L50271,L,300.0,309.3,1558,29.7,168,0,0,0,0,0,0
M17952,M,300.0,309.3,2293,16.3,170,0,0,0,0,0,0
L50273,L,300.0,309.3,1397,51.2,173,0,0,0,0,0,0
L50274,L,300.0,309.3,1972,22.0,175,0,0,0,0,0,0
M17955,M,299.9,309.2,1574,36.5,177,0,0,0,0,0,0
L50276,L,299.9,309.2,1560,38.9,180,0,0,0,0,0,0
M17957,M,299.9,309.2,1353,49.8,182,0,0,0,0,0,0
M17958,M,299.9,309.2,1389,51.2,185,0,0,0,0,0,0
M17959,M,299.9,309.1,1513,43.8,188,0,0,0,0,0,0
L50280,L,299.8,309.1,1578,42.1,191,0,0,0,0,0,0
H32515,H,299.8,309.0,1467,37.3,193,0,0,0,0,0,0
L50282,L,299.9,309.1,1412,48.3,198,0,0,0,0,0,0
L50283,L,299.8,309.1,1668,30.3,200,0,0,0,0,0,0
M17964,M,299.8,309.2,1678,29.8,202,0,0,0,0,0,0
L50285,L,299.8,309.1,1612,35.4,205,0,0,0,0,0,0
L50286,L,299.8,309.1,1485,39.9,207,0,0,0,0,0,0
M17967,M,299.8,309.1,1456,39.4,209,0,0,0,0,0,0
L50288,L,299.8,309.2,1504,38.7,212,0,0,0,0,0,0
L50289,L,299.9,309.2,1491,44.3,214,0,0,0,0,0,0
H32524,H,299.9,309.2,1525,33.2,0,0,0,0,0,0,0
L50291,L,300.0,309.2,1759,27.9,5,0,0,0,0,0,0
M17972,M,299.8,309.1,1355,56.7,7,0,0,0,0,0,0
M17973,M,299.9,309.1,1345,56.8,10,0,0,0,0,0,0
M17974,M,299.9,309.2,1683,30.5,13,0,0,0,0,0,0
L50295,L,299.9,309.2,1658,34.8,16,0,0,0,0,0,0
L50296,L,300.0,309.2,1566,34.4,18,0,0,0,0,0,0
M17977,M,300.1,309.3,1469,43.9,20,0,0,0,0,0,0
M17978,M,300.2,309.5,1458,46.9,23,0,0,0,0,0,0
L50299,L,300.1,309.4,1858,23.6,26,0,0,0,0,0,0
H32534,H,300.1,309.4,1563,40.8,28,0,0,0,0,0,0
L50301,L,300.1,309.4,2141,17.9,33,0,0,0,0,0,0
L50302,L,300.0,309.3,1473,46.0,35,0,0,0,0,0,0
H32537,H,300.0,309.4,1498,38.5,37,0,0,0,0,0,0
L50304,L,300.1,309.4,1568,39.7,42,0,0,0,0,0,0
L50305,L,300.1,309.4,1694,27.4,44,0,0,0,0,0,0
L50306,L,300.0,309.4,1499,35.7,46,0,0,0,0,0,0
L50307,L,300.0,309.5,1717,28.3,48,0,0,0,0,0,0
M17988,M,300.1,309.5,1462,42.8,50,0,0,0,0,0,0
L50309,L,300.1,309.6,1642,34.5,53,0,0,0,0,0,0
L50310,L,300.1,309.6,1760,25.4,55,0,0,0,0,0,0
L50311,L,300.1,309.5,1660,32.7,57,0,0,0,0,0,0
L50312,L,300.1,309.5,1557,40.6,59,0,0,0,0,0,0
H32547,H,300.2,309.6,1442,49.2,61,0,0,0,0,0,0
L50314,L,300.2,309.6,1359,51.5,66,0,0,0,0,0,0
L50315,L,300.4,309.8,1342,52.5,68,0,0,0,0,0,0
L50316,L,300.4,309.9,1435,54.8,70,0,0,0,0,0,0
L50317,L,300.4,309.9,1567,36.5,72,0,0,0,0,0,0
L50318,L,300.4,309.9,1376,43.5,74,0,0,0,0,0,0
H32553,H,300.4,309.9,1513,38.7,76,0,0,0,0,0,0
H32554,H,300.4,309.9,2563,12.8,81,1,0,0,1,0,0
L50321,L,300.5,310.0,1521,45.1,86,0,0,0,0,0,0
L50322,L,300.6,310.0,1658,34.7,88,0,0,0,0,0,0
H32557,H,300.6,310.0,1419,42.4,90,0,0,0,0,0,0
M18004,M,300.6,310.0,1478,36.3,95,0,0,0,0,0,0
M18005,M,300.5,310.0,1415,43.5,98,0,0,0,0,0,0
M18006,M,300.5,309.9,1780,26.5,101,0,0,0,0,0,0
M18007,M,300.4,309.7,1440,42.8,104,0,0,0,0,0,0
H32562,H,300.4,309.8,1448,39.7,107,0,0,0,0,0,0
H32563,H,300.4,309.7,1500,35.2,112,0,0,0,0,0,0
L50330,L,300.4,309.8,1513,32.9,117,0,0,0,0,0,0
L50331,L,300.5,309.8,1428,43.8,119,0,0,0,0,0,0
M18012,M,300.5,309.8,1473,42.3,121,0,0,0,0,0,0
M18013,M,300.5,309.9,1483,49.3,124,0,0,0,0,0,0
L50334,L,300.4,309.7,1534,42.5,127,0,0,0,0,0,0
L50335,L,300.5,309.8,1367,54.0,129,0,0,0,0,0,0
L50336,L,300.4,309.7,1467,36.9,131,0,0,0,0,0,0
M18017,M,300.4,309.7,1488,42.2,133,0,0,0,0,0,0
L50338,L,300.4,309.7,1679,30.1,136,0,0,0,0,0,0
H32573,H,300.4,309.8,1409,47.5,138,0,0,0,0,0,0
M18020,M,300.4,309.7,1367,51.2,143,0,0,0,0,0,0
L50341,L,300.4,309.8,1314,63.1,146,0,0,0,0,0,0
L50342,L,300.5,309.9,1480,40.0,148,0,0,0,0,0,0
L50343,L,300.4,309.8,1549,38.9,150,0,0,0,0,0,0
L50344,L,300.4,309.7,1685,31.3,152,0,0,0,0,0,0
L50345,L,300.4,309.6,1536,34.5,154,0,0,0,0,0,0
M18026,M,300.4,309.7,1539,37.7,156,0,0,0,0,0,0
L50347,L,300.4,309.7,1384,45.1,159,0,0,0,0,0,0
M18028,M,300.4,309.6,1614,30.3,161,0,0,0,0,0,0
M18029,M,300.4,309.6,1675,35.5,164,0,0,0,0,0,0
M18030,M,300.4,309.7,1685,32.3,167,0,0,0,0,0,0
L50351,L,300.4,309.6,1386,56.9,170,0,0,0,0,0,0
M18032,M,300.3,309.6,1488,41.3,172,0,0,0,0,0,0
L50353,L,300.3,309.6,1624,32.6,175,0,0,0,0,0,0
L50354,L,300.3,309.6,1600,34.6,177,0,0,0,0,0,0
L50355,L,300.3,309.6,1468,44.7,179,0,0,0,0,0,0
L50356,L,300.3,309.6,1435,45.4,181,0,0,0,0,0,0
M18037,M,300.2,309.5,1564,33.4,183,0,0,0,0,0,0
M18038,M,300.2,309.4,1329,53.6,186,0,0,0,0,0,0
L50359,L,300.1,309.3,1570,36.8,189,0,0,0,0,0,0
M18040,M,300.2,309.4,1433,48.8,191,0,0,0,0,0,0
L50361,L,300.2,309.4,1527,37.0,194,0,0,0,0,0,0
M18042,M,300.1,309.3,1443,50.3,196,0,0,0,0,0,0
L50363,L,300.1,309.3,1616,32.0,199,0,0,0,0,0,0
L50364,L,300.1,309.3,1654,31.0,201,0,0,0,0,0,0
L50365,L,300.1,309.3,1685,27.1,203,0,0,0,0,0,0
M18046,M,300.2,309.4,1456,48.8,205,0,0,0,0,0,0
M18047,M,300.2,309.4,1752,27.8,208,0,0,0,0,0,0
M18048,M,300.1,309.2,1438,51.0,211,0,0,0,0,0,0
L50369,L,300.1,309.1,1551,33.7,214,0,0,0,0,0,0
L50370,L,300.1,309.2,1599,30.1,216,0,0,0,0,0,0
M18051,M,300.1,309.2,1732,33.7,218,0,0,0,0,0,0
M18052,M,300.1,309.2,1418,39.8,221,0,0,0,0,0,0
L50373,L,300.0,309.1,1401,44.5,0,0,0,0,0,0,0
L50374,L,300.0,309.0,1454,51.7,2,0,0,0,0,0,0
M18055,M,300.0,309.2,1635,32.4,4,0,0,0,0,0,0
L50376,L,300.0,309.1,1489,40.3,7,0,0,0,0,0,0
L50377,L,300.0,309.1,1465,40.6,9,0,0,0,0,0,0
M18058,M,300.0,309.1,1463,45.7,11,0,0,0,0,0,0
H32613,H,300.1,309.1,1560,35.4,14,0,0,0,0,0,0
M18060,M,300.1,309.2,1454,44.4,19,0,0,0,0,0,0
L50381,L,300.2,309.1,1479,47.0,22,0,0,0,0,0,0
L50382,L,300.2,309.2,1430,43.4,24,0,0,0,0,0,0
M18063,M,300.1,309.1,1533,38.0,26,0,0,0,0,0,0
L50384,L,300.1,309.0,1404,54.8,29,0,0,0,0,0,0
M18065,M,300.1,308.9,1548,38.4,31,0,0,0,0,0,0
M18066,M,300.1,309.0,1612,33.0,34,0,0,0,0,0,0
M18067,M,300.2,309.0,1642,31.2,37,0,0,0,0,0,0
M18068,M,300.2,309.1,1406,42.2,40,0,0,0,0,0,0
L50389,L,300.3,309.2,1587,31.4,43,0,0,0,0,0,0
M18070,M,300.3,309.2,1364,47.6,45,0,0,0,0,0,0
L50391,L,300.3,309.2,1462,51.4,48,0,0,0,0,0,0
L50392,L,300.3,309.2,1649,32.4,50,0,0,0,0,0,0
L50393,L,300.4,309.2,1752,29.0,52,0,0,0,0,0,0
H32628,H,300.4,309.3,1396,51.2,54,0,0,0,0,0,0
M18075,M,300.5,309.4,2179,16.3,59,0,0,0,0,0,0
L50396,L,300.5,309.5,1653,27.6,62,0,0,0,0,0,0
L50397,L,300.6,309.5,2025,21.4,64,0,0,0,0,0,0
L50398,L,300.6,309.6,1426,53.6,66,0,0,0,0,0,0
M18079,M,300.6,309.6,1503,38.4,68,0,0,0,0,0,0
M18080,M,300.7,309.6,1525,36.5,71,0,0,0,0,0,0
L50401,L,300.6,309.6,1423,49.1,74,0,0,0,0,0,0
M18082,M,300.7,309.7,1435,44.7,76,0,0,0,0,0,0
H32637,H,300.6,309.5,1495,36.5,79,0,0,0,0,0,0
M18084,M,300.6,309.5,1557,33.8,84,0,0,0,0,0,0
L50405,L,300.6,309.4,1474,40.7,87,0,0,0,0,0,0
L50406,L,300.5,309.3,1465,46.0,89,0,0,0,0,0,0
M18087,M,300.5,309.3,1589,34.9,91,0,0,0,0,0,0
L50408,L,300.5,309.3,1475,46.8,94,0,0,0,0,0,0
L50409,L,300.6,309.4,1442,43.2,96,0,0,0,0,0,0
L50410,L,300.6,309.4,1556,36.0,98,0,0,0,0,0,0
L50411,L,300.7,309.3,1425,45.3,100,0,0,0,0,0,0
L50412,L,300.7,309.3,1580,38.3,102,0,0,0,0,0,0
H32647,H,300.8,309.4,1474,40.7,104,0,0,0,0,0,0
L50414,L,300.8,309.4,1489,38.4,109,0,0,0,0,0,0
L50415,L,300.8,309.4,1946,20.5,111,0,0,0,0,0,0
M18096,M,300.8,309.4,1342,62.4,113,1,0,1,0,0,0
M18097,M,300.9,309.5,1758,26.8,116,0,0,0,0,0,0
M18098,M,300.9,309.4,1724,25.6,119,0,0,0,0,0,0
L50419,L,301.0,309.5,1430,48.5,122,0,0,0,0,0,0
L50420,L,300.9,309.5,1612,35.2,124,0,0,0,0,0,0
H32655,H,300.9,309.5,1469,43.4,126,0,0,0,0,0,0
L50422,L,300.9,309.6,1384,42.4,131,0,0,0,0,0,0
L50423,L,301.0,309.6,1724,28.1,133,0,0,0,0,0,0
M18104,M,301.0,309.6,1397,48.0,135,0,0,0,0,0,0
M18105,M,301.0,309.6,1588,32.7,138,0,0,0,0,0,0
L50426,L,301.0,309.7,1468,42.0,141,0,0,0,0,0,0
M18107,M,301.0,309.8,1594,31.1,143,0,0,0,0,0,0
M18108,M,301.0,309.7,1511,39.3,146,0,0,0,0,0,0
L50429,L,301.1,309.8,1493,38.9,149,0,0,0,0,0,0
H32664,H,301.2,309.8,1709,27.0,151,0,0,0,0,0,0
L50431,L,301.1,309.6,1501,36.1,156,0,0,0,0,0,0
L50432,L,301.1,309.7,1668,30.8,158,0,0,0,0,0,0
L50433,L,301.1,309.6,1502,48.9,160,0,0,0,0,0,0
M18114,M,301.0,309.7,1288,58.4,162,0,0,0,0,0,0
L50435,L,301.0,309.7,1491,42.9,165,0,0,0,0,0,0
L50436,L,301.1,309.8,1519,39.6,167,0,0,0,0,0,0
L50437,L,301.2,309.9,1984,19.7,169,0,0,0,0,0,0
L50438,L,301.2,309.9,1643,32.9,171,0,0,0,0,0,0
M18119,M,301.2,310.0,1625,31.6,173,0,0,0,0,0,0
M18120,M,301.3,310.0,2068,17.8,176,0,0,0,0,0,0
H32675,H,301.3,310.1,1469,39.7,179,0,0,0,0,0,0
L50442,L,301.3,310.1,1558,36.3,184,0,0,0,0,0,0
L50443,L,301.3,310.0,1344,54.8,186,0,0,0,0,0,0
H32678,H,301.3,310.1,1455,44.1,188,0,0,0,0,0,0
L50445,L,301.3,310.1,1355,53.6,193,0,0,0,0,0,0
L50446,L,301.3,310.1,1269,56.8,195,1,0,0,0,1,0
L50447,L,301.3,310.0,1550,41.5,197,0,0,0,0,0,0
M18128,M,301.3,310.1,1525,37.8,199,0,0,0,0,0,0
M18129,M,301.3,310.0,1696,32.4,202,0,0,0,0,0,0
L50450,L,301.4,310.1,1937,21.8,205,0,0,0,0,0,0
M18131,M,301.4,310.0,1689,32.1,207,0,0,0,0,0,0
M18132,M,301.3,310.0,1593,30.8,210,0,0,0,0,0,0
M18133,M,301.3,309.9,1565,36.0,213,0,0,0,0,0,0
L50454,L,301.3,310.0,1665,31.4,0,0,0,0,0,0,0
H32689,H,301.3,310.0,1532,36.3,2,0,0,0,0,0,0
L50456,L,301.3,310.0,1438,40.9,7,0,0,0,0,0,0
L50457,L,301.3,310.1,1531,41.6,9,0,0,0,0,0,0
L50458,L,301.3,310.0,1506,40.8,11,0,0,0,0,0,0
L50459,L,301.2,309.9,1382,52.4,13,0,0,0,0,0,0
M18140,M,301.2,309.9,1456,50.8,15,0,0,0,0,0,0
M18141,M,301.2,310.0,1445,45.6,18,0,0,0,0,0,0
L50462,L,301.2,309.9,1515,40.9,21,0,0,0,0,0,0
L50463,L,301.2,309.9,1449,45.5,23,0,0,0,0,0,0
H32698,H,301.2,309.9,1362,50.7,25,0,0,0,0,0,0
L50465,L,301.2,309.9,1687,29.7,30,0,0,0,0,0,0
L50466,L,301.2,310.0,1618,37.6,32,0,0,0,0,0,0
M18147,M,301.2,310.1,1558,32.6,34,0,0,0,0,0,0
L50468,L,301.3,310.1,1662,31.0,37,0,0,0,0,0,0
M18149,M,301.2,310.1,1295,56.6,39,0,0,0,0,0,0
L50470,L,301.2,310.2,1385,42.3,42,0,0,0,0,0,0
M18151,M,301.2,310.1,1479,45.5,44,0,0,0,0,0,0
L50472,L,301.3,310.3,1400,44.3,47,0,0,0,0,0,0
M18153,M,301.2,310.3,1357,54.5,49,0,0,0,0,0,0
L50474,L,301.1,310.2,1657,34.1,52,0,0,0,0,0,0
L50475,L,301.1,310.2,1496,43.4,54,0,0,0,0,0,0
M18156,M,301.2,310.3,1379,43.2,56,0,0,0,0,0,0
L50477,L,301.2,310.3,1548,38.6,59,0,0,0,0,0,0
L50478,L,301.2,310.3,1499,38.1,61,0,0,0,0,0,0
L50479,L,301.3,310.5,1390,45.8,63,0,0,0,0,0,0
H32714,H,301.3,310.4,1538,38.4,65,0,0,0,0,0,0
L50481,L,301.3,310.5,1365,47.7,70,0,0,0,0,0,0
L50482,L,301.3,310.5,1503,48.6,72,0,0,0,0,0,0
L50483,L,301.2,310.4,1390,49.9,74,0,0,0,0,0,0
L50484,L,301.2,310.3,1497,45.7,76,0,0,0,0,0,0
M18165,M,301.3,310.4,1577,48.3,78,0,0,0,0,0,0
L50486,L,301.4,310.5,1432,54.3,81,0,0,0,0,0,0
M18167,M,301.4,310.5,1563,39.9,83,0,0,0,0,0,0
L50488,L,301.4,310.4,1433,43.4,86,0,0,0,0,0,0
L50489,L,301.3,310.4,1384,50.1,88,0,0,0,0,0,0
L50490,L,301.3,310.4,1346,46.7,90,0,0,0,0,0,0
L50491,L,301.3,310.4,1459,44.7,92,0,0,0,0,0,0
L50492,L,301.4,310.4,1639,28.9,94,0,0,0,0,0,0
L50493,L,301.4,310.4,1737,31.9,96,0,0,0,0,0,0
L50494,L,301.4,310.5,1489,43.5,98,0,0,0,0,0,0
M18175,M,301.5,310.6,1492,43.0,100,0,0,0,0,0,0
M18176,M,301.4,310.5,1217,60.6,103,0,0,0,0,0,0
L50497,L,301.5,310.5,1636,28.7,106,0,0,0,0,0,0
L50498,L,301.4,310.4,1436,49.7,108,0,0,0,0,0,0
L50499,L,301.4,310.4,1689,30.6,110,0,0,0,0,0,0
L50500,L,301.5,310.5,2289,16.4,112,0,0,0,0,0,0
L50501,L,301.5,310.6,1522,41.0,114,0,0,0,0,0,0
L50502,L,301.5,310.5,1351,52.9,116,0,0,0,0,0,0
L50503,L,301.5,310.5,1589,36.7,118,0,0,0,0,0,0
L50504,L,301.5,310.6,1578,34.1,120,0,0,0,0,0,0
L50505,L,301.5,310.6,1587,33.7,122,0,0,0,0,0,0
L50506,L,301.5,310.6,1962,20.2,124,0,0,0,0,0,0
M18187,M,301.5,310.6,2432,14.2,126,0,0,0,0,0,0
L50508,L,301.6,310.6,1418,43.9,129,0,0,0,0,0,0
L50509,L,301.6,310.7,1683,29.7,131,0,0,0,0,0,0
L50510,L,301.7,310.8,1385,50.7,133,0,0,0,0,0,0
L50511,L,301.7,310.8,1559,44.5,135,0,0,0,0,0,0
M18192,M,301.7,310.8,1671,31.6,137,0,0,0,0,0,0
M18193,M,301.6,310.8,1343,49.5,140,0,0,0,0,0,0
M18194,M,301.6,310.8,1548,34.2,143,0,0,0,0,0,0
L50515,L,301.7,310.9,1705,31.2,146,0,0,0,0,0,0
L50516,L,301.6,310.8,1535,35.4,148,0,0,0,0,0,0
L50517,L,301.6,310.8,1564,34.1,150,0,0,0,0,0,0
M18198,M,301.6,310.9,1510,40.9,152,0,0,0,0,0,0
L50519,L,301.6,310.9,1492,45.2,155,0,0,0,0,0,0
M18200,M,301.5,310.8,1452,44.1,157,0,0,0,0,0,0
H32755,H,301.4,310.7,1329,52.0,160,0,0,0,0,0,0
L50522,L,301.5,310.8,1382,52.4,165,0,0,0,0,0,0
M18203,M,301.5,310.8,1628,36.4,167,0,0,0,0,0,0
L50524,L,301.4,310.7,1706,27.9,170,0,0,0,0,0,0
L50525,L,301.3,310.7,1594,34.1,172,0,0,0,0,0,0
L50526,L,301.3,310.7,1761,24.3,174,0,0,0,0,0,0
L50527,L,301.3,310.6,1529,41.8,176,0,0,0,0,0,0
M18208,M,301.3,310.7,1532,40.7,178,0,0,0,0,0,0
L50529,L,301.4,310.7,1673,27.8,181,0,0,0,0,0,0
L50530,L,301.4,310.8,1285,62.6,183,1,0,0,0,1,0
L50531,L,301.4,310.8,1680,31.4,185,0,0,0,0,0,0
L50532,L,301.4,310.8,1610,34.6,187,0,0,0,0,0,0
L50533,L,301.6,310.9,1632,31.6,189,0,0,0,0,0,0
L50534,L,301.6,310.9,1559,40.2,191,0,0,0,0,0,0
L50535,L,301.5,310.8,1367,49.0,193,0,0,0,0,0,0
L50536,L,301.6,310.8,1355,57.8,195,1,0,0,0,1,0
H32771,H,301.6,310.7,1414,51.7,197,0,0,0,0,0,0
L50538,L,301.5,310.6,1522,36.6,202,0,0,0,0,0,0
L50539,L,301.5,310.6,1525,41.9,204,0,0,0,0,0,0
L50540,L,301.5,310.6,1394,46.5,206,0,0,0,0,0,0
L50541,L,301.5,310.6,1519,40.7,208,0,0,0,0,0,0
L50542,L,301.4,310.6,1445,43.9,210,0,0,0,0,0,0
L50543,L,301.4,310.6,1555,43.3,212,0,0,0,0,0,0
L50544,L,301.4,310.5,1633,39.5,0,0,0,0,0,0,0
M18225,M,301.4,310.6,1630,30.3,2,0,0,0,0,0,0
M18226,M,301.4,310.7,1692,32.3,5,0,0,0,0,0,0
H32781,H,301.5,310.7,1790,26.2,8,0,0,0,0,0,0
L50548,L,301.5,310.8,1350,58.5,13,0,0,0,0,0,0
L50549,L,301.5,310.9,2760,8.0,15,1,0,0,1,0,0
L50550,L,301.4,310.7,1584,32.2,17,0,0,0,0,0,0
L50551,L,301.4,310.7,1989,21.8,19,0,0,0,0,0,0
L50552,L,301.4,310.8,1431,44.3,21,0,0,0,0,0,0
L50553,L,301.4,310.7,1568,35.2,23,0,0,0,0,0,0
L50554,L,301.4,310.7,1376,50.6,25,0,0,0,0,0,0
M18235,M,301.4,310.6,1459,46.9,27,0,0,0,0,0,0
M18236,M,301.5,310.8,1385,47.5,30,0,0,0,0,0,0
H32791,H,301.5,310.8,1591,29.6,33,0,0,0,0,0,0
L50558,L,301.5,310.7,1568,33.1,38,0,0,0,0,0,0
M18239,M,301.4,310.7,1459,37.7,40,0,0,0,0,0,0
L50560,L,301.4,310.7,1590,36.3,43,0,0,0,0,0,0
L50561,L,301.3,310.6,1376,47.6,45,0,0,0,0,0,0
L50562,L,301.3,310.6,1510,38.5,47,0,0,0,0,0,0
H32797,H,301.4,310.6,1674,33.6,49,0,0,0,0,0,0
L50564,L,301.3,310.6,1426,40.7,54,0,0,0,0,0,0
L50565,L,301.5,310.7,1466,43.6,56,0,0,0,0,0,0
H32800,H,301.5,310.8,1474,38.7,58,0,0,0,0,0,0
M18247,M,301.6,310.8,1290,65.3,63,0,0,0,0,0,0
M18248,M,301.7,310.9,1435,48.0,66,0,0,0,0,0,0
M18249,M,301.5,310.7,1416,53.2,69,0,0,0,0,0,0
H32804,H,301.5,310.7,1599,40.4,72,0,0,0,0,0,0
L50571,L,301.5,310.7,1466,47.3,77,0,0,0,0,0,0
L50572,L,301.5,310.7,1408,47.3,79,0,0,0,0,0,0
L50573,L,301.5,310.6,1490,48.1,81,0,0,0,0,0,0
L50574,L,301.5,310.6,1405,42.3,83,0,0,0,0,0,0
L50575,L,301.4,310.5,1647,33.3,85,0,0,0,0,0,0
M18256,M,301.4,310.6,1459,35.0,87,0,0,0,0,0,0
L50577,L,301.4,310.6,1648,30.7,90,0,0,0,0,0,0
L50578,L,301.4,310.7,1675,30.7,92,0,0,0,0,0,0
L50579,L,301.4,310.7,1605,34.2,94,0,0,0,0,0,0
H32814,H,301.4,310.7,1536,44.4,96,0,0,0,0,0,0
M18261,M,301.4,310.7,1617,34.3,101,0,0,0,0,0,0
L50582,L,301.4,310.6,1347,53.3,104,0,0,0,0,0,0
L50583,L,301.3,310.5,1337,52.7,106,0,0,0,0,0,0
L50584,L,301.3,310.4,1695,30.9,108,0,0,0,0,0,0
M18265,M,301.3,310.4,1635,32.5,110,0,0,0,0,0,0
L50586,L,301.2,310.4,1470,44.0,113,0,0,0,0,0,0
L50587,L,301.2,310.4,1381,49.8,115,0,0,0,0,0,0
M18268,M,301.2,310.4,1382,41.6,117,0,0,0,0,0,0
M18269,M,301.2,310.4,1697,30.0,120,0,0,0,0,0,0
L50590,L,301.2,310.3,1451,39.7,123,0,0,0,0,0,0
L50591,L,301.3,310.3,1419,55.7,125,0,0,0,0,0,0
L50592,L,301.3,310.3,1313,55.6,127,0,0,0,0,0,0
L50593,L,301.3,310.3,1560,36.3,129,0,0,0,0,0,0
L50594,L,301.3,310.3,1555,41.2,131,0,0,0,0,0,0
L50595,L,301.4,310.4,1579,36.9,133,0,0,0,0,0,0
L50596,L,301.5,310.5,1435,44.6,135,0,0,0,0,0,0
L50597,L,301.6,310.6,1621,33.7,137,0,0,0,0,0,0
H32832,H,301.6,310.6,1555,40.4,139,0,0,0,0,0,0
L50599,L,301.5,310.5,1611,33.8,144,0,0,0,0,0,0
L50600,L,301.6,310.6,1834,23.5,146,0,0,0,0,0,0
M18281,M,301.5,310.5,1612,29.8,148,0,0,0,0,0,0
L50602,L,301.5,310.4,1629,34.1,151,0,0,0,0,0,0
L50603,L,301.4,310.4,1496,35.2,153,0,0,0,0,0,0
L50604,L,301.5,310.5,1593,32.9,155,0,0,0,0,0,0
M18285,M,301.5,310.5,1623,33.5,157,0,0,0,0,0,0
L50606,L,301.5,310.5,1380,48.7,160,0,0,0,0,0,0
L50607,L,301.6,310.6,1562,34.4,162,0,0,0,0,0,0
L50608,L,301.6,310.6,1391,49.4,164,0,0,0,0,0,0
H32843,H,301.5,310.5,1551,34.3,166,0,0,0,0,0,0
H32844,H,301.6,310.6,1821,26.2,171,0,0,0,0,0,0
L50611,L,301.6,310.7,1429,43.6,176,0,0,0,0,0,0
M18292,M,301.6,310.7,2012,20.7,178,0,0,0,0,0,0
M18293,M,301.6,310.6,1924,23.6,181,0,0,0,0,0,0
M18294,M,301.5,310.5,1412,44.1,184,0,0,0,0,0,0
L50615,L,301.5,310.5,1389,54.9,187,0,0,0,0,0,0
L50616,L,301.5,310.5,1466,48.1,189,0,0,0,0,0,0
L50617,L,301.5,310.5,2297,15.8,191,0,0,0,0,0,0
L50618,L,301.4,310.4,1471,37.5,193,0,0,0,0,0,0
L50619,L,301.4,310.3,1492,41.4,195,0,0,0,0,0,0
L50620,L,301.3,310.3,1460,41.5,197,0,0,0,0,0,0
L50621,L,301.4,310.4,1559,39.4,199,0,0,0,0,0,0
M18302,M,301.4,310.5,1495,52.5,201,0,0,0,0,0,0
L50623,L,301.5,310.5,1535,39.0,204,0,0,0,0,0,0
L50624,L,301.5,310.6,1381,50.7,206,0,0,0,0,0,0
M18305,M,301.6,310.6,1599,36.1,208,0,0,0,0,0,0
H32860,H,301.6,310.6,1400,49.5,211,0,0,0,0,0,0
L50627,L,301.7,310.6,1624,34.5,216,0,0,0,0,0,0
L50628,L,301.6,310.6,1478,36.6,218,0,0,0,0,0,0
L50629,L,301.7,310.7,1605,33.3,220,0,0,0,0,0,0
L50630,L,301.6,310.6,1506,43.4,222,0,0,0,0,0,0
L50631,L,301.6,310.6,1455,43.9,0,0,0,0,0,0,0
H32866,H,301.6,310.5,1602,32.3,2,0,0,0,0,0,1
L50633,L,301.5,310.4,1425,54.4,7,0,0,0,0,0,0
L50634,L,301.5,310.4,1918,21.8,9,0,0,0,0,0,0
H32869,H,301.4,310.3,1611,41.5,11,0,0,0,0,0,0
H32870,H,301.4,310.4,1610,38.6,16,0,0,0,0,0,0
M18317,M,301.5,310.4,2639,12.0,21,1,0,0,1,0,0
L50638,L,301.5,310.4,1329,46.6,24,0,0,0,0,0,0
L50639,L,301.5,310.4,1270,54.2,26,0,0,0,0,0,0
L50640,L,301.5,310.3,1415,41.6,28,0,0,0,0,0,0
H32875,H,301.6,310.4,1330,49.5,30,0,0,0,0,0,0
H32876,H,301.6,310.5,1786,27.1,35,0,0,0,0,0,0
L50643,L,301.6,310.5,1809,25.5,40,0,0,0,0,0,0
L50644,L,301.7,310.6,1303,59.7,42,0,0,0,0,0,0
M18325,M,301.8,310.7,1383,45.7,44,0,0,0,0,0,0
L50646,L,301.7,310.6,1447,56.9,47,0,0,0,0,0,0
L50647,L,301.8,310.7,1461,44.2,49,0,0,0,0,0,0
L50648,L,301.8,310.7,2092,18.6,51,0,0,0,0,0,0
M18329,M,301.8,310.7,1429,47.9,53,0,0,0,0,0,0
L50650,L,301.8,310.8,1736,26.5,56,0,0,0,0,0,0
L50651,L,301.8,310.7,1441,49.3,58,0,0,0,0,0,0
L50652,L,301.8,310.7,1523,43.3,60,0,0,0,0,0,0
M18333,M,301.8,310.8,1691,33.4,62,0,0,0,0,0,0
M18334,M,301.9,310.8,1557,35.3,65,0,0,0,0,0,0
L50655,L,301.8,310.7,1644,33.4,68,0,0,0,0,0,0
L50656,L,301.8,310.6,1522,43.8,70,0,0,0,0,0,0
L50657,L,301.8,310.7,1547,41.7,72,0,0,0,0,0,0
L50658,L,301.8,310.7,1597,30.8,74,0,0,0,0,0,0
M18339,M,301.8,310.8,1619,31.0,76,0,0,0,0,0,0
L50660,L,301.9,310.8,1400,58.2,79,0,0,0,0,0,0
L50661,L,302.0,310.9,1663,31.5,81,0,0,0,0,0,0
L50662,L,301.9,310.8,1540,37.6,83,0,0,0,0,0,0
H32897,H,301.9,310.8,1455,42.7,85,0,0,0,0,0,0
L50664,L,301.9,310.8,1519,39.0,90,0,0,0,0,0,0
L50665,L,301.9,310.8,1427,47.7,92,0,0,0,0,0,0
L50666,L,301.9,310.8,1650,29.8,94,0,0,0,0,0,0
M18347,M,301.8,310.8,1508,38.8,96,0,0,0,0,0,0
L50668,L,301.9,310.9,1379,54.8,99,0,0,0,0,0,0
L50669,L,301.9,310.9,1542,36.7,101,0,0,0,0,0,0
M18350,M,301.9,310.9,1763,28.4,103,0,0,0,0,0,0
H32905,H,301.9,310.9,1590,34.3,106,0,0,0,0,0,0
H32906,H,301.9,311.0,1336,63.6,111,0,0,0,0,0,0
M18353,M,301.9,311.0,1638,35.4,116,0,0,0,0,0,0
L50674,L,301.9,311.0,1356,45.7,119,0,0,0,0,0,0
M18355,M,301.9,311.0,1384,47.4,121,0,0,0,0,0,0
L50676,L,301.9,310.9,1309,48.0,124,0,0,0,0,0,0
L50677,L,301.9,311.0,1642,33.1,126,0,0,0,0,0,0
L50678,L,301.9,311.0,1289,54.9,128,0,0,0,0,0,0
L50679,L,301.9,311.0,1353,43.8,130,0,0,0,0,0,0
H32914,H,301.9,311.0,1871,26.0,132,0,0,0,0,0,0
H32915,H,301.9,311.0,1291,63.6,137,0,0,0,0,0,0
M18362,M,301.8,310.9,1346,44.6,142,0,0,0,0,0,0
L50683,L,301.7,310.8,1493,47.6,145,0,0,0,0,0,0
M18364,M,301.7,310.8,1524,41.3,147,0,0,0,0,0,0
L50685,L,301.6,310.8,1726,26.7,150,0,0,0,0,0,0
H32920,H,301.6,310.8,1435,47.2,152,0,0,0,0,0,0
M18367,M,301.7,310.8,1502,34.4,157,0,0,0,0,0,0
L50688,L,301.7,310.9,1608,33.0,160,0,0,0,0,0,0
L50689,L,301.8,311.0,1771,27.2,162,0,0,0,0,0,0
L50690,L,301.7,311.0,1474,42.6,164,0,0,0,0,0,0
L50691,L,301.8,311.0,1322,53.0,166,0,0,0,0,0,0
M18372,M,301.8,311.0,1393,49.5,168,0,0,0,0,0,0
M18373,M,301.9,311.1,1417,52.5,171,0,0,0,0,0,0
H32928,H,301.9,311.0,1430,49.8,174,0,0,0,0,0,0
M18375,M,301.9,311.1,1605,40.0,179,0,0,0,0,0,0
L50696,L,302.0,311.1,1402,47.8,182,0,0,0,0,0,0
L50697,L,302.0,311.0,1550,35.2,184,0,0,0,0,0,0
L50698,L,301.9,311.0,1376,44.9,186,0,0,0,0,0,0
M18379,M,301.9,310.9,1569,32.5,188,0,0,0,0,0,0
L50700,L,301.9,311.0,1669,32.2,191,0,0,0,0,0,0
L50701,L,301.9,311.0,1541,38.9,193,0,0,0,0,0,0
L50702,L,301.8,311.0,1651,32.5,195,0,0,0,0,0,0
L50703,L,301.8,310.9,1521,39.3,197,0,0,0,0,0,0
M18384,M,301.8,310.8,1365,48.2,199,0,0,0,0,0,0
L50705,L,301.8,310.9,1609,31.7,202,0,0,0,0,0,0
H32940,H,301.8,310.8,1470,37.6,204,0,0,0,0,0,0
M18387,M,301.9,310.9,1573,38.9,209,0,0,0,0,0,0
L50708,L,302.0,310.9,1378,53.1,212,1,0,0,0,1,0
L50709,L,301.9,310.9,1567,39.0,214,1,1,0,0,0,0
M18390,M,301.9,310.9,1441,43.7,0,0,0,0,0,0,0
M18391,M,301.9,310.9,1641,33.2,3,0,0,0,0,0,0
L50712,L,301.9,310.9,1486,40.3,6,0,0,0,0,0,0
L50713,L,302.0,311.0,1563,36.2,8,0,0,0,0,0,0
M18394,M,302.0,311.1,1769,26.0,10,0,0,0,0,0,0
H32949,H,301.9,311.0,1672,29.9,13,0,0,0,0,0,0
L50716,L,302.0,311.0,1632,34.2,18,0,0,0,0,0,0
M18397,M,302.0,311.0,1980,21.5,20,0,0,0,0,0,0
L50718,L,302.0,311.1,1635,36.0,23,0,0,0,0,0,0
L50719,L,302.0,311.0,1686,32.5,25,0,0,0,0,0,0
L50720,L,301.9,310.9,1574,31.4,27,0,0,0,0,0,0
L50721,L,301.8,310.8,1546,43.4,29,0,0,0,0,0,0
L50722,L,301.8,310.9,1899,24.7,31,0,0,0,0,0,0
L50723,L,301.8,310.9,1449,36.5,33,0,0,0,0,0,0
M18404,M,301.9,310.9,1483,37.0,35,0,0,0,0,0,0
L50725,L,301.8,310.8,1576,38.6,38,0,0,0,0,0,0
M18406,M,301.9,310.9,1317,51.9,40,0,0,0,0,0,0
M18407,M,301.9,311.0,1467,48.1,43,0,0,0,0,0,0
L50728,L,301.9,310.9,1616,34.5,46,0,0,0,0,0,0
M18409,M,301.8,310.9,1299,60.4,48,0,0,0,0,0,0
M18410,M,301.9,311.0,1432,41.5,51,0,0,0,0,0,0
L50731,L,301.9,310.9,1799,24.2,54,0,0,0,0,0,0
M18412,M,301.8,310.9,1358,52.3,56,0,0,0,0,0,0
M18413,M,301.8,310.8,1618,37.8,59,0,0,0,0,0,0
L50734,L,301.9,310.8,1525,43.2,62,0,0,0,0,0,0
L50735,L,301.8,310.7,1551,37.7,64,0,0,0,0,0,0
L50736,L,301.9,310.8,1735,31.5,66,0,0,0,0,0,0
M18417,M,301.8,310.7,1309,43.3,68,0,0,0,0,0,0
L50738,L,301.7,310.6,1743,26.2,71,0,0,0,0,0,0
M18419,M,301.7,310.7,1659,29.9,73,0,0,0,0,0,0
L50740,L,301.8,310.7,1680,32.4,76,0,0,0,0,0,0
L50741,L,301.7,310.6,1486,38.5,78,0,0,0,0,0,0
L50742,L,301.7,310.6,1471,43.8,80,0,0,0,0,0,0
M18423,M,301.8,310.7,1465,35.8,82,0,0,0,0,0,0
M18424,M,301.7,310.6,1492,42.2,85,0,0,0,0,0,0
M18425,M,301.8,310.7,1420,52.0,88,0,0,0,0,0,0
L50746,L,301.8,310.6,1295,62.3,91,0,0,0,0,0,0
L50747,L,301.8,310.5,1548,34.1,93,0,0,0,0,0,0
L50748,L,301.8,310.6,1372,54.7,95,0,0,0,0,0,0
M18429,M,301.8,310.6,1552,35.9,97,0,0,0,0,0,0
H32984,H,301.8,310.6,1441,46.3,100,0,0,0,0,0,0
M18431,M,301.7,310.6,1691,27.7,105,0,0,0,0,0,0
L50752,L,301.8,310.6,1451,50.7,108,0,0,0,0,0,0
L50753,L,301.8,310.6,1452,48.4,110,0,0,0,0,0,0
L50754,L,301.7,310.6,1406,46.0,112,0,0,0,0,0,0
L50755,L,301.7,310.5,1567,39.1,114,0,0,0,0,0,0
L50756,L,301.6,310.4,1599,41.7,116,0,0,0,0,0,0
M18437,M,301.6,310.4,1455,39.0,118,0,0,0,0,0,0
M18438,M,301.7,310.5,1625,35.9,121,0,0,0,0,0,0
L50759,L,301.8,310.6,2672,11.8,124,1,0,0,1,0,0
L50760,L,301.8,310.6,1650,31.9,126,0,0,0,0,0,0
M18441,M,301.8,310.6,1459,40.2,128,0,0,0,0,0,0
L50762,L,301.8,310.6,1395,50.5,131,0,0,0,0,0,0
L50763,L,301.8,310.7,1751,29.3,133,0,0,0,0,0,0
L50764,L,301.8,310.6,1192,68.9,135,0,0,0,0,0,0
L50765,L,301.9,310.7,1947,25.0,137,0,0,0,0,0,0
L50766,L,301.8,310.5,1593,34.9,139,0,0,0,0,0,0
H33001,H,301.8,310.5,1478,38.6,141,0,0,0,0,0,0
M18448,M,301.7,310.6,1505,44.5,146,0,0,0,0,0,0
L50769,L,301.7,310.5,2465,13.7,149,0,0,0,0,0,0
L50770,L,301.8,310.6,1403,46.8,151,0,0,0,0,0,0
M18451,M,301.7,310.5,1458,41.4,153,0,0,0,0,0,0
H33006,H,301.6,310.4,1369,45.4,156,0,0,0,0,0,0
M18453,M,301.6,310.4,1377,44.9,161,0,0,0,0,0,0
M18454,M,301.6,310.4,1452,45.7,164,0,0,0,0,0,0
L50775,L,301.6,310.4,1517,41.1,167,0,0,0,0,0,0
L50776,L,301.7,310.5,1354,50.0,169,0,0,0,0,0,0
M18457,M,301.7,310.5,1724,33.0,171,0,0,0,0,0,0
L50778,L,301.7,310.5,1399,53.2,174,0,0,0,0,0,0
H33013,H,301.7,310.5,1388,50.5,176,0,0,0,0,0,0
L50780,L,301.7,310.5,1523,34.7,181,0,0,0,0,0,0
L50781,L,301.7,310.5,1377,43.1,183,0,0,0,0,0,0
M18462,M,301.7,310.6,1417,45.2,185,0,0,0,0,0,0
L50783,L,301.7,310.7,1542,40.0,188,0,0,0,0,0,0
L50784,L,301.8,310.8,1557,33.3,190,0,0,0,0,0,0
L50785,L,301.7,310.7,1641,31.9,192,0,0,0,0,0,0
L50786,L,301.7,310.7,1318,55.0,194,0,0,0,0,0,0
L50787,L,301.6,310.7,1638,33.8,196,0,0,0,0,0,0
M18468,M,301.7,310.8,1954,21.6,198,0,0,0,0,0,0
M18469,M,301.7,310.9,1644,32.5,201,0,0,0,0,0,0
M18470,M,301.7,310.8,1594,32.4,204,0,0,0,0,0,0
L50791,L,301.7,310.9,1405,46.4,207,1,1,0,0,0,1
L50792,L,301.7,310.8,1622,37.8,0,0,0,0,0,0,0
L50793,L,301.7,310.9,1557,39.4,2,0,0,0,0,0,0
L50794,L,301.8,311.0,1606,33.3,4,0,0,0,0,0,0
M18475,M,301.8,311.1,1647,31.6,6,0,0,0,0,0,0
M18476,M,301.8,311.1,1413,42.2,9,0,0,0,0,0,0
L50797,L,301.8,311.0,1529,41.6,12,0,0,0,0,0,0
L50798,L,301.9,311.1,1448,46.3,14,0,0,0,0,0,0
L50799,L,301.9,311.2,1435,44.2,16,0,0,0,0,0,0
H33034,H,301.9,311.2,1474,41.8,18,0,0,0,0,0,0
L50801,L,301.9,311.2,1657,29.1,23,0,0,0,0,0,0
L50802,L,302.0,311.3,1509,39.9,25,0,0,0,0,0,0
M18483,M,302.0,311.3,1530,36.4,27,0,0,0,0,0,0
M18484,M,302.0,311.4,1587,35.9,30,0,0,0,0,0,0
M18485,M,302.1,311.4,1467,43.4,33,0,0,0,0,0,0
M18486,M,302.2,311.5,1360,53.0,36,0,0,0,0,0,0
L50807,L,302.2,311.5,1588,30.6,39,0,0,0,0,0,0
L50808,L,302.2,311.4,1609,32.1,41,0,0,0,0,0,0
L50809,L,302.1,311.3,1415,44.1,43,0,0,0,0,0,0
L50810,L,302.0,311.2,1845,27.3,45,0,0,0,0,0,0
M18491,M,302.1,311.4,1419,36.2,47,0,0,0,0,0,0
L50812,L,302.1,311.3,1634,30.6,50,0,0,0,0,0,0
M18493,M,302.2,311.3,1521,40.6,52,0,0,0,0,0,0
L50814,L,302.2,311.4,1499,37.7,55,0,0,0,0,0,0
M18495,M,302.1,311.2,1616,35.1,57,0,0,0,0,0,0
L50816,L,302.2,311.4,1449,46.5,60,0,0,0,0,0,0
M18497,M,302.2,311.4,1626,31.6,62,0,0,0,0,0,0
M18498,M,302.3,311.5,1445,44.8,65,0,0,0,0,0,0
L50819,L,302.4,311.6,1622,35.0,68,0,0,0,0,0,0
H33054,H,302.4,311.6,1544,39.1,70,0,0,0,0,0,0
L50821,L,302.3,311.6,1488,41.8,75,0,0,0,0,0,0
L50822,L,302.3,311.6,1309,57.6,77,0,0,0,0,0,0
L50823,L,302.3,311.6,1784,26.4,79,0,0,0,0,0,0
L50824,L,302.2,311.5,1548,32.4,81,0,0,0,0,0,0
L50825,L,302.2,311.5,1413,43.5,83,0,0,0,0,0,0
M18506,M,302.2,311.5,1863,25.7,85,0,0,0,0,0,0
L50827,L,302.2,311.5,1427,43.8,88,0,0,0,0,0,0
M18508,M,302.2,311.5,1443,47.0,90,0,0,0,0,0,0
L50829,L,302.2,311.5,1481,40.4,93,0,0,0,0,0,0
L50830,L,302.1,311.4,1446,39.7,95,0,0,0,0,0,0
L50831,L,302.1,311.5,1444,44.9,97,0,0,0,0,0,0
M18512,M,302.1,311.5,1341,50.8,99,0,0,0,0,0,0
L50833,L,302.1,311.4,1518,37.4,102,0,0,0,0,0,0
L50834,L,302.1,311.4,1603,35.9,104,0,0,0,0,0,0
L50835,L,302.1,311.4,1686,30.9,106,0,0,0,0,0,0
M18516,M,302.1,311.5,1383,53.6,108,0,0,0,0,0,0
L50837,L,302.1,311.5,1477,45.4,111,0,0,0,0,0,0
M18518,M,302.2,311.5,1449,44.5,113,0,0,0,0,0,0
M18519,M,302.2,311.5,1734,25.0,116,0,0,0,0,0,0
L50840,L,302.3,311.6,1398,49.1,119,0,0,0,0,0,0
M18521,M,302.3,311.7,1639,36.6,121,0,0,0,0,0,0
M18522,M,302.3,311.7,1517,37.6,124,0,0,0,0,0,0
M18523,M,302.3,311.7,1442,41.7,127,0,0,0,0,0,0
M18524,M,302.3,311.7,1685,30.8,130,0,0,0,0,0,0
M18525,M,302.4,311.8,1358,50.6,133,0,0,0,0,0,0
M18526,M,302.3,311.6,1608,39.9,136,0,0,0,0,0,0
L50847,L,302.3,311.6,1665,34.3,139,0,0,0,0,0,0
L50848,L,302.3,311.7,1510,38.7,141,0,0,0,0,0,0
L50849,L,302.4,311.8,1465,40.2,143,0,0,0,0,0,0
L50850,L,302.3,311.7,1701,27.5,145,0,0,0,0,0,0
M18531,M,302.3,311.7,1486,39.6,147,0,0,0,0,0,0
L50852,L,302.3,311.6,1658,32.3,150,0,0,0,0,0,0
H33087,H,302.3,311.7,1449,44.5,152,0,0,0,0,0,0
L50854,L,302.2,311.5,1346,52.4,157,0,0,0,0,0,0
M18535,M,302.1,311.5,1866,23.1,159,0,0,0,0,0,0
M18536,M,302.2,311.5,1562,38.0,162,0,0,0,0,0,0
M18537,M,302.3,311.7,1368,53.6,165,0,0,0,0,0,0
L50858,L,302.2,311.5,1567,33.1,168,0,0,0,0,0,0
L50859,L,302.2,311.5,1725,34.0,170,0,0,0,0,0,0
L50860,L,302.2,311.5,1744,31.2,172,0,0,0,0,0,0
M18541,M,302.1,311.3,1453,45.1,174,0,0,0,0,0,0
L50862,L,302.1,311.2,1550,34.8,177,0,0,0,0,0,0
M18543,M,302.0,311.2,1558,39.1,179,0,0,0,0,0,0
L50864,L,302.0,311.2,1270,65.3,182,1,0,0,0,1,0
M18545,M,301.9,311.1,1380,51.6,184,0,0,0,0,0,0
L50866,L,302.0,311.1,1406,50.5,187,0,0,0,0,0,0
M18547,M,302.0,311.2,1625,30.7,189,0,0,0,0,0,0
L50868,L,302.0,311.2,1420,45.8,192,0,0,0,0,0,0
L50869,L,302.1,311.4,1889,22.7,194,0,0,0,0,0,0
L50870,L,302.1,311.3,1477,43.6,196,0,0,0,0,0,0
L50871,L,302.1,311.2,1460,46.9,198,0,0,0,0,0,0
L50872,L,302.1,311.3,1758,24.4,200,0,0,0,0,0,0
L50873,L,302.1,311.3,1521,31.5,202,0,0,0,0,0,0
M18554,M,302.1,311.3,1511,45.0,204,0,0,0,0,0,0
L50875,L,302.2,311.3,1530,37.3,207,1,1,0,0,0,0
L50876,L,302.1,311.2,1454,46.8,0,0,0,0,0,0,0
L50877,L,302.2,311.2,1928,23.1,2,0,0,0,0,0,0
H33112,H,302.2,311.3,1758,26.4,4,0,0,0,0,0,0
L50879,L,302.2,311.2,1649,33.2,9,0,0,0,0,0,0
L50880,L,302.1,311.2,1447,50.3,11,0,0,0,0,0,0
L50881,L,302.1,311.2,1417,48.0,13,0,0,0,0,0,0
L50882,L,302.0,311.2,1434,44.9,15,0,0,0,0,0,0
M18563,M,302.0,311.2,1418,49.5,17,0,0,0,0,0,0
M18564,M,302.0,311.2,1400,49.5,20,0,0,0,0,0,0
M18565,M,302.0,311.3,1725,27.7,23,0,0,0,0,0,0
L50886,L,302.0,311.3,1567,41.1,26,0,0,0,0,0,0
M18567,M,302.1,311.3,1497,38.4,28,0,0,0,0,0,0
L50888,L,302.1,311.4,1549,44.6,31,0,0,0,0,0,0
L50889,L,302.2,311.4,1754,26.9,33,0,0,0,0,0,0
L50890,L,302.2,311.5,1489,38.3,35,0,0,0,0,0,0
L50891,L,302.2,311.5,1543,38.5,37,0,0,0,0,0,0
L50892,L,302.3,311.5,1543,33.1,39,0,0,0,0,0,0
L50893,L,302.3,311.5,1565,35.6,41,0,0,0,0,0,0
M18574,M,302.3,311.4,1855,23.9,43,0,0,0,0,0,0
M18575,M,302.4,311.4,1475,45.2,46,0,0,0,0,0,0
L50896,L,302.3,311.4,1609,32.3,49,0,0,0,0,0,0
H33131,H,302.3,311.4,1443,44.1,51,0,0,0,0,0,0
L50898,L,302.4,311.4,1450,44.1,56,0,0,0,0,0,0
L50899,L,302.4,311.5,1590,39.9,58,0,0,0,0,0,0
M18580,M,302.4,311.4,1508,41.2,60,0,0,0,0,0,0
M18581,M,302.2,311.2,1544,43.6,63,0,0,0,0,0,0
L50902,L,302.2,311.2,1451,41.8,66,0,0,0,0,0,0
L50903,L,302.3,311.2,1758,24.4,68,0,0,0,0,0,0
M18584,M,302.3,311.2,1507,47.7,70,0,0,0,0,0,0
H33139,H,302.3,311.1,1543,37.5,73,0,0,0,0,0,0
M18586,M,302.3,311.2,1505,36.7,78,0,0,0,0,0,0
L50907,L,302.3,311.2,1786,24.3,81,0,0,0,0,0,0
L50908,L,302.3,311.3,1457,44.5,83,0,0,0,0,0,0
M18589,M,302.4,311.3,1312,61.5,85,0,0,0,0,0,0
M18590,M,302.3,311.2,1405,47.7,88,0,0,0,0,0,0
M18591,M,302.2,311.2,1377,43.0,91,0,0,0,0,0,0
M18592,M,302.2,311.2,1347,49.8,94,0,0,0,0,0,0
L50913,L,302.2,311.1,1470,39.6,97,0,0,0,0,0,0
M18594,M,302.2,311.2,1873,24.0,99,0,0,0,0,0,0
M18595,M,302.2,311.1,1434,58.6,102,0,0,0,0,0,0
H33150,H,302.2,311.1,1628,30.6,105,0,0,0,0,0,0
L50917,L,302.2,311.1,1351,48.6,110,0,0,0,0,0,0
M18598,M,302.3,311.2,1454,43.8,112,0,0,0,0,0,0
M18599,M,302.2,311.2,1663,29.6,115,0,0,0,0,0,0
L50920,L,302.3,311.2,1401,49.7,118,0,0,0,0,0,0
L50921,L,302.4,311.3,1503,38.2,120,0,0,0,0,0,0
L50922,L,302.4,311.4,1564,35.0,122,0,0,0,0,0,0
L50923,L,302.5,311.4,1759,24.6,124,0,0,0,0,0,0
L50924,L,302.5,311.4,1409,53.1,126,0,0,0,0,0,0
L50925,L,302.6,311.4,1738,25.8,128,0,0,0,0,0,0
H33160,H,302.5,311.3,1393,47.5,130,0,0,0,0,0,0
L50927,L,302.5,311.1,1499,38.8,135,0,0,0,0,0,0
L50928,L,302.5,311.1,1493,39.0,137,0,0,0,0,0,0
L50929,L,302.4,311.1,1652,33.9,139,0,0,0,0,0,0
L50930,L,302.3,311.1,1589,29.9,141,0,0,0,0,0,0
L50931,L,302.4,311.1,1520,42.2,143,0,0,0,0,0,0
H33166,H,302.3,311.1,1455,40.3,145,0,0,0,0,0,0
L50933,L,302.2,311.0,1463,46.8,150,0,0,0,0,0,0
L50934,L,302.3,311.0,1442,43.7,152,0,0,0,0,0,0
L50935,L,302.3,311.0,1329,51.5,154,0,0,0,0,0,0
L50936,L,302.3,311.1,1546,33.1,156,0,0,0,0,0,0
M18617,M,302.2,311.1,1516,33.7,158,0,0,0,0,0,0
M18618,M,302.2,311.0,1476,47.4,161,0,0,0,0,0,0
L50939,L,302.3,311.0,1412,47.0,164,0,0,0,0,0,0
L50940,L,302.3,310.9,1377,46.8,166,1,0,1,0,0,0
M18621,M,302.4,311.0,1490,37.1,168,0,0,0,0,0,0
M18622,M,302.3,311.0,1526,37.7,171,0,0,0,0,0,0
L50943,L,302.3,311.0,1428,47.9,174,0,0,0,0,0,0
L50944,L,302.4,311.0,1329,54.6,176,0,0,0,0,0,0
M18625,M,302.4,311.1,1443,51.8,178,0,0,0,0,0,0
L50946,L,302.3,311.1,1373,53.0,181,0,0,0,0,0,0
L50947,L,302.3,311.1,1630,35.6,183,0,0,0,0,0,0
L50948,L,302.2,311.0,1555,34.2,185,0,0,0,0,0,0
M18629,M,302.2,311.0,1436,47.0,187,0,0,0,0,0,0
L50950,L,302.3,311.0,1609,31.0,190,0,0,0,0,0,0
M18631,M,302.3,311.0,1384,49.7,192,0,0,0,0,0,0
L50952,L,302.4,311.1,1448,44.8,195,0,0,0,0,0,0
M18633,M,302.4,311.1,1887,22.4,197,0,0,0,0,0,0
M18634,M,302.4,311.1,1480,45.7,200,0,0,0,0,0,0
H33189,H,302.5,311.1,1850,23.3,203,0,0,0,0,0,0
L50956,L,302.5,311.1,1538,36.8,208,0,0,0,0,0,0
M18637,M,302.4,311.1,1721,30.1,210,0,0,0,0,0,0
M18638,M,302.4,311.1,1366,54.4,0,0,0,0,0,0,0
L50959,L,302.3,311.0,1657,31.1,3,0,0,0,0,0,0
L50960,L,302.4,311.1,1446,42.9,5,0,0,0,0,0,0
L50961,L,302.3,310.8,1465,43.8,7,0,0,0,0,0,0
L50962,L,302.2,310.8,1827,23.8,9,0,0,0,0,0,0
H33197,H,302.2,310.8,1397,47.6,11,0,0,0,0,0,0
L50964,L,302.2,310.8,1744,29.7,16,0,0,0,0,0,0
L50965,L,302.3,310.9,1545,36.7,18,0,0,0,0,0,0
L50966,L,302.3,310.9,1587,36.6,20,0,0,0,0,0,0
L50967,L,302.3,310.8,1377,47.3,22,1,0,1,0,0,0
L50968,L,302.3,310.8,1511,48.1,24,0,0,0,0,0,0
L50969,L,302.3,310.8,1650,32.4,26,0,0,0,0,0,0
L50970,L,302.3,310.9,1412,48.9,28,0,0,0,0,0,0
L50971,L,302.3,311.0,1528,43.1,30,0,0,0,0,0,0
L50972,L,302.3,310.9,1459,35.0,32,0,0,0,0,0,0
L50973,L,302.3,310.9,1379,49.3,34,1,0,1,0,0,0
M18654,M,302.2,310.8,1356,48.3,36,0,0,0,0,0,0
M18655,M,302.1,310.8,1409,41.3,39,0,0,0,0,0,0
M18656,M,302.1,310.8,1504,37.5,42,0,0,0,0,0,0
L50977,L,302.1,310.8,1622,36.8,45,0,0,0,0,0,0
L50978,L,302.1,310.8,1786,25.7,47,0,0,0,0,0,0
L50979,L,302.2,310.9,1506,34.0,49,0,0,0,0,0,0
M18660,M,302.1,310.9,1916,23.1,51,0,0,0,0,0,0
M18661,M,302.2,310.9,1771,27.6,54,0,0,0,0,0,0
M18662,M,302.2,310.9,1488,44.2,57,0,0,0,0,0,0
L50983,L,302.2,310.9,1531,37.5,60,0,0,0,0,0,0
L50984,L,302.3,310.9,1529,33.4,62,0,0,0,0,0,0
M18665,M,302.4,311.0,1580,36.5,64,0,0,0,0,0,0
M18666,M,302.3,310.9,1360,44.0,67,1,0,1,0,0,0
M18667,M,302.3,311.0,1546,35.5,70,0,0,0,0,0,0
M18668,M,302.3,310.9,1762,24.5,73,0,0,0,0,0,0
L50989,L,302.2,310.8,1350,56.6,76,0,0,0,0,0,0
M18670,M,302.2,310.8,1562,38.1,78,0,0,0,0,0,0
M18671,M,302.1,310.7,1608,30.3,81,0,0,0,0,0,0
L50992,L,302.0,310.6,1392,50.0,84,0,0,0,0,0,0
L50993,L,302.0,310.6,1467,44.9,86,0,0,0,0,0,0
M18674,M,302.1,310.6,1326,59.1,88,1,0,1,0,0,0
L50995,L,302.2,310.7,1769,24.9,91,0,0,0,0,0,0
L50996,L,302.1,310.6,1459,47.6,93,0,0,0,0,0,0
M18677,M,302.1,310.6,1421,52.0,95,0,0,0,0,0,0
L50998,L,302.1,310.7,1491,42.8,98,0,0,0,0,0,0
L50999,L,302.2,310.7,1567,36.4,100,0,0,0,0,0,0
L51000,L,302.3,310.8,1421,41.4,102,0,0,0,0,0,0
L51001,L,302.3,310.9,1596,33.5,104,0,0,0,0,0,0
M18682,M,302.4,311.0,1464,44.2,106,0,0,0,0,0,0
M18683,M,302.3,310.9,1581,36.1,109,0,0,0,0,0,0
L51004,L,302.3,310.9,1620,30.3,112,0,0,0,0,0,0
H33239,H,302.2,310.7,1413,48.9,114,0,0,0,0,0,0
H33240,H,302.3,310.8,1438,43.8,119,0,0,0,0,0,0
M18687,M,302.4,310.9,1469,41.6,124,0,0,0,0,0,0
M18688,M,302.3,310.8,1762,27.8,127,0,0,0,0,0,0
H33243,H,302.3,310.9,1366,48.4,130,1,0,1,0,0,0
L51010,L,302.3,310.9,1891,22.7,135,0,0,0,0,0,0
M18691,M,302.3,310.9,1742,29.7,137,0,0,0,0,0,0
M18692,M,302.2,310.9,1465,43.5,140,0,0,0,0,0,0
M18693,M,302.3,311.0,1541,36.6,143,0,0,0,0,0,0
M18694,M,302.3,311.1,1295,57.1,146,0,0,0,0,0,0
M18695,M,302.3,311.1,1435,43.1,149,0,0,0,0,0,0
L51016,L,302.4,311.2,1466,43.9,152,0,0,0,0,0,0
L51017,L,302.4,311.2,1450,47.9,154,0,0,0,0,0,0
L51018,L,302.4,311.1,1880,24.5,156,0,0,0,0,0,0
M18699,M,302.3,311.0,1578,33.5,158,0,0,0,0,0,0
L51020,L,302.4,311.0,1610,33.1,161,0,0,0,0,0,0
L51021,L,302.4,311.1,1565,42.8,163,0,0,0,0,0,0
L51022,L,302.5,311.2,1545,40.1,165,0,0,0,0,0,0
L51023,L,302.5,311.2,1227,60.1,167,0,0,0,0,0,0
L51024,L,302.4,311.1,1484,45.9,169,0,0,0,0,0,0
L51025,L,302.3,311.0,1591,32.7,171,0,0,0,0,0,0
L51026,L,302.3,310.9,1403,47.2,173,0,0,0,0,0,0
M18707,M,302.3,311.0,1450,45.7,175,0,0,0,0,0,0
L51028,L,302.3,310.9,1720,28.1,178,0,0,0,0,0,0
L51029,L,302.3,311.0,1561,37.2,180,0,0,0,0,0,0
M18710,M,302.3,311.0,1421,41.3,182,0,0,0,0,0,0
H33265,H,302.2,310.9,1415,48.4,185,0,0,0,0,0,0
L51032,L,302.3,310.9,2034,19.7,190,0,0,0,0,0,0
L51033,L,302.4,311.0,1486,40.4,192,0,0,0,0,0,0
L51034,L,302.4,311.0,1338,67.6,194,1,0,0,1,1,0
H33269,H,302.4,311.1,1578,32.3,196,0,0,0,0,0,0
M18716,M,302.4,311.2,1330,58.6,201,0,0,0,0,0,0
H33271,H,302.4,311.2,1506,40.8,204,0,0,0,0,0,0
L51038,L,302.5,311.4,1559,37.6,209,0,0,0,0,0,0
L51039,L,302.6,311.5,1599,37.0,211,0,0,0,0,0,0
L51040,L,302.6,311.5,1427,38.9,213,0,0,0,0,0,0
M18721,M,302.5,311.5,1481,41.1,215,0,0,0,0,0,0
H33276,H,302.5,311.5,1496,43.8,218,0,0,0,0,0,0
L51043,L,302.5,311.4,1674,27.0,223,0,0,0,0,0,0
M18724,M,302.5,311.4,1629,31.7,225,0,0,0,0,0,0
H33279,H,302.6,311.5,1629,34.4,228,1,1,0,0,0,0
L51046,L,302.6,311.6,1311,53.2,0,0,0,0,0,0,0
M18727,M,302.7,311.6,2709,9.7,2,1,0,0,1,0,0
M18728,M,302.7,311.7,1759,29.9,5,0,0,0,0,0,0
L51049,L,302.7,311.7,1480,45.2,8,0,0,0,0,0,0
L51050,L,302.7,311.8,1461,46.1,10,0,0,0,0,0,0
M18731,M,302.7,311.8,1728,30.0,12,0,0,0,0,0,0
L51052,L,302.7,311.9,1389,46.5,15,0,0,0,0,0,0
L51053,L,302.6,311.8,1638,35.1,17,0,0,0,0,0,0
L51054,L,302.6,311.7,1254,54.1,19,0,0,0,0,0,0
L51055,L,302.6,311.8,1427,50.1,21,0,0,0,0,0,0
L51056,L,302.6,311.8,1627,31.8,23,0,0,0,0,0,0
H33291,H,302.6,311.7,1471,48.3,25,0,0,0,0,0,0
L51058,L,302.6,311.7,1773,27.1,30,0,0,0,0,0,0
M18739,M,302.6,311.7,1430,51.7,32,0,0,0,0,0,0
L51060,L,302.5,311.6,1595,29.5,35,0,0,0,0,0,0
L51061,L,302.5,311.5,1521,44.1,37,0,0,0,0,0,0
L51062,L,302.5,311.6,1419,43.7,39,0,0,0,0,0,0
M18743,M,302.4,311.4,1534,40.1,41,0,0,0,0,0,0
H33298,H,302.5,311.5,1626,36.0,44,0,0,0,0,0,0
L51065,L,302.5,311.5,1677,29.2,49,0,0,0,0,0,0
L51066,L,302.4,311.3,1392,50.5,51,0,0,0,0,0,0
L51067,L,302.4,311.2,1448,50.5,53,0,0,0,0,0,0
L51068,L,302.3,311.2,1903,22.9,55,0,0,0,0,0,0
L51069,L,302.4,311.2,1404,52.0,57,0,0,0,0,0,0
L51070,L,302.3,311.2,1386,53.5,59,0,0,0,0,0,0
L51071,L,302.2,311.1,1418,47.0,61,0,0,0,0,0,0
M18752,M,302.3,311.1,1338,53.3,63,0,0,0,0,0,0
L51073,L,302.3,311.2,1549,40.6,66,0,0,0,0,0,0
M18754,M,302.3,311.2,1432,42.7,68,0,0,0,0,0,0
M18755,M,302.3,311.2,1546,40.0,71,0,0,0,0,0,0
M18756,M,302.2,311.2,1627,33.2,74,0,0,0,0,0,0
M18757,M,302.2,311.1,1640,32.8,77,0,0,0,0,0,0
M18758,M,302.1,311.1,1423,36.8,80,0,0,0,0,0,0
M18759,M,302.1,311.0,1711,28.7,83,0,0,0,0,0,0
M18760,M,302.1,311.1,1450,51.6,86,0,0,0,0,0,0
H33315,H,302.2,311.1,1553,34.1,89,0,0,0,0,0,0
L51082,L,302.2,311.1,1630,34.6,94,0,0,0,0,0,0
H33317,H,302.2,311.1,1476,39.6,96,0,0,0,0,0,0
H33318,H,302.2,311.1,1426,50.6,101,0,0,0,0,0,0
M18765,M,302.2,311.2,1561,34.9,106,0,0,0,0,0,0
L51086,L,302.3,311.2,1297,62.5,109,0,0,0,0,0,0
M18767,M,302.3,311.2,1842,23.9,111,0,0,0,0,0,0
L51088,L,302.3,311.2,1633,36.4,114,0,0,0,0,0,0
H33323,H,302.3,311.3,1744,30.3,116,0,0,0,0,0,0
L51090,L,302.4,311.4,1831,26.9,121,0,0,0,0,0,0
M18771,M,302.3,311.3,1339,50.8,123,0,0,0,0,0,0
L51092,L,302.4,311.4,1475,40.4,126,0,0,0,0,0,0
M18773,M,302.4,311.4,1675,29.6,128,0,0,0,0,0,0
L51094,L,302.5,311.5,1493,35.1,131,0,0,0,0,0,0
L51095,L,302.5,311.5,1700,29.5,133,0,0,0,0,0,0
L51096,L,302.6,311.6,1453,37.0,135,0,0,0,0,0,0
L51097,L,302.6,311.7,1542,34.1,137,0,0,0,0,0,0
M18778,M,302.5,311.5,1358,52.7,139,0,0,0,0,0,0
H33333,H,302.5,311.5,1655,32.3,142,0,0,0,0,0,0
L51100,L,302.6,311.5,1885,27.5,147,0,0,0,0,0,0
L51101,L,302.7,311.5,1494,41.4,149,0,0,0,0,0,0
M18782,M,302.6,311.4,1757,29.5,151,0,0,0,0,0,0
M18783,M,302.6,311.4,1718,31.2,154,0,0,0,0,0,0
M18784,M,302.5,311.4,1636,35.0,157,0,0,0,0,0,0
L51105,L,302.6,311.6,1638,29.6,160,0,0,0,0,0,0
L51106,L,302.6,311.5,1609,36.0,162,0,0,0,0,0,0
H33341,H,302.7,311.5,1556,35.0,164,0,0,0,0,0,0
L51108,L,302.6,311.5,1442,59.8,169,1,0,0,1,0,0
M18789,M,302.7,311.6,1501,38.8,171,0,0,0,0,0,0
M18790,M,302.6,311.6,2041,19.2,174,0,0,0,0,0,0
M18791,M,302.7,311.7,1784,25.1,177,0,0,0,0,0,0
L51112,L,302.6,311.6,1953,22.4,180,0,0,0,0,0,0
L51113,L,302.6,311.6,1576,34.7,182,0,0,0,0,0,0
M18794,M,302.6,311.6,1518,39.0,184,0,0,0,0,0,0
M18795,M,302.6,311.6,1227,68.2,187,1,0,0,0,1,0
L51116,L,302.5,311.5,1985,18.8,190,0,0,0,0,0,0
L51117,L,302.5,311.5,1802,26.4,192,0,0,0,0,0,0
L51118,L,302.5,311.5,1603,32.4,194,0,0,0,0,0,0
L51119,L,302.5,311.6,1400,54.0,196,0,0,0,0,0,0
L51120,L,302.3,311.5,1395,54.2,198,0,0,0,0,0,0
L51121,L,302.2,311.4,1987,19.9,200,0,0,0,0,0,0
M18802,M,302.2,311.4,1398,47.2,202,0,0,0,0,0,0
L51123,L,302.3,311.4,1333,66.7,205,1,0,0,1,1,0
L51124,L,302.2,311.2,1381,49.4,207,0,0,0,0,0,0
L51125,L,302.2,311.3,1570,36.1,0,0,0,0,0,0,0
M18806,M,302.2,311.3,1658,31.0,2,0,0,0,0,0,0
H33361,H,302.2,311.3,1749,29.2,5,0,0,0,0,0,0
M18808,M,302.2,311.3,1510,37.1,10,0,0,0,0,0,0
L51129,L,302.3,311.5,1384,50.8,13,0,0,0,0,0,0
L51130,L,302.3,311.4,1570,37.2,15,0,0,0,0,0,0
M18811,M,302.3,311.4,1571,32.7,17,0,0,0,0,0,0
L51132,L,302.3,311.4,1476,37.3,20,0,0,0,0,0,0
M18813,M,302.3,311.4,1484,39.5,22,0,0,0,0,0,0
M18814,M,302.3,311.4,1909,23.2,25,0,0,0,0,0,0
L51135,L,302.3,311.5,1448,49.6,28,0,0,0,0,0,0
M18816,M,302.3,311.4,1500,40.2,30,0,0,0,0,0,0
L51137,L,302.2,311.4,1510,44.9,33,0,0,0,0,0,0
L51138,L,302.2,311.3,1378,55.5,35,0,0,0,0,0,0
M18819,M,302.2,311.4,1538,37.4,37,0,0,0,0,0,0
L51140,L,302.2,311.4,1390,48.1,40,0,0,0,0,0,0
M18821,M,302.2,311.4,1642,32.1,42,0,0,0,0,0,0
L51142,L,302.4,311.5,1785,24.8,45,0,0,0,0,0,0
H33377,H,302.3,311.5,1526,38.2,47,0,0,0,0,0,0
M18824,M,302.3,311.6,1668,33.2,52,0,0,0,0,0,0
L51145,L,302.3,311.5,1507,37.5,55,0,0,0,0,0,0
L51146,L,302.3,311.5,1530,37.8,57,0,0,0,0,0,0
M18827,M,302.3,311.4,1479,45.6,59,0,0,0,0,0,0
M18828,M,302.3,311.4,1418,41.3,62,0,0,0,0,0,0
L51149,L,302.3,311.4,1504,38.7,65,0,0,0,0,0,0
M18830,M,302.3,311.4,1345,47.6,67,0,0,0,0,0,0
H33385,H,302.2,311.4,1625,35.4,70,0,0,0,0,0,0
L51152,L,302.3,311.4,1511,34.7,75,0,0,0,0,0,0
L51153,L,302.3,311.4,1535,41.8,77,0,0,0,0,0,0
L51154,L,302.4,311.5,1505,37.9,79,0,0,0,0,0,0
H33389,H,302.4,311.5,1540,43.7,81,0,0,0,0,0,0
H33390,H,302.3,311.4,1372,46.0,86,0,0,0,0,0,0
M18837,M,302.2,311.3,1510,36.6,91,0,0,0,0,0,0
L51158,L,302.2,311.3,1382,46.4,94,0,0,0,0,0,0
L51159,L,302.3,311.3,1439,41.8,96,0,0,0,0,0,0
M18840,M,302.2,311.3,1375,47.0,98,0,0,0,0,0,0
M18841,M,302.2,311.3,1931,21.9,101,0,0,0,0,0,0
L51162,L,302.2,311.3,1475,48.6,104,0,0,0,0,0,0
L51163,L,302.2,311.3,1389,46.9,106,0,0,0,0,0,0
L51164,L,302.3,311.3,1652,32.8,108,0,0,0,0,0,0
L51165,L,302.3,311.2,1386,50.3,110,0,0,0,0,0,0
M18846,M,302.2,311.3,1577,29.8,112,0,0,0,0,0,0
M18847,M,302.3,311.3,1444,43.1,115,0,0,0,0,0,0
L51168,L,302.2,311.3,1554,40.2,118,0,0,0,0,0,0
L51169,L,302.2,311.3,1602,32.8,120,0,0,0,0,0,0
H33404,H,302.2,311.2,1692,28.2,122,0,0,0,0,0,0
L51171,L,302.3,311.3,1682,34.4,127,0,0,0,0,0,0
L51172,L,302.3,311.3,1614,34.1,129,0,0,0,0,0,0
L51173,L,302.3,311.3,1324,47.8,131,0,0,0,0,0,0
L51174,L,302.3,311.4,1434,40.3,133,0,0,0,0,0,0
L51175,L,302.3,311.3,1621,31.6,135,0,0,0,0,0,0
M18856,M,302.3,311.3,1625,33.1,137,0,0,0,0,0,0
L51177,L,302.2,311.1,1394,53.7,140,0,0,0,0,0,0
L51178,L,302.1,311.0,1586,35.1,142,0,0,0,0,0,0
L51179,L,302.0,311.0,1420,45.9,144,0,0,0,0,0,0
L51180,L,302.1,311.2,1422,50.3,146,0,0,0,0,0,0
H33415,H,302.1,311.2,1598,37.9,148,0,0,0,0,0,0
L51182,L,302.1,311.2,1454,59.2,153,1,0,0,1,0,0
L51183,L,302.1,311.2,1519,39.3,155,0,0,0,0,0,0
L51184,L,302.0,311.1,1373,55.7,157,0,0,0,0,0,0
M18865,M,302.0,311.1,1406,48.8,159,0,0,0,0,0,0
L51186,L,302.1,311.2,1492,45.0,162,0,0,0,0,0,0
L51187,L,302.1,311.2,1369,50.8,164,0,0,0,0,0,0
M18868,M,302.2,311.2,1471,41.9,166,0,0,0,0,0,0
L51189,L,302.2,311.2,1630,36.0,169,0,0,0,0,0,0
M18870,M,302.1,311.1,1605,37.6,171,0,0,0,0,0,0
L51191,L,302.2,311.1,1447,52.1,174,0,0,0,0,0,0
M18872,M,302.2,311.2,1360,52.8,176,0,0,0,0,0,0
M18873,M,302.2,311.1,1728,34.0,179,0,0,0,0,0,0
L51194,L,302.1,311.0,1740,30.8,182,0,0,0,0,0,0
L51195,L,302.1,310.9,1477,41.4,184,0,0,0,0,0,0
L51196,L,302.1,310.9,1658,30.3,186,0,0,0,0,0,0
L51197,L,302.0,310.8,1902,23.4,188,0,0,0,0,0,0
M18878,M,302.0,310.8,1783,23.1,190,0,0,0,0,0,0
M18879,M,302.0,310.9,1558,45.3,193,0,0,0,0,0,0
L51200,L,302.1,311.0,1351,49.5,196,0,0,0,0,0,0
H33435,H,302.1,310.9,1452,42.5,198,0,0,0,0,0,0
L51202,L,302.1,310.9,1666,30.7,203,0,0,0,0,0,0
L51203,L,302.1,311.0,1364,50.0,205,0,0,0,0,0,0
M18884,M,302.1,311.0,1351,60.3,207,1,0,0,0,1,0
H33439,H,302.1,311.0,1729,26.1,210,0,0,0,0,0,0
M18886,M,302.1,311.0,1574,34.1,215,0,0,0,0,0,0
L51207,L,302.0,311.0,1566,37.8,218,0,0,0,0,0,0
L51208,L,302.0,310.9,1455,43.2,220,0,0,0,0,0,0
H33443,H,302.0,310.9,1679,29.0,222,0,0,0,0,0,0
L51210,L,302.0,310.8,2143,17.3,227,0,0,0,0,0,0
L51211,L,302.0,310.8,1447,42.7,229,0,0,0,0,0,0
L51212,L,302.0,310.8,1383,50.3,231,1,0,0,0,1,0
L51213,L,302.1,310.8,1772,27.1,233,0,0,0,0,0,0
L51214,L,302.0,310.8,1615,29.0,235,1,1,0,0,0,0
L51215,L,302.0,310.8,1454,36.6,0,0,0,0,0,0,0
L51216,L,302.0,310.8,1445,49.1,2,0,0,0,0,0,0
M18897,M,302.0,310.8,1609,35.2,4,0,0,0,0,0,0
L51218,L,302.0,310.9,1546,34.4,7,0,0,0,0,0,0
L51219,L,301.9,310.8,1567,39.3,9,0,0,0,0,0,0
L51220,L,302.0,310.8,1767,27.4,11,0,0,0,0,0,0
L51221,L,302.0,310.9,1539,34.2,13,0,0,0,0,0,0
L51222,L,302.0,310.9,1564,39.0,15,0,0,0,0,0,0
M18903,M,302.0,310.8,1445,46.3,17,0,0,0,0,0,0
M18904,M,301.9,310.9,1419,47.7,20,1,0,0,0,0,0
M18905,M,301.8,310.9,1881,20.9,23,0,0,0,0,0,0
M18906,M,301.9,310.9,1421,46.2,26,0,0,0,0,0,0
L51227,L,301.9,311.0,1455,46.0,29,0,0,0,0,0,0
L51228,L,301.9,311.0,2691,12.1,31,1,0,0,1,0,0
L51229,L,301.8,310.8,1505,41.2,33,0,0,0,0,0,0
L51230,L,301.8,310.8,1456,46.6,35,0,0,0,0,0,0
L51231,L,301.8,310.8,1383,46.4,37,0,0,0,0,0,0
M18912,M,301.9,310.8,1563,39.2,39,0,0,0,0,0,0
M18913,M,301.9,310.9,2305,16.1,42,0,0,0,0,0,0
M18914,M,301.9,310.9,1456,43.6,45,0,0,0,0,0,0
L51235,L,302.0,311.0,1865,22.7,48,0,0,0,0,0,0
L51236,L,301.9,310.9,1597,36.9,50,0,0,0,0,0,0
L51237,L,302.0,310.9,1495,38.6,52,0,0,0,0,0,0
M18918,M,302.0,310.9,1456,47.2,54,0,0,0,0,0,0
L51239,L,301.9,310.8,1465,44.3,57,0,0,0,0,0,0
M18920,M,302.0,310.9,1352,55.5,59,0,0,0,0,0,0
L51241,L,301.9,310.8,1906,21.7,62,0,0,0,0,0,0
L51242,L,302.0,310.9,1446,44.0,64,0,0,0,0,0,0
L51243,L,302.0,310.8,1948,19.7,66,0,0,0,0,0,0
L51244,L,301.9,310.7,1480,47.1,68,0,0,0,0,0,0
M18925,M,301.9,310.7,1511,37.6,70,0,0,0,0,0,0
M18926,M,301.9,310.7,1472,47.0,73,0,0,0,0,0,0
L51247,L,301.9,310.7,1429,51.0,76,0,0,0,0,0,0
L51248,L,301.9,310.7,1405,48.8,78,0,0,0,0,0,0
M18929,M,301.9,310.7,1405,47.9,80,0,0,0,0,0,0
L51250,L,302.0,310.7,1348,58.1,83,0,0,0,0,0,0
L51251,L,301.9,310.6,1331,68.6,85,1,0,0,1,0,0
L51252,L,301.9,310.6,1610,33.4,87,0,0,0,0,0,0
M18933,M,301.9,310.6,1412,46.5,89,0,0,0,0,0,0
L51254,L,302.0,310.7,1453,42.7,92,0,0,0,0,0,0
L51255,L,302.0,310.6,1583,38.9,94,0,0,0,0,0,0
M18936,M,302.0,310.6,1539,37.4,96,0,0,0,0,0,0
L51257,L,302.0,310.5,1635,39.8,99,0,0,0,0,0,0
H33492,H,302.1,310.7,1294,62.4,101,1,0,1,0,0,0
L51259,L,302.0,310.5,1978,22.0,106,0,0,0,0,0,0
L51260,L,302.0,310.4,1357,58.0,108,1,0,1,0,0,0
L51261,L,302.0,310.4,1336,58.2,110,1,0,1,0,0,0
L51262,L,302.0,310.4,1568,39.2,112,0,0,0,0,0,0
M18943,M,302.0,310.4,1567,36.4,114,0,0,0,0,0,0
L51264,L,302.0,310.4,1611,35.6,117,0,0,0,0,0,0
H33499,H,302.0,310.5,1841,23.6,119,0,0,0,0,0,0
L51266,L,302.0,310.5,1567,36.1,124,0,0,0,0,0,0
L51267,L,301.9,310.4,1376,54.9,126,1,0,1,0,0,0
L51268,L,301.9,310.5,1477,42.4,128,0,0,0,0,0,0
M18949,M,301.9,310.5,1590,40.3,130,0,0,0,0,0,0
L51270,L,302.0,310.5,2197,15.8,133,0,0,0,0,0,0
M18951,M,302.0,310.4,1595,32.9,135,0,0,0,0,0,0
H33506,H,302.0,310.5,1812,24.4,138,0,0,0,0,0,0
M18953,M,302.0,310.5,1573,32.1,143,0,0,0,0,0,0
L51274,L,302.0,310.5,1651,30.9,146,0,0,0,0,0,0
H33509,H,302.0,310.5,1459,43.2,148,0,0,0,0,0,0
L51276,L,301.9,310.4,1370,51.7,153,1,0,1,0,0,0
L51277,L,301.9,310.4,1518,34.1,155,0,0,0,0,0,0
L51278,L,302.0,310.3,1648,29.6,157,0,0,0,0,0,0
L51279,L,302.0,310.4,1464,47.2,159,0,0,0,0,0,0
L51280,L,302.0,310.4,1895,23.2,161,0,0,0,0,0,0
L51281,L,301.9,310.4,1884,23.4,163,0,0,0,0,0,0
L51282,L,302.0,310.4,1450,46.6,165,0,0,0,0,0,0
L51283,L,302.0,310.4,1448,43.4,167,0,0,0,0,0,0
L51284,L,302.1,310.5,1389,49.6,169,0,0,0,0,0,0
L51285,L,302.0,310.6,1583,35.2,171,0,0,0,0,0,0
L51286,L,301.9,310.5,1425,51.1,173,0,0,0,0,0,0
L51287,L,302.0,310.5,1809,27.1,175,0,0,0,0,0,0
L51288,L,301.9,310.5,1892,21.8,177,0,0,0,0,0,0
M18969,M,301.9,310.6,1475,47.8,179,0,0,0,0,0,0
L51290,L,302.0,310.6,1361,46.7,182,0,0,0,0,0,0
M18971,M,302.0,310.6,1563,41.0,184,0,0,0,0,0,0
H33526,H,301.9,310.5,1472,39.7,187,0,0,0,0,0,0
L51293,L,302.0,310.6,1325,55.3,192,0,0,0,0,0,0
L51294,L,302.0,310.6,1358,53.1,194,0,0,0,0,0,0
H33529,H,302.0,310.6,1346,54.7,196,0,0,0,0,0,0
M18976,M,302.0,310.5,1381,58.4,201,0,0,0,0,0,0
L51297,L,301.9,310.5,1340,55.7,204,1,0,0,0,1,0
L51298,L,302.0,310.6,1366,47.7,206,0,0,0,0,0,0
L51299,L,302.1,310.7,1325,45.1,208,1,0,1,0,0,0
M18980,M,302.1,310.7,1376,46.3,210,1,0,1,0,0,0
M18981,M,302.1,310.7,1364,47.8,213,1,0,1,0,0,0
L51302,L,302.2,310.6,1462,43.6,0,0,0,0,0,0,0
M18983,M,302.1,310.6,1517,38.9,2,0,0,0,0,0,0
L51304,L,302.1,310.6,1385,53.6,5,0,0,0,0,0,0
L51305,L,302.1,310.6,1439,40.0,7,0,0,0,0,0,0
M18986,M,302.0,310.6,1623,34.3,9,0,0,0,0,0,0
H33541,H,302.0,310.6,1438,43.2,12,0,0,0,0,0,0
L51308,L,301.9,310.4,1708,24.8,17,0,0,0,0,0,0
M18989,M,301.8,310.3,1666,32.7,19,0,0,0,0,0,0
L51310,L,301.9,310.4,1286,62.8,22,1,0,1,0,0,0
L51311,L,301.9,310.3,1485,46.3,24,0,0,0,0,0,0
M18992,M,301.8,310.3,1409,52.5,26,0,0,0,0,0,0
L51313,L,301.8,310.3,1765,27.3,29,0,0,0,0,0,0
L51314,L,301.8,310.3,1688,28.8,31,0,0,0,0,0,0
M18995,M,301.7,310.3,1787,26.7,33,0,0,0,0,0,0
L51316,L,301.7,310.1,1487,48.0,36,0,0,0,0,0,0
L51317,L,301.7,310.1,1384,50.5,38,0,0,0,0,0,0
L51318,L,301.7,310.2,1311,57.4,40,1,0,1,0,0,0
H33553,H,301.7,310.2,1620,30.8,42,0,0,0,0,0,0
L51320,L,301.7,310.2,1331,61.2,47,1,0,1,0,0,0
H33555,H,301.7,310.1,1462,38.3,49,0,0,0,0,0,0
L51322,L,301.7,310.1,1424,50.2,54,0,0,0,0,0,0
L51323,L,301.7,310.1,1500,39.6,56,0,0,0,0,0,0
L51324,L,301.8,310.1,1738,28.0,58,0,0,0,0,0,0
M19005,M,301.8,310.3,1465,46.5,60,0,0,0,0,0,0
L51326,L,301.8,310.3,1482,41.4,63,0,0,0,0,0,0
L51327,L,301.9,310.3,1398,44.0,65,0,0,0,0,0,0
L51328,L,301.9,310.3,1972,21.3,67,0,0,0,0,0,0
L51329,L,301.9,310.4,1603,37.6,69,0,0,0,0,0,0
L51330,L,301.9,310.4,1610,34.8,71,0,0,0,0,0,0
M19011,M,301.9,310.4,1373,48.0,73,1,0,1,0,0,0
M19012,M,302.0,310.5,1425,44.7,76,0,0,0,0,0,0
M19013,M,302.0,310.4,1212,55.6,79,1,0,1,0,0,0
M19014,M,302.0,310.4,1828,26.3,82,0,0,0,0,0,0
L51335,L,302.0,310.5,1370,44.4,85,1,0,1,0,0,0
M19016,M,302.0,310.5,1823,25.1,87,0,0,0,0,0,0
L51337,L,302.0,310.5,1263,60.6,90,1,0,1,0,0,0
L51338,L,301.9,310.4,1889,21.5,92,0,0,0,0,0,0
M19019,M,302.0,310.5,1639,32.9,94,0,0,0,0,0,0
M19020,M,302.0,310.4,1608,33.1,97,0,0,0,0,0,0
H33575,H,301.9,310.3,1653,32.4,100,0,0,0,0,0,0
L51342,L,302.0,310.4,1591,29.8,105,0,0,0,0,0,0
L51343,L,302.1,310.5,1696,30.9,107,0,0,0,0,0,0
L51344,L,302.2,310.6,1346,47.5,109,1,0,1,0,0,0
M19025,M,302.2,310.5,1507,40.4,111,0,0,0,0,0,0
H33580,H,302.3,310.6,1525,48.7,114,0,0,0,0,0,0
M19027,M,302.3,310.7,1559,33.9,119,0,0,0,0,0,0
L51348,L,302.2,310.6,1632,30.5,122,0,0,0,0,0,0
L51349,L,302.1,310.5,1559,36.0,124,0,0,0,0,0,0
M19030,M,302.2,310.6,1355,51.5,126,1,0,1,0,0,0
M19031,M,302.2,310.5,1832,23.7,129,0,0,0,0,0,0
L51352,L,302.2,310.6,1386,50.0,132,0,0,0,0,0,0
M19033,M,302.2,310.6,1346,49.2,134,1,0,1,0,0,0
L51354,L,302.3,310.7,1499,37.8,137,0,0,0,0,0,0
L51355,L,302.3,310.7,1612,33.4,139,0,0,0,0,0,0
M19036,M,302.3,310.7,1544,39.7,141,0,0,0,0,0,0
L51357,L,302.5,310.9,1477,39.2,144,0,0,0,0,0,0
L51358,L,302.5,310.9,1624,34.4,146,0,0,0,0,0,0
L51359,L,302.4,310.9,1349,46.1,148,1,0,1,0,0,0
L51360,L,302.4,310.8,1686,28.8,150,0,0,0,0,0,0
M19041,M,302.4,310.7,1521,40.4,152,0,0,0,0,0,0
L51362,L,302.4,310.7,1362,54.8,155,1,0,1,0,0,0
L51363,L,302.3,310.7,1402,50.9,157,0,0,0,0,0,0
L51364,L,302.2,310.6,1334,53.2,159,1,0,1,0,0,0
L51365,L,302.2,310.6,1348,48.4,161,1,0,1,0,0,0
M19046,M,302.2,310.6,1570,34.6,163,0,0,0,0,0,0
M19047,M,302.2,310.7,1601,33.0,166,0,0,0,0,0,0
M19048,M,302.3,310.8,1611,31.8,169,0,0,0,0,0,0
L51369,L,302.4,310.9,1560,31.8,172,0,0,0,0,0,0
H33604,H,302.4,310.9,1444,40.7,174,0,0,0,0,0,0
L51371,L,302.4,311.0,1317,59.4,179,0,0,0,0,0,0
M19052,M,302.5,311.0,1463,43.1,181,0,0,0,0,0,0
L51373,L,302.4,311.1,1634,34.2,184,0,0,0,0,0,0
L51374,L,302.4,311.0,1423,46.2,186,0,0,0,0,0,0
L51375,L,302.5,311.0,1548,38.4,188,0,0,0,0,0,0
M19056,M,302.5,311.0,1563,35.6,190,0,0,0,0,0,0
L51377,L,302.4,311.0,1573,36.5,193,0,0,0,0,0,0
M19058,M,302.4,311.1,1432,44.5,195,0,0,0,0,0,0
M19059,M,302.5,311.1,1638,32.0,198,0,0,0,0,0,0
L51380,L,302.5,311.1,1571,34.2,201,0,0,0,0,0,0
L51381,L,302.4,311.0,2211,15.4,203,0,0,0,0,0,0
L51382,L,302.4,311.0,1555,40.6,205,0,0,0,0,0,0
M19063,M,302.3,310.9,1558,31.9,207,0,0,0,0,0,0
M19064,M,302.3,310.9,1523,43.2,210,0,0,0,0,0,0
L51385,L,302.3,310.8,1723,26.3,213,0,0,0,0,0,0
M19066,M,302.3,310.8,1721,28.4,215,0,0,0,0,0,0
M19067,M,302.3,310.9,1710,30.4,218,1,1,0,0,0,0
M19068,M,302.3,310.9,1627,32.3,0,0,0,0,0,0,0
M19069,M,302.2,310.8,1422,47.0,3,0,0,0,0,0,0
L51390,L,302.1,310.8,1565,35.3,6,0,0,0,0,0,0
L51391,L,302.1,310.7,1314,52.8,8,1,0,1,0,0,0
M19072,M,302.0,310.6,1392,60.5,10,0,0,0,0,0,0
L51393,L,302.1,310.7,1465,40.7,13,0,0,0,0,0,0
L51394,L,301.9,310.6,1573,36.6,15,0,0,0,0,0,0
M19075,M,302.0,310.7,2157,17.8,17,0,0,0,0,0,0
L51396,L,301.9,310.7,1370,50.3,20,0,0,0,0,0,0
L51397,L,301.9,310.6,1462,38.8,22,0,0,0,0,0,0
M19078,M,302.0,310.6,1479,40.5,24,0,0,0,0,0,0
L51399,L,301.9,310.7,1717,26.8,27,0,0,0,0,0,0
M19080,M,301.9,310.6,1260,65.9,29,0,0,0,0,0,0
L51401,L,301.9,310.6,1467,39.3,32,0,0,0,0,0,0
M19082,M,302.0,310.6,1535,38.6,34,0,0,0,0,0,0
L51403,L,302.0,310.7,1657,31.9,37,0,0,0,0,0,0
L51404,L,302.0,310.7,1698,28.1,39,0,0,0,0,0,0
L51405,L,302.1,310.7,1359,49.3,41,1,0,1,0,0,0
L51406,L,302.1,310.8,1596,37.1,43,0,0,0,0,0,0
L51407,L,302.2,310.8,1383,46.9,45,0,0,0,0,0,0
L51408,L,302.2,310.8,2203,16.6,47,0,0,0,0,0,0
M19089,M,302.2,310.8,1408,46.8,49,0,0,0,0,0,0
L51410,L,302.2,310.8,1673,32.9,52,0,0,0,0,0,0
L51411,L,302.2,310.8,1340,47.8,54,0,0,0,0,0,0
L51412,L,302.2,310.9,1452,42.3,56,0,0,0,0,0,0
M19093,M,302.2,310.9,1302,53.4,58,0,0,0,0,0,0
H33648,H,302.2,310.9,1522,35.9,61,0,0,0,0,0,0
L51415,L,302.2,310.8,1438,41.4,66,0,0,0,0,0,0
L51416,L,302.2,310.9,1604,40.5,68,0,0,0,0,0,0
L51417,L,302.2,311.0,1832,23.2,70,0,0,0,0,0,0
M19098,M,302.3,311.0,1521,34.8,72,0,0,0,0,0,0
L51419,L,302.3,311.0,1446,37.6,75,0,0,0,0,0,0
L51420,L,302.4,311.1,1905,20.9,77,0,0,0,0,0,0
L51421,L,302.4,311.0,1475,47.9,79,0,0,0,0,0,0
L51422,L,302.4,311.0,1462,48.5,81,0,0,0,0,0,0
M19103,M,302.4,310.9,1435,42.3,83,0,0,0,0,0,0
L51424,L,302.4,310.9,1469,39.6,86,0,0,0,0,0,0
M19105,M,302.6,311.1,1520,43.0,88,0,0,0,0,0,0
L51426,L,302.6,311.0,1537,35.5,91,0,0,0,0,0,0
L51427,L,302.6,311.0,1369,60.0,93,1,0,1,0,0,0
L51428,L,302.6,311.0,1506,37.2,95,0,0,0,0,0,0
L51429,L,302.5,310.9,1330,56.9,97,1,0,1,0,0,0
L51430,L,302.6,311.0,1660,38.0,99,0,0,0,0,0,0
H33665,H,302.5,310.9,1356,55.5,101,1,0,1,0,0,0
H33666,H,302.6,311.0,1438,51.0,106,0,0,0,0,0,0
M19113,M,302.6,311.0,1329,48.6,111,1,0,1,0,0,0
L51434,L,302.6,311.0,1284,68.0,114,1,0,1,1,0,0
M19115,M,302.5,311.0,1387,52.1,116,0,0,0,0,0,0
M19116,M,302.6,311.0,1591,33.9,119,0,0,0,0,0,0
M19117,M,302.6,311.0,1589,39.0,122,0,0,0,0,0,0
M19118,M,302.7,311.1,1297,60.7,125,1,0,1,0,0,0
L51439,L,302.7,311.2,1545,35.1,128,0,0,0,0,0,0
H33674,H,302.7,311.1,1418,43.4,130,0,0,0,0,0,0
L51441,L,302.7,311.1,1730,28.1,135,0,0,0,0,0,0
L51442,L,302.6,311.0,2001,20.7,137,0,0,0,0,0,0
L51443,L,302.6,311.0,1620,36.2,139,0,0,0,0,0,0
M19124,M,302.6,311.0,1542,39.7,141,0,0,0,0,0,0
L51445,L,302.6,311.0,1424,38.0,144,0,0,0,0,0,0
L51446,L,302.7,311.1,1440,39.5,146,0,0,0,0,0,0
L51447,L,302.6,311.0,1520,42.8,148,0,0,0,0,0,0
L51448,L,302.7,311.0,1694,29.8,150,0,0,0,0,0,0
L51449,L,302.6,311.0,1610,39.2,152,0,0,0,0,0,0
L51450,L,302.6,310.9,1331,52.0,154,1,0,1,0,0,0
L51451,L,302.6,310.8,1470,41.2,156,0,0,0,0,0,0
L51452,L,302.5,310.8,1577,36.9,158,0,0,0,0,0,0
L51453,L,302.6,310.8,1486,36.4,160,0,0,0,0,0,0
L51454,L,302.4,310.6,1445,40.3,162,0,0,0,0,0,0
M19135,M,302.4,310.5,1500,36.7,164,0,0,0,0,0,0
M19136,M,302.2,310.4,1456,47.5,167,0,0,0,0,0,0
L51457,L,302.2,310.4,1743,28.1,170,0,0,0,0,0,0
L51458,L,302.0,310.1,1409,50.4,172,0,0,0,0,0,0
L51459,L,302.0,310.1,1361,45.4,174,1,0,1,0,0,0
L51460,L,302.1,310.1,1753,28.9,176,0,0,0,0,0,0
L51461,L,302.0,310.0,1832,22.9,178,0,0,0,0,0,0
L51462,L,301.9,309.9,1374,48.5,180,1,0,1,0,0,0
M19143,M,301.8,309.9,1334,61.0,182,1,0,1,0,0,0
L51464,L,301.8,310.0,1493,40.3,185,0,0,0,0,0,0
L51465,L,301.7,309.9,1317,49.0,187,1,0,1,0,0,0
M19146,M,301.7,309.9,1434,47.9,189,0,0,0,0,0,0
M19147,M,301.7,309.9,1457,39.2,192,0,0,0,0,0,0
M19148,M,301.7,310.0,1391,50.6,195,0,0,0,0,0,0
M19149,M,301.8,310.0,1781,23.9,198,0,0,0,0,0,0
L51470,L,301.8,310.0,1642,32.6,201,0,0,0,0,0,0
L51471,L,301.8,310.0,2032,19.0,203,0,0,0,0,0,0
M19152,M,301.8,310.1,2372,13.9,205,1,0,0,1,0,0
L51473,L,301.8,310.0,1393,44.9,208,0,0,0,0,0,0
M19154,M,301.7,310.1,1743,27.3,210,0,0,0,0,0,0
L51475,L,301.8,310.2,1457,40.4,213,0,0,0,0,0,0
L51476,L,301.8,310.2,2825,5.8,215,1,0,0,1,0,0
M19157,M,301.8,310.2,1609,34.2,217,0,0,0,0,0,0
M19158,M,301.8,310.2,1437,42.3,0,0,0,0,0,0,0
L51479,L,301.7,310.1,1402,50.1,3,0,0,0,0,0,0
M19160,M,301.7,310.1,1644,34.6,5,0,0,0,0,0,0
L51481,L,301.7,310.2,1471,51.1,8,0,0,0,0,0,0
L51482,L,301.7,310.1,2695,12.6,10,0,0,0,0,0,0
L51483,L,301.7,310.2,1435,48.1,12,0,0,0,0,0,0
L51484,L,301.6,310.1,1694,26.3,14,0,0,0,0,0,0
L51485,L,301.6,310.1,1687,26.6,16,0,0,0,0,0,0
L51486,L,301.6,310.0,1869,22.9,18,0,0,0,0,0,0
L51487,L,301.4,309.9,1259,63.9,20,1,0,1,0,0,0
H33722,H,301.4,309.9,1460,47.2,22,0,0,0,0,0,0
M19169,M,301.3,309.9,1501,39.5,27,0,0,0,0,0,0
L51490,L,301.4,310.0,1776,25.6,30,0,0,0,0,0,0
M19171,M,301.5,310.1,1468,40.8,32,0,0,0,0,0,0
L51492,L,301.5,310.1,1430,46.5,35,0,0,0,0,0,0
L51493,L,301.4,310.1,1502,46.6,37,0,0,0,0,0,0
H33728,H,301.4,310.1,1623,32.3,39,0,0,0,0,0,0
M19175,M,301.4,310.0,1651,29.8,44,0,0,0,0,0,0
L51496,L,301.5,310.1,1639,33.4,47,0,0,0,0,0,0
M19177,M,301.5,310.0,1417,44.6,49,0,0,0,0,0,0
L51498,L,301.5,310.1,1541,42.2,52,0,0,0,0,0,0
M19179,M,301.6,310.2,1411,45.1,54,0,0,0,0,0,0
L51500,L,301.7,310.3,1397,44.6,57,0,0,0,0,0,0
L51501,L,301.7,310.2,1686,28.9,59,0,0,0,0,0,0
M19182,M,301.7,310.1,1431,44.0,61,0,0,0,0,0,0
L51503,L,301.8,310.3,1341,50.5,64,1,0,1,0,0,0
L51504,L,301.7,310.2,1486,43.0,66,0,0,0,0,0,0
L51505,L,301.6,310.2,1384,57.1,68,0,0,0,0,0,0
L51506,L,301.6,310.1,1362,55.8,70,1,0,1,0,0,0
H33741,H,301.7,310.1,1660,29.3,72,0,0,0,0,0,0
L51508,L,301.6,310.1,1326,48.2,77,1,0,1,0,0,0
L51509,L,301.6,310.0,1566,30.3,79,0,0,0,0,0,0
L51510,L,301.5,309.8,1549,38.5,81,0,0,0,0,0,0
M19191,M,301.6,309.9,1746,31.1,83,0,0,0,0,0,0
M19192,M,301.7,309.9,1452,41.5,86,0,0,0,0,0,0
L51513,L,301.6,309.8,1588,33.9,89,0,0,0,0,0,0
L51514,L,301.6,309.8,1472,42.5,91,0,0,0,0,0,0
L51515,L,301.7,309.9,1607,37.7,93,0,0,0,0,0,0
H33750,H,301.6,309.9,1423,53.6,95,0,0,0,0,0,0
L51517,L,301.6,309.9,1440,43.4,100,0,0,0,0,0,0
L51518,L,301.6,309.9,1397,43.7,102,0,0,0,0,0,0
L51519,L,301.7,309.9,1524,46.6,104,0,0,0,0,0,0
M19200,M,301.7,309.9,1533,40.9,106,0,0,0,0,0,0
L51521,L,301.7,309.8,1398,46.0,109,0,0,0,0,0,0
M19202,M,301.7,309.8,1284,68.2,111,1,0,1,1,0,0
L51523,L,301.7,309.8,1491,39.3,114,0,0,0,0,0,0
H33758,H,301.8,309.9,1418,51.3,116,0,0,0,0,0,0
M19205,M,301.8,309.8,1546,39.8,121,0,0,0,0,0,0
L51526,L,301.8,309.7,1598,30.4,124,0,0,0,0,0,0
H33761,H,301.9,309.8,1724,27.5,126,0,0,0,0,0,0
L51528,L,301.9,309.8,1507,44.7,131,0,0,0,0,0,0
L51529,L,301.9,309.7,1595,31.4,133,0,0,0,0,0,0
M19210,M,301.9,309.7,1568,37.5,135,0,0,0,0,0,0
L51531,L,301.8,309.6,1432,43.7,138,0,0,0,0,0,0
L51532,L,301.9,309.7,1424,42.8,140,0,0,0,0,0,0
M19213,M,302.0,309.7,1386,62.7,142,1,0,0,1,0,0
L51534,L,302.0,309.8,1456,58.1,145,0,0,0,0,0,0
H33769,H,302.0,309.8,1280,57.3,147,1,0,1,0,0,0
L51536,L,302.0,309.8,1649,31.0,152,0,0,0,0,0,0
L51537,L,302.0,309.9,1407,52.8,154,0,0,0,0,0,0
H33772,H,302.0,309.9,1606,34.5,156,0,0,0,0,0,0
M19219,M,302.1,310.0,1531,38.0,161,0,0,0,0,0,0
L51540,L,302.1,310.1,1543,35.8,164,0,0,0,0,0,0
M19221,M,302.1,310.1,1379,48.2,166,1,0,1,0,0,0
L51542,L,302.1,310.1,1447,46.6,169,0,0,0,0,0,0
H33777,H,302.1,310.1,1844,24.6,171,0,0,0,0,0,0
H33778,H,302.1,310.1,1615,29.9,176,0,0,0,0,0,0
L51545,L,302.0,310.0,1449,48.8,181,0,0,0,0,0,0
L51546,L,302.0,309.9,1388,51.4,183,0,0,0,0,0,0
H33781,H,302.0,309.9,1447,42.8,185,0,0,0,0,0,0
L51548,L,302.0,310.0,1664,28.6,190,0,0,0,0,0,0
H33783,H,302.0,309.9,1735,27.2,192,0,0,0,0,0,0
L51550,L,302.0,309.9,1308,57.6,197,1,0,1,0,1,0
L51551,L,302.0,309.8,1480,40.0,199,0,0,0,0,0,0
M19232,M,301.9,309.6,1439,41.7,201,0,0,0,0,0,0
M19233,M,301.9,309.7,1533,35.9,204,0,0,0,0,0,0
L51554,L,302.0,309.7,1551,34.8,207,0,0,0,0,0,0
L51555,L,302.0,309.7,1414,36.3,209,0,0,0,0,0,0
M19236,M,301.9,309.6,1551,34.6,211,0,0,0,0,0,0
M19237,M,301.8,309.6,1436,49.0,214,0,0,0,0,0,0
M19238,M,301.9,309.6,1385,45.8,217,0,0,0,0,0,0
M19239,M,301.8,309.5,1732,30.1,220,0,0,0,0,0,0
L51560,L,301.9,309.6,1410,49.0,223,0,0,0,0,0,0
L51561,L,301.9,309.6,1446,43.2,225,0,0,0,0,0,0
L51562,L,301.8,309.5,1525,39.6,227,0,0,0,0,0,0
L51563,L,301.7,309.5,1298,65.5,229,1,0,1,0,1,0
L51564,L,301.8,309.6,1443,42.7,231,0,0,0,0,0,0
L51565,L,301.8,309.7,1442,45.3,233,1,1,0,0,0,0
L51566,L,301.9,309.7,1719,31.9,0,0,0,0,0,0,0
L51567,L,302.0,309.8,1532,39.4,2,0,0,0,0,0,0
L51568,L,302.0,309.8,1701,27.2,4,0,0,0,0,0,0
M19249,M,302.1,310.0,1355,45.1,6,1,0,1,0,0,0
M19250,M,302.2,310.1,1421,45.4,9,0,0,0,0,0,0
M19251,M,302.2,310.1,1368,51.6,12,1,0,1,0,0,0
L51572,L,302.2,310.1,1458,45.1,15,0,0,0,0,0,0
M19253,M,302.2,310.1,1572,34.6,17,0,0,0,0,0,0
L51574,L,302.2,310.0,1483,48.7,20,0,0,0,0,0,0
L51575,L,302.3,310.1,1513,40.4,22,0,0,0,0,0,0
H33810,H,302.3,310.1,1383,42.9,24,0,0,0,0,0,0
L51577,L,302.4,310.2,1539,37.7,29,0,0,0,0,0,0
M19258,M,302.3,310.1,1563,37.8,31,0,0,0,0,0,0
L51579,L,302.3,310.1,1653,29.7,34,0,0,0,0,0,0
L51580,L,302.3,310.1,1353,50.9,36,1,0,1,0,0,0
H33815,H,302.2,310.0,1468,43.6,38,0,0,0,0,0,0
H33816,H,302.3,310.2,1506,33.8,43,0,0,0,0,0,0
L51583,L,302.3,310.1,1388,49.9,48,0,0,0,0,0,0
M19264,M,302.4,310.2,1485,45.9,50,0,0,0,0,0,0
L51585,L,302.4,310.2,1331,45.5,53,1,0,1,0,0,0
L51586,L,302.5,310.3,1326,58.5,55,1,0,1,0,0,0
L51587,L,302.3,310.2,1394,55.4,57,0,0,0,0,0,0
L51588,L,302.4,310.1,2009,18.9,59,0,0,0,0,0,0
M19269,M,302.4,310.1,1358,54.6,61,1,0,1,0,0,0
L51590,L,302.5,310.2,1586,32.2,64,0,0,0,0,0,0
L51591,L,302.5,310.3,1688,31.6,66,0,0,0,0,0,0
L51592,L,302.6,310.5,1450,43.2,68,0,0,0,0,0,0
M19273,M,302.7,310.5,1398,47.3,70,0,0,0,0,0,0
L51594,L,302.7,310.5,1520,39.3,73,0,0,0,0,0,0
L51595,L,302.6,310.4,1514,42.7,75,0,0,0,0,0,0
M19276,M,302.6,310.4,1532,36.1,77,0,0,0,0,0,0
L51597,L,302.6,310.4,1365,66.8,80,1,0,1,1,0,0
L51598,L,302.6,310.3,1642,33.2,82,0,0,0,0,0,0
M19279,M,302.6,310.2,2676,10.8,84,1,0,0,1,0,0
H33834,H,302.6,310.2,1873,21.3,87,0,0,0,0,0,0
L51601,L,302.6,310.2,1325,62.4,92,1,0,1,0,0,0
M19282,M,302.6,310.2,2157,17.2,94,0,0,0,0,0,0
M19283,M,302.6,310.2,1563,39.0,97,0,0,0,0,0,0
M19284,M,302.6,310.2,1631,31.0,100,0,0,0,0,0,0
L51605,L,302.5,310.2,1547,36.9,103,0,0,0,0,0,0
L51606,L,302.6,310.3,1479,40.4,105,0,0,0,0,0,0
M19287,M,302.4,310.1,1379,48.9,107,1,0,1,0,0,0
L51608,L,302.4,310.1,1906,21.2,110,0,0,0,0,0,0
M19289,M,302.3,310.1,1731,33.4,112,0,0,0,0,0,0
H33844,H,302.3,310.1,1688,30.4,115,0,0,0,0,0,0
H33845,H,302.3,310.2,1443,54.6,120,0,0,0,0,0,0
L51612,L,302.4,310.2,1445,46.4,125,0,0,0,0,0,0
H33847,H,302.4,310.2,1435,44.9,127,0,0,0,0,0,0
L51614,L,302.4,310.1,1556,32.9,132,0,0,0,0,0,0
L51615,L,302.3,310.1,1321,52.7,134,1,0,1,0,0,0
M19296,M,302.4,310.1,1577,35.8,136,0,0,0,0,0,0
L51617,L,302.4,310.2,1578,31.2,139,0,0,0,0,0,0
L51618,L,302.4,310.1,1418,52.3,141,0,0,0,0,0,0
M19299,M,302.4,310.2,1392,55.8,143,0,0,0,0,0,0
L51620,L,302.5,310.3,1446,44.0,146,0,0,0,0,0,0
L51621,L,302.5,310.2,1329,50.6,148,1,0,1,0,0,0
L51622,L,302.5,310.2,1563,34.8,150,0,0,0,0,0,0
L51623,L,302.5,310.3,1405,57.4,152,0,0,0,0,0,0
L51624,L,302.4,310.2,2224,16.0,154,0,0,0,0,0,0
L51625,L,302.5,310.2,1716,29.9,156,0,0,0,0,0,0
L51626,L,302.5,310.3,1584,35.5,158,0,0,0,0,0,0
M19307,M,302.5,310.3,1488,41.8,160,0,0,0,0,0,0
L51628,L,302.4,310.3,1374,51.2,163,1,0,1,0,0,0
M19309,M,302.4,310.3,1378,54.3,165,1,0,1,0,0,0
L51630,L,302.5,310.3,1551,37.3,168,0,0,0,0,0,0
L51631,L,302.5,310.3,1549,40.9,170,0,0,0,0,0,0
M19312,M,302.5,310.3,1447,39.2,172,0,0,0,0,0,0
L51633,L,302.4,310.2,1400,53.7,175,0,0,0,0,0,0
L51634,L,302.4,310.1,1401,48.8,177,0,0,0,0,0,0
H33869,H,302.4,310.1,1597,28.9,179,0,0,0,0,0,0
L51636,L,302.3,310.1,1487,46.0,184,0,0,0,0,0,0
M19317,M,302.5,310.3,1710,27.3,186,0,0,0,0,0,0
L51638,L,302.6,310.4,1478,47.7,189,0,0,0,0,0,0
L51639,L,302.6,310.4,1743,26.3,191,0,0,0,0,0,0
L51640,L,302.6,310.5,1596,32.8,193,0,0,0,0,0,0
L51641,L,302.7,310.5,1642,30.8,195,0,0,0,0,0,0
L51642,L,302.7,310.5,1263,67.8,197,1,0,1,0,1,0
L51643,L,302.8,310.6,2016,19.9,199,0,0,0,0,0,0
L51644,L,302.8,310.6,1671,30.5,201,0,0,0,0,0,0
L51645,L,302.8,310.6,1404,43.2,203,0,0,0,0,0,0
L51646,L,302.8,310.6,1470,41.1,205,0,0,0,0,0,0
L51647,L,302.8,310.6,1617,37.9,207,0,0,0,0,0,0
L51648,L,302.7,310.5,1725,29.0,209,0,0,0,0,0,0
L51649,L,302.7,310.5,1446,40.9,211,1,1,0,0,0,0
L51650,L,302.7,310.6,1564,34.3,0,0,0,0,0,0,0
L51651,L,302.8,310.6,1670,29.1,2,0,0,0,0,0,0
L51652,L,302.7,310.6,1501,48.7,4,0,0,0,0,0,0
L51653,L,302.7,310.5,1551,35.9,6,0,0,0,0,0,0
L51654,L,302.7,310.5,1563,35.0,8,0,0,0,0,0,0
L51655,L,302.7,310.5,1351,41.8,10,1,0,1,0,0,0
L51656,L,302.6,310.4,1415,52.1,12,0,0,0,0,0,0
L51657,L,302.6,310.3,1647,34.2,14,0,0,0,0,0,0
L51658,L,302.5,310.2,1477,41.6,16,0,0,0,0,0,0
L51659,L,302.6,310.2,1923,21.5,18,0,0,0,0,0,0
H33894,H,302.7,310.4,1305,55.2,20,1,0,1,0,0,0
M19341,M,302.6,310.4,1544,35.1,25,0,0,0,0,0,0
H33896,H,302.7,310.5,1568,36.9,28,0,0,0,0,0,0
L51663,L,302.7,310.4,1489,42.7,33,0,0,0,0,0,0
M19344,M,302.6,310.4,1451,43.1,35,0,0,0,0,0,0
L51665,L,302.7,310.4,1542,35.7,38,0,0,0,0,0,0
M19346,M,302.6,310.5,1965,20.2,40,0,0,0,0,0,0
L51667,L,302.5,310.5,1436,36.5,43,0,0,0,0,0,0
M19348,M,302.5,310.4,1509,37.6,45,0,0,0,0,0,0
L51669,L,302.5,310.4,1487,40.2,48,0,0,0,0,0,0
L51670,L,302.5,310.4,1967,20.3,50,0,0,0,0,0,0
H33905,H,302.6,310.4,1409,53.3,52,0,0,0,0,0,0
M19352,M,302.6,310.5,1420,56.4,57,0,0,0,0,0,0
L51673,L,302.7,310.5,1511,37.7,60,0,0,0,0,0,0
H33908,H,302.6,310.4,1649,30.1,62,0,0,0,0,0,0
L51675,L,302.6,310.4,1359,57.2,67,1,0,1,0,0,0
M19356,M,302.5,310.4,1605,36.0,69,0,0,0,0,0,0
L51677,L,302.5,310.3,1523,36.0,72,0,0,0,0,0,0
H33912,H,302.6,310.4,1614,36.0,74,0,0,0,0,0,0
H33913,H,302.6,310.3,1721,27.4,79,0,0,0,0,0,0
L51680,L,302.6,310.4,1638,36.2,84,0,0,0,0,0,0
L51681,L,302.5,310.2,1307,54.0,86,1,0,1,0,0,0
L51682,L,302.4,310.2,1642,28.3,88,0,0,0,0,0,0
M19363,M,302.5,310.2,1751,30.5,90,0,0,0,0,0,0
L51684,L,302.4,310.1,1645,31.6,93,0,0,0,0,0,0
L51685,L,302.4,310.1,1426,46.8,95,0,0,0,0,0,0
M19366,M,302.4,310.1,1520,36.6,97,0,0,0,0,0,0
L51687,L,302.4,310.1,1709,31.8,100,0,0,0,0,0,0
L51688,L,302.4,310.0,1426,46.6,102,0,0,0,0,0,0
L51689,L,302.4,310.1,1429,43.7,104,0,0,0,0,0,0
L51690,L,302.4,310.2,1346,62.4,106,1,0,1,0,0,0
L51691,L,302.5,310.2,1454,43.0,108,0,0,0,0,0,0
M19372,M,302.5,310.3,1411,49.5,110,0,0,0,0,0,0
L51693,L,302.4,310.3,1900,24.4,113,0,0,0,0,0,0
L51694,L,302.4,310.3,1479,36.2,115,0,0,0,0,0,0
L51695,L,302.5,310.4,1415,48.2,117,0,0,0,0,0,0
L51696,L,302.5,310.3,1539,39.0,119,0,0,0,0,0,0
L51697,L,302.4,310.3,1520,31.6,121,0,0,0,0,0,0
L51698,L,302.4,310.3,1480,45.8,123,0,0,0,0,0,0
L51699,L,302.4,310.4,1666,29.7,125,0,0,0,0,0,0
L51700,L,302.4,310.4,1456,47.6,127,0,0,0,0,0,0
L51701,L,302.4,310.4,1865,23.9,129,0,0,0,0,0,0
M19382,M,302.5,310.5,1918,21.6,131,0,0,0,0,0,0
L51703,L,302.5,310.4,1488,48.4,134,0,0,0,0,0,0
M19384,M,302.5,310.5,1527,38.8,136,0,0,0,0,0,0
M19385,M,302.4,310.4,1463,42.2,139,0,0,0,0,0,0
L51706,L,302.4,310.4,1521,38.5,142,0,0,0,0,0,0
M19387,M,302.4,310.5,1372,45.7,144,1,0,1,0,0,0
L51708,L,302.5,310.5,1507,39.5,147,0,0,0,0,0,0
M19389,M,302.4,310.4,1586,34.3,149,0,0,0,0,0,0
L51710,L,302.5,310.4,1487,42.0,152,0,0,0,0,0,0
L51711,L,302.5,310.5,1520,41.2,154,0,0,0,0,0,0
H33946,H,302.5,310.4,1422,41.9,156,0,0,0,0,0,0
M19393,M,302.4,310.3,1375,52.5,161,1,0,1,0,0,0
L51714,L,302.4,310.2,1633,28.0,164,0,0,0,0,0,0
L51715,L,302.4,310.2,1503,36.2,166,0,0,0,0,0,0
L51716,L,302.4,310.2,1351,45.1,168,1,0,1,0,0,0
L51717,L,302.3,310.2,1548,35.3,170,0,0,0,0,0,0
L51718,L,302.4,310.3,1923,23.3,172,0,0,0,0,0,0
L51719,L,302.5,310.3,1592,32.6,174,0,0,0,0,0,0
M19400,M,302.5,310.4,1580,35.6,176,0,0,0,0,0,0
L51721,L,302.5,310.4,1427,46.8,179,0,0,0,0,0,0
M19402,M,302.5,310.4,1581,32.7,181,0,0,0,0,0,0
M19403,M,302.6,310.5,1542,39.9,184,0,0,0,0,0,0
L51724,L,302.5,310.4,1349,55.1,187,1,0,1,0,0,0
L51725,L,302.5,310.5,1463,43.0,189,0,0,0,0,0,0
M19406,M,302.5,310.4,1429,43.2,191,0,0,0,0,0,0
M19407,M,302.5,310.4,1451,53.6,194,0,0,0,0,0,0
L51728,L,302.6,310.5,1511,37.2,197,0,0,0,0,0,0
L51729,L,302.6,310.6,1549,37.5,199,0,0,0,0,0,0
M19410,M,302.5,310.5,1507,40.2,201,0,0,0,0,0,0
M19411,M,302.6,310.5,1524,33.7,204,0,0,0,0,0,0
M19412,M,302.7,310.5,1880,22.7,207,0,0,0,0,0,0
L51733,L,302.6,310.5,1461,45.4,0,0,0,0,0,0,0
L51734,L,302.6,310.5,1748,28.2,2,0,0,0,0,0,0
L51735,L,302.7,310.6,1690,26.7,4,0,0,0,0,0,0
M19416,M,302.7,310.6,1349,51.2,6,1,0,1,0,0,0
L51737,L,302.7,310.6,1686,26.3,9,0,0,0,0,0,0
L51738,L,302.7,310.7,1369,47.5,11,1,0,1,0,0,0
L51739,L,302.7,310.7,1433,43.7,13,0,0,0,0,0,0
L51740,L,302.7,310.7,1597,41.9,15,0,0,0,0,0,0
L51741,L,302.9,310.8,1610,32.2,17,0,0,0,0,0,0
L51742,L,302.7,310.7,1398,57.7,19,0,0,0,0,0,0
L51743,L,302.7,310.7,1977,20.0,21,0,0,0,0,0,0
L51744,L,302.8,310.8,1516,39.5,23,0,0,0,0,0,0
H33979,H,302.7,310.8,1275,55.0,25,1,0,1,0,0,0
L51746,L,302.8,310.8,1402,50.5,30,0,0,0,0,0,0
M19427,M,302.8,310.8,1451,44.7,32,0,0,0,0,0,0
M19428,M,302.7,310.8,1555,36.1,35,0,0,0,0,0,0
L51749,L,302.8,310.9,1636,35.0,38,0,0,0,0,0,0
L51750,L,302.8,310.9,1312,52.2,40,1,0,1,0,0,0
L51751,L,302.8,310.9,1708,29.8,42,0,0,0,0,0,0
M19432,M,302.9,311.0,1556,36.5,44,0,0,0,0,0,0
H33987,H,302.8,311.0,1436,43.5,47,0,0,0,0,0,0
M19434,M,302.9,311.0,1402,40.7,52,0,0,0,0,0,0
M19435,M,302.9,311.0,1437,49.9,55,0,0,0,0,0,0
M19436,M,302.9,311.1,1926,21.8,58,0,0,0,0,0,0
L51757,L,303.0,311.2,1800,23.7,61,0,0,0,0,0,0
L51758,L,303.0,311.2,1641,32.6,63,0,0,0,0,0,0
L51759,L,303.0,311.2,1374,48.2,65,1,0,1,0,0,0
L51760,L,303.0,311.2,1494,37.0,67,0,0,0,0,0,0
L51761,L,303.0,311.2,1601,32.9,69,0,0,0,0,0,0
L51762,L,302.9,311.2,1634,36.9,71,0,0,0,0,0,0
M19443,M,302.9,311.2,1467,37.7,73,0,0,0,0,0,0
L51764,L,302.8,311.1,1550,32.3,76,0,0,0,0,0,0
L51765,L,302.8,311.1,1563,32.2,78,0,0,0,0,0,0
L51766,L,302.7,310.9,1395,48.3,80,0,0,0,0,0,0
M19447,M,302.8,311.0,1507,33.4,82,0,0,0,0,0,0
L51768,L,302.8,311.0,1564,38.5,85,0,0,0,0,0,0
L51769,L,302.8,311.1,1721,30.0,87,0,0,0,0,0,0
L51770,L,302.8,311.1,1456,36.1,89,0,0,0,0,0,0
H34005,H,302.9,311.2,2102,17.8,91,0,0,0,0,0,0
L51772,L,302.9,311.1,1555,33.9,96,0,0,0,0,0,0
L51773,L,303.0,311.2,1409,41.9,98,0,0,0,0,0,0
M19454,M,303.0,311.2,1387,41.4,100,0,0,0,0,0,0
M19455,M,303.0,311.2,1460,43.9,103,0,0,0,0,0,0
L51776,L,303.0,311.2,1361,47.6,106,1,0,1,0,0,0
M19457,M,303.0,311.1,1490,43.0,108,0,0,0,0,0,0
L51778,L,303.1,311.2,1399,49.2,111,0,0,0,0,0,0
L51779,L,303.1,311.1,1420,55.8,113,0,0,0,0,0,0
L51780,L,303.0,311.0,1359,44.2,115,1,0,1,0,0,0
M19461,M,303.0,311.1,1372,54.3,117,1,0,1,0,0,0
M19462,M,303.0,311.0,1409,41.7,120,0,0,0,0,0,0
H34017,H,302.9,311.0,1452,58.3,123,0,0,0,0,0,0
L51784,L,302.9,311.0,1820,24.6,128,0,0,0,0,0,0
H34019,H,302.9,311.0,1469,48.7,130,0,0,0,0,0,0
L51786,L,302.9,311.1,1556,45.3,135,0,0,0,0,0,0
L51787,L,303.0,311.1,1980,20.2,137,0,0,0,0,0,0
M19468,M,303.0,311.2,1519,38.0,139,0,0,0,0,0,0
L51789,L,303.0,311.2,1456,44.0,142,0,0,0,0,0,0
L51790,L,303.1,311.2,1394,45.3,144,0,0,0,0,0,0
L51791,L,303.0,311.3,1365,56.2,146,1,0,1,0,0,0
L51792,L,303.0,311.3,2194,16.5,148,0,0,0,0,0,0
L51793,L,303.1,311.3,1403,55.6,150,0,0,0,0,0,0
H34028,H,303.0,311.2,1503,37.0,152,0,0,0,0,0,0
L51795,L,303.0,311.3,1793,29.3,157,0,0,0,0,0,0
L51796,L,303.1,311.4,1829,24.5,159,0,0,0,0,0,0
M19477,M,303.1,311.4,1831,23.3,161,0,0,0,0,0,0
M19478,M,303.0,311.3,1335,53.6,164,1,0,1,0,0,0
H34033,H,303.1,311.3,2056,19.7,167,0,0,0,0,0,0
L51800,L,303.1,311.3,1336,52.6,172,1,0,1,0,0,0
L51801,L,303.0,311.2,1341,51.0,174,1,0,1,0,0,0
M19482,M,303.0,311.1,1526,37.3,176,0,0,0,0,0,0
L51803,L,303.0,311.1,1525,40.7,179,0,0,0,0,0,0
M19484,M,303.0,311.1,1428,39.8,181,0,0,0,0,0,0
L51805,L,303.0,311.2,1511,45.7,184,0,0,0,0,0,0
L51806,L,303.0,311.2,1664,29.8,186,0,0,0,0,0,0
M19487,M,303.0,311.2,1592,38.9,188,0,0,0,0,0,0
M19488,M,303.0,311.1,1597,36.7,191,0,0,0,0,0,0
L51809,L,303.0,311.2,1735,26.1,194,0,0,0,0,0,0
L51810,L,302.9,311.2,1751,23.8,196,0,0,0,0,0,0
L51811,L,303.0,311.2,1383,44.6,198,0,0,0,0,0,0
M19492,M,302.9,311.2,1330,53.7,200,1,0,1,0,0,0
L51813,L,303.0,311.2,1382,50.5,203,0,0,0,0,0,0
L51814,L,303.0,311.2,1755,30.4,205,0,0,0,0,0,0
M19495,M,303.0,311.2,1614,35.7,207,0,0,0,0,0,0
L51816,L,303.0,311.3,1466,43.0,210,0,0,0,0,0,0
M19497,M,303.1,311.3,1847,24.7,212,0,0,0,0,0,0
L51818,L,303.1,311.3,1474,34.8,215,0,0,0,0,0,0
L51819,L,303.1,311.3,1657,31.8,217,0,0,0,0,0,0
L51820,L,303.1,311.2,1435,40.1,219,0,0,0,0,0,0
H34055,H,303.1,311.3,1494,42.7,221,0,0,0,0,0,0
L51822,L,303.2,311.4,1238,54.6,226,1,0,1,0,1,0
L51823,L,303.2,311.4,1324,54.2,228,1,0,1,0,1,0
L51824,L,303.2,311.4,1514,41.2,230,0,0,0,0,0,0
L51825,L,303.3,311.4,1732,25.6,232,0,0,0,0,0,0
L51826,L,303.3,311.4,1497,46.0,234,1,1,0,0,0,0
L51827,L,303.3,311.4,1958,21.5,0,0,0,0,0,0,0
L51828,L,303.3,311.4,1630,32.5,2,0,0,0,0,0,0
M19509,M,303.3,311.4,1395,59.1,4,0,0,0,0,0,0
L51830,L,303.3,311.4,1658,30.5,7,0,0,0,0,0,0
L51831,L,303.2,311.4,1349,51.1,9,1,0,1,0,0,0
L51832,L,303.1,311.2,1452,52.9,11,0,0,0,0,0,0
M19513,M,303.1,311.1,1594,35.5,13,0,0,0,0,0,0
M19514,M,303.1,311.0,1510,47.6,16,0,0,0,0,0,0
L51835,L,303.1,311.1,1854,22.6,19,0,0,0,0,0,0
L51836,L,303.1,311.2,1626,32.3,21,0,0,0,0,0,0
L51837,L,303.1,311.2,1628,35.2,23,0,0,0,0,0,0
L51838,L,303.1,311.2,1679,34.8,25,0,0,0,0,0,0
M19519,M,303.1,311.2,1489,44.5,27,0,0,0,0,0,0
L51840,L,303.2,311.2,1439,43.9,30,0,0,0,0,0,0
L51841,L,303.3,311.3,1350,48.1,32,1,0,1,0,0,0
H34076,H,303.3,311.2,1607,31.7,34,0,0,0,0,0,0
L51843,L,303.3,311.3,1389,53.9,39,0,0,0,0,0,0
M19524,M,303.3,311.3,1566,46.1,41,0,0,0,0,0,0
M19525,M,303.4,311.4,1307,54.0,44,1,0,1,0,0,0
M19526,M,303.3,311.5,1569,36.6,47,0,0,0,0,0,0
H34081,H,303.3,311.4,1651,30.6,50,0,0,0,0,0,0
H34082,H,303.3,311.4,1692,27.9,55,0,0,0,0,0,0
M19529,M,303.3,311.5,1373,47.3,60,1,0,1,0,0,0
L51850,L,303.2,311.4,1610,35.5,63,0,0,0,0,0,0
L51851,L,303.3,311.4,1511,43.4,65,0,0,0,0,0,0
L51852,L,303.3,311.5,1412,55.6,67,0,0,0,0,0,0
L51853,L,303.4,311.5,1501,36.2,69,0,0,0,0,0,0
L51854,L,303.4,311.5,1414,44.8,71,0,0,0,0,0,0
H34089,H,303.5,311.5,1629,33.5,73,0,0,0,0,0,0
L51856,L,303.4,311.5,1879,21.3,78,0,0,0,0,0,0
H34091,H,303.5,311.6,1466,47.0,80,0,0,0,0,0,0
H34092,H,303.6,311.7,1476,40.1,85,0,0,0,0,0,0
L51859,L,303.6,311.8,1695,30.7,90,0,0,0,0,0,0
L51860,L,303.6,311.7,1491,39.8,92,0,0,0,0,0,0
M19541,M,303.6,311.8,1659,34.7,94,0,0,0,0,0,0
L51862,L,303.6,311.8,1567,31.7,97,0,0,0,0,0,0
L51863,L,303.6,311.8,1736,32.9,99,0,0,0,0,0,0
M19544,M,303.6,311.8,1421,44.8,101,1,0,0,0,0,0
M19545,M,303.6,311.8,1627,30.8,104,0,0,0,0,0,0
M19546,M,303.5,311.6,1562,34.2,107,0,0,0,0,0,0
L51867,L,303.5,311.6,2183,17.0,110,0,0,0,0,0,0
L51868,L,303.5,311.6,1577,38.1,112,0,0,0,0,0,0
M19549,M,303.4,311.5,1560,36.4,114,0,0,0,0,0,0
M19550,M,303.4,311.5,1483,43.0,117,0,0,0,0,0,0
L51871,L,303.5,311.5,1535,33.3,120,0,0,0,0,0,0
M19552,M,303.4,311.4,1606,29.6,122,0,0,0,0,0,0
M19553,M,303.4,311.5,1817,24.7,125,0,0,0,0,0,0
L51874,L,303.4,311.5,1424,50.8,128,0,0,0,0,0,0
L51875,L,303.3,311.6,1514,34.7,130,0,0,0,0,0,0
L51876,L,303.4,311.6,1449,41.7,132,0,0,0,0,0,0
M19557,M,303.5,311.6,1573,34.0,134,0,0,0,0,0,0
L51878,L,303.4,311.6,1564,41.9,137,0,0,0,0,0,0
L51879,L,303.5,311.6,1428,46.2,139,0,0,0,0,0,0
L51880,L,303.5,311.7,1620,31.0,141,0,0,0,0,0,0
H34115,H,303.5,311.7,1584,32.7,143,0,0,0,0,0,0
L51882,L,303.6,311.8,1222,66.8,148,1,0,1,0,0,0
M19563,M,303.6,311.8,1432,42.5,150,0,0,0,0,0,0
L51884,L,303.7,311.9,1561,33.3,153,0,0,0,0,0,0
L51885,L,303.6,311.8,1614,33.2,155,0,0,0,0,0,0
L51886,L,303.5,311.7,1959,22.3,157,0,0,0,0,0,0
L51887,L,303.5,311.8,1944,23.5,159,0,0,0,0,0,0
L51888,L,303.4,311.7,1793,25.8,161,0,0,0,0,0,0
M19569,M,303.4,311.6,1446,50.0,163,0,0,0,0,0,0
L51890,L,303.4,311.7,1673,32.2,166,0,0,0,0,0,0
M19571,M,303.4,311.7,1515,44.2,168,0,0,0,0,0,0
L51892,L,303.4,311.8,1564,35.9,171,0,0,0,0,0,0
L51893,L,303.5,311.8,1451,45.2,173,0,0,0,0,0,0
H34128,H,303.4,311.8,1693,28.3,175,0,0,0,0,0,0
L51895,L,303.4,311.7,1476,42.3,180,0,0,0,0,0,0
L51896,L,303.4,311.6,1712,30.1,182,0,0,0,0,0,0
M19577,M,303.4,311.6,1425,45.4,184,0,0,0,0,0,0
L51898,L,303.3,311.6,1337,56.8,187,1,0,1,0,0,0
M19579,M,303.4,311.7,1690,34.9,189,0,0,0,0,0,0
M19580,M,303.4,311.7,1353,44.1,192,1,0,1,0,0,0
L51901,L,303.5,311.8,1927,21.9,195,0,0,0,0,0,0
M19582,M,303.4,311.8,1391,42.7,197,0,0,0,0,0,0
L51903,L,303.4,311.8,1366,50.9,200,1,0,1,0,0,0
L51904,L,303.4,311.9,1771,31.6,202,0,0,0,0,0,0
M19585,M,303.4,311.8,1515,42.6,204,0,0,0,0,0,0
M19586,M,303.4,311.8,2133,18.3,207,0,0,0,0,0,0
M19587,M,303.4,311.8,1341,47.0,210,1,0,1,0,0,0
L51908,L,303.4,311.7,1406,47.1,213,0,0,0,0,0,0
L51909,L,303.4,311.8,1306,61.0,215,1,0,1,0,1,0
L51910,L,303.3,311.7,1508,35.5,217,0,0,0,0,0,0
L51911,L,303.3,311.6,1301,45.1,219,1,0,1,0,0,0
L51912,L,303.3,311.7,1539,38.5,221,0,0,0,0,0,0
L51913,L,303.3,311.6,1484,44.6,223,0,0,0,0,0,0
L51914,L,303.2,311.5,1507,39.2,225,0,0,0,0,0,0
L51915,L,303.2,311.5,1544,42.5,227,0,0,0,0,0,0
L51916,L,303.2,311.5,1513,37.9,0,0,0,0,0,0,0
M19597,M,303.2,311.5,1336,58.2,2,1,0,1,0,0,0
M19598,M,303.2,311.4,2102,19.0,5,0,0,0,0,0,0
L51919,L,303.2,311.4,1351,53.8,8,1,0,1,0,0,0
L51920,L,303.3,311.5,1601,35.2,10,0,0,0,0,0,0
L51921,L,303.2,311.3,1393,52.9,12,0,0,0,0,0,0
L51922,L,303.3,311.3,1592,33.7,14,0,0,0,0,0,0
L51923,L,303.3,311.3,1409,51.8,16,0,0,0,0,0,0
L51924,L,303.3,311.3,1393,47.4,18,0,0,0,0,0,0
H34159,H,303.2,311.2,1475,43.1,20,0,0,0,0,0,0
L51926,L,303.2,311.2,1427,45.6,25,0,0,0,0,0,0
L51927,L,303.3,311.2,1763,27.3,27,0,0,0,0,0,0
L51928,L,303.2,311.2,1363,46.7,29,1,0,1,0,0,0
L51929,L,303.2,311.2,1404,50.9,31,0,0,0,0,0,0
M19610,M,303.2,311.2,1688,31.9,33,0,0,0,0,0,0
L51931,L,303.3,311.4,1510,37.3,36,0,0,0,0,0,0
H34166,H,303.3,311.3,1502,39.5,38,0,0,0,0,0,0
H34167,H,303.2,311.4,1607,36.6,43,0,0,0,0,0,0
M19614,M,303.3,311.5,1384,54.8,48,0,0,0,0,0,0
L51935,L,303.4,311.7,1295,51.3,51,1,0,1,0,0,0
H34170,H,303.4,311.7,1991,19.0,53,0,0,0,0,0,0
L51937,L,303.4,311.6,1497,42.8,58,0,0,0,0,0,0
L51938,L,303.5,311.6,1465,48.7,60,0,0,0,0,0,0
L51939,L,303.5,311.6,1361,46.5,62,1,0,1,0,0,0
L51940,L,303.6,311.7,1546,38.5,64,0,0,0,0,0,0
H34175,H,303.7,311.9,1332,52.7,66,1,0,1,0,0,0
M19622,M,303.7,312.0,2663,11.4,71,1,0,0,1,0,0
L51943,L,303.7,312.1,1443,45.9,74,0,0,0,0,0,0
M19624,M,303.7,312.0,1402,48.6,76,0,0,0,0,0,0
L51945,L,303.7,312.0,1892,22.5,79,0,0,0,0,0,0
M19626,M,303.6,312.0,1645,35.7,81,0,0,0,0,0,0
L51947,L,303.6,311.9,1473,50.1,84,0,0,0,0,0,0
L51948,L,303.6,312.0,1309,52.9,86,1,0,1,0,0,0
H34183,H,303.6,311.9,1544,37.1,88,0,0,0,0,0,0
L51950,L,303.5,311.9,1344,49.3,93,1,0,1,0,0,0
M19631,M,303.6,311.9,1617,36.0,95,0,0,0,0,0,0
M19632,M,303.6,312.0,1435,37.9,98,0,0,0,0,0,0
L51953,L,303.6,312.0,1391,50.3,101,0,0,0,0,0,0
L51954,L,303.6,312.0,1827,23.3,103,0,0,0,0,0,0
L51955,L,303.5,312.0,1761,25.8,105,0,0,0,0,0,0
L51956,L,303.5,312.1,1522,36.4,107,0,0,0,0,0,0
M19637,M,303.5,312.2,1818,23.6,109,0,0,0,0,0,0
H34192,H,303.6,312.2,1371,54.6,112,1,0,1,0,0,0
L51959,L,303.7,312.3,1511,38.9,117,0,0,0,0,0,0
L51960,L,303.7,312.4,1404,46.6,119,0,0,0,0,0,0
L51961,L,303.7,312.3,1384,45.9,121,0,0,0,0,0,0
L51962,L,303.8,312.5,1368,52.6,123,0,0,0,0,0,0
L51963,L,303.7,312.5,1641,36.0,125,0,0,0,0,0,0
L51964,L,303.9,312.6,1642,32.3,127,0,0,0,0,0,0
H34199,H,303.9,312.7,1401,50.0,129,0,0,0,0,0,0
L51966,L,303.8,312.6,1577,41.3,134,0,0,0,0,0,0
L51967,L,303.7,312.6,1396,44.1,136,0,0,0,0,0,0
H34202,H,303.7,312.6,1514,35.5,138,0,0,0,0,0,0
L51969,L,303.8,312.8,1646,35.8,143,0,0,0,0,0,0
L51970,L,303.8,312.8,1443,40.7,145,0,0,0,0,0,0
M19651,M,303.7,312.7,1469,48.5,147,0,0,0,0,0,0
H34206,H,303.7,312.7,1564,40.2,150,0,0,0,0,0,0
H34207,H,303.6,312.6,1498,40.2,155,0,0,0,0,0,0
L51974,L,303.6,312.6,1699,27.9,160,0,0,0,0,0,0
L51975,L,303.6,312.5,1431,49.0,162,0,0,0,0,0,0
L51976,L,303.5,312.4,1390,47.3,164,0,0,0,0,0,0
L51977,L,303.5,312.5,1380,46.1,166,0,0,0,0,0,0
L51978,L,303.5,312.5,1457,46.4,168,0,0,0,0,0,0
L51979,L,303.5,312.5,1418,42.2,170,0,0,0,0,0,0
M19660,M,303.5,312.5,1353,51.0,172,0,0,0,0,0,0
L51981,L,303.5,312.4,1574,32.7,175,0,0,0,0,0,0
M19662,M,303.5,312.4,1318,54.2,177,0,0,0,0,0,0
L51983,L,303.6,312.5,1710,31.4,180,0,0,0,0,0,0
L51984,L,303.7,312.6,1621,38.8,182,0,0,0,0,0,0
L51985,L,303.6,312.6,1606,33.6,184,0,0,0,0,0,0
H34220,H,303.6,312.5,1375,54.0,186,0,0,0,0,0,0
L51987,L,303.5,312.4,1503,36.5,191,0,0,0,0,0,0
L51988,L,303.5,312.3,1404,48.6,193,0,0,0,0,0,0
L51989,L,303.4,312.2,1656,32.7,195,0,0,0,0,0,0
M19670,M,303.4,312.1,1499,39.4,197,0,0,0,0,0,0
M19671,M,303.4,312.0,1748,28.4,200,0,0,0,0,0,0
L51992,L,303.4,311.9,1531,37.9,203,0,0,0,0,0,0
M19673,M,303.3,311.8,1536,40.6,205,0,0,0,0,0,0
L51994,L,303.4,311.8,1401,53.0,208,1,0,0,0,1,0
H34229,H,303.4,311.9,1534,33.2,210,0,0,0,0,0,0
L51996,L,303.4,312.0,1521,35.9,215,1,1,0,0,0,0
L51997,L,303.5,312.1,1674,30.8,0,0,0,0,0,0,0
M19678,M,303.6,312.1,1967,20.9,2,0,0,0,0,0,0
L51999,L,303.6,312.2,1696,30.7,5,0,0,0,0,0,0
M19680,M,303.6,312.1,1627,32.5,7,0,0,0,0,0,0
L52001,L,303.5,311.9,1405,45.6,10,0,0,0,0,0,0
L52002,L,303.5,311.9,1565,38.9,12,0,0,0,0,0,0
L52003,L,303.5,311.9,1493,38.7,14,0,0,0,0,0,0
L52004,L,303.4,311.8,1499,45.0,16,0,0,0,0,0,0
L52005,L,303.3,311.8,1692,30.6,18,0,0,0,0,0,0
L52006,L,303.4,311.8,2268,15.8,20,0,0,0,0,0,0
L52007,L,303.4,311.8,1438,58.9,22,0,0,0,0,0,0
L52008,L,303.5,311.9,1515,39.2,24,0,0,0,0,0,0
L52009,L,303.4,311.9,1491,38.2,26,0,0,0,0,0,0
L52010,L,303.5,312.0,1756,29.7,28,0,0,0,0,0,0
L52011,L,303.5,312.0,1366,54.5,30,1,0,1,0,0,0
L52012,L,303.5,312.0,1436,45.1,32,0,0,0,0,0,0
L52013,L,303.4,311.9,1377,41.6,34,1,0,1,0,0,0
M19694,M,303.4,311.9,1510,42.2,36,0,0,0,0,0,0
M19695,M,303.4,311.9,1419,50.9,39,0,0,0,0,0,0
L52016,L,303.3,311.8,1315,62.0,42,1,0,1,0,0,0
H34251,H,303.3,311.8,1806,27.7,44,0,0,0,0,0,0
H34252,H,303.3,311.8,1649,29.4,49,0,0,0,0,0,0
H34253,H,303.4,311.9,1402,50.0,54,0,0,0,0,0,0
L52020,L,303.4,311.9,1298,63.9,59,1,0,1,0,0,0
M19701,M,303.3,311.8,1441,44.9,61,0,0,0,0,0,0
M19702,M,303.3,311.8,1489,49.4,64,0,0,0,0,0,0
L52023,L,303.3,311.8,1842,24.5,67,0,0,0,0,0,0
M19704,M,303.4,311.8,1316,50.9,69,1,0,1,0,0,0
M19705,M,303.3,311.8,1583,33.3,72,0,0,0,0,0,0
M19706,M,303.3,311.8,1548,33.5,75,0,0,0,0,0,0
L52027,L,303.4,311.9,1434,44.6,78,0,0,0,0,0,0
H34262,H,303.5,312.0,1397,52.9,80,0,0,0,0,0,0
M19709,M,303.5,312.0,1475,42.9,85,0,0,0,0,0,0
L52030,L,303.5,312.0,1441,56.8,88,0,0,0,0,0,0
L52031,L,303.7,312.1,1363,51.8,90,1,0,1,0,0,0
L52032,L,303.7,312.2,1619,34.9,92,0,0,0,0,0,0
L52033,L,303.7,312.2,1487,34.0,94,0,0,0,0,0,0
L52034,L,303.7,312.2,1568,33.8,96,0,0,0,0,0,0
L52035,L,303.7,312.3,1375,46.2,98,0,0,0,0,0,0
M19716,M,303.6,312.3,1698,31.3,100,0,0,0,0,0,0
L52037,L,303.7,312.3,1606,37.4,103,0,0,0,0,0,0
L52038,L,303.7,312.3,1349,51.0,105,0,0,0,0,0,0
L52039,L,303.7,312.4,1535,38.6,107,0,0,0,0,0,0
M19720,M,303.6,312.4,1504,49.5,109,0,0,0,0,0,0
L52041,L,303.5,312.3,1946,21.1,112,0,0,0,0,0,0
L52042,L,303.5,312.1,1326,55.7,114,0,0,0,0,0,0
M19723,M,303.6,312.3,1915,22.3,116,0,0,0,0,0,0
L52044,L,303.6,312.3,1451,43.4,119,0,0,0,0,0,0
M19725,M,303.5,312.3,1624,34.8,121,0,0,0,0,0,0
L52046,L,303.6,312.4,1781,28.7,124,0,0,0,0,0,0
L52047,L,303.6,312.5,1345,54.1,126,0,0,0,0,0,0
L52048,L,303.6,312.4,1418,46.0,128,0,0,0,0,0,0
L52049,L,303.7,312.4,1718,26.5,130,0,0,0,0,0,0
M19730,M,303.7,312.4,1631,28.5,132,0,0,0,0,0,0
L52051,L,303.7,312.4,1513,40.1,135,0,0,0,0,0,0
L52052,L,303.7,312.4,1316,59.3,137,0,0,0,0,0,0
M19733,M,303.7,312.4,1474,38.8,139,0,0,0,0,0,0
L52054,L,303.8,312.5,1619,30.9,142,0,0,0,0,0,0
L52055,L,303.7,312.4,1702,31.2,144,0,0,0,0,0,0
M19736,M,303.7,312.4,1540,37.4,146,0,0,0,0,0,0
M19737,M,303.7,312.4,1546,33.7,149,0,0,0,0,0,0
L52058,L,303.7,312.4,1348,51.0,152,0,0,0,0,0,0
H34293,H,303.7,312.5,1520,35.6,154,0,0,0,0,0,0
M19740,M,303.8,312.6,1527,41.9,159,0,0,0,0,0,0
M19741,M,303.8,312.6,1406,47.1,162,0,0,0,0,0,0
L52062,L,303.7,312.5,1462,46.2,165,0,0,0,0,0,0
M19743,M,303.8,312.6,1684,29.3,167,0,0,0,0,0,0
H34298,H,303.8,312.5,1655,28.0,170,0,0,0,0,0,0
H34299,H,303.8,312.5,1748,25.1,175,0,0,0,0,0,0
L52066,L,303.8,312.5,1372,45.7,180,0,0,0,0,0,0
L52067,L,303.7,312.5,1481,33.3,182,0,0,0,0,0,0
L52068,L,303.7,312.4,1512,39.2,184,0,0,0,0,0,0
L52069,L,303.7,312.5,1632,36.6,186,0,0,0,0,0,0
L52070,L,303.7,312.4,1525,43.9,188,0,0,0,0,0,0
M19751,M,303.7,312.3,1756,26.4,190,0,0,0,0,0,0
L52072,L,303.7,312.3,1922,23.1,193,0,0,0,0,0,0
M19753,M,303.8,312.5,1448,44.3,195,0,0,0,0,0,0
H34308,H,303.8,312.5,1447,46.6,198,0,0,0,0,0,0
M19755,M,303.8,312.4,1597,33.4,203,0,0,0,0,0,0
M19756,M,303.7,312.4,1642,32.3,206,0,0,0,0,0,0
H34311,H,303.8,312.5,1525,38.0,209,0,0,0,0,0,0
H34312,H,303.6,312.4,1460,53.7,214,0,0,0,0,0,0
L52079,L,303.6,312.3,2168,17.7,219,0,0,0,0,0,0
L52080,L,303.6,312.4,1388,41.9,221,0,0,0,0,0,0
M19761,M,303.6,312.3,1630,32.4,223,0,0,0,0,0,0
L52082,L,303.6,312.3,1616,29.3,226,0,0,0,0,0,0
L52083,L,303.6,312.4,2232,16.8,0,0,0,0,0,0,0
H34318,H,303.6,312.4,1480,50.7,2,0,0,0,0,0,0
L52085,L,303.6,312.4,1363,53.1,7,0,0,0,0,0,0
H34320,H,303.6,312.4,1436,45.6,9,0,0,0,0,0,0
M19767,M,303.6,312.5,1607,33.7,14,0,0,0,0,0,0
M19768,M,303.6,312.5,1459,48.2,17,0,0,0,0,0,0
L52089,L,303.5,312.4,1481,43.7,20,0,0,0,0,0,0
M19770,M,303.5,312.4,1606,31.7,22,0,0,0,0,0,0
L52091,L,303.5,312.3,1681,29.8,25,0,0,0,0,0,0
L52092,L,303.5,312.2,1511,37.1,27,0,0,0,0,0,0
M19773,M,303.5,312.3,1593,35.2,29,0,0,0,0,0,0
M19774,M,303.5,312.3,1532,41.7,32,0,0,0,0,0,0
H34329,H,303.5,312.3,1386,49.0,35,0,0,0,0,0,0
H34330,H,303.4,312.3,1769,27.9,40,0,0,0,0,0,0
M19777,M,303.4,312.2,1561,38.2,45,0,0,0,0,0,0
L52098,L,303.3,312.2,1457,40.7,48,0,0,0,0,0,0
L52099,L,303.3,312.2,1506,40.0,50,0,0,0,0,0,0
L52100,L,303.4,312.2,1337,69.4,52,1,0,0,1,0,0
L52101,L,303.4,312.3,1287,54.8,54,0,0,0,0,0,0
M19782,M,303.4,312.2,1615,35.7,56,0,0,0,0,0,0
M19783,M,303.4,312.2,1972,23.5,59,0,0,0,0,0,0
H34338,H,303.4,312.3,1522,42.1,62,0,0,0,0,0,0
L52105,L,303.4,312.3,1680,30.6,67,0,0,0,0,0,0
L52106,L,303.4,312.3,1502,36.0,69,0,0,0,0,0,0
M19787,M,303.5,312.3,1543,33.3,71,0,0,0,0,0,0
L52108,L,303.5,312.3,1584,35.2,74,0,0,0,0,0,0
L52109,L,303.5,312.4,1340,44.5,76,0,0,0,0,0,0
L52110,L,303.4,312.3,1663,33.9,78,0,0,0,0,0,0
M19791,M,303.3,312.1,1693,30.0,80,0,0,0,0,0,0
L52112,L,303.3,312.1,1418,44.7,83,0,0,0,0,0,0
H34347,H,303.4,312.2,1554,36.8,85,0,0,0,0,0,0
L52114,L,303.4,312.2,1580,35.8,90,0,0,0,0,0,0
L52115,L,303.4,312.3,1479,42.8,92,0,0,0,0,0,0
L52116,L,303.5,312.4,1284,70.6,94,1,0,0,1,0,0
L52117,L,303.4,312.3,1540,38.7,96,0,0,0,0,0,0
M19798,M,303.5,312.4,1606,30.1,98,0,0,0,0,0,0
L52119,L,303.6,312.5,1286,62.4,101,0,0,0,0,0,0
L52120,L,303.6,312.6,1502,39.5,103,0,0,0,0,0,0
M19801,M,303.6,312.7,1699,31.5,105,0,0,0,0,0,0
L52122,L,303.5,312.6,1602,34.2,108,0,0,0,0,0,0
H34357,H,303.6,312.6,1436,42.0,110,0,0,0,0,0,0
M19804,M,303.6,312.7,1765,27.5,115,0,0,0,0,0,0
L52125,L,303.6,312.7,1418,44.1,118,0,0,0,0,0,0
M19806,M,303.7,312.7,1669,31.7,120,0,0,0,0,0,0
L52127,L,303.7,312.7,1395,53.9,123,0,0,0,0,0,0
M19808,M,303.8,312.7,1500,41.7,125,0,0,0,0,0,0
M19809,M,303.8,312.7,1555,33.4,128,0,0,0,0,0,0
M19810,M,303.8,312.7,1919,20.2,131,0,0,0,0,0,0
L52131,L,303.8,312.7,1596,36.6,134,0,0,0,0,0,0
M19812,M,303.8,312.7,1374,53.6,136,0,0,0,0,0,0
L52133,L,303.7,312.5,1670,26.1,139,0,0,0,0,0,0
L52134,L,303.7,312.6,1702,29.1,141,0,0,0,0,0,0
M19815,M,303.8,312.5,1366,45.1,143,0,0,0,0,0,0
M19816,M,303.8,312.5,2344,15.2,146,0,0,0,0,0,0
M19817,M,303.8,312.6,1768,23.9,149,0,0,0,0,0,0
L52138,L,303.8,312.5,1523,47.0,152,0,0,0,0,0,0
L52139,L,303.8,312.6,1735,25.9,154,0,0,0,0,0,0
L52140,L,303.9,312.7,1339,62.3,156,0,0,0,0,0,0
L52141,L,303.9,312.7,1800,24.3,158,0,0,0,0,0,0
M19822,M,304.0,312.7,1456,51.2,160,0,0,0,0,0,0
L52143,L,303.9,312.7,1789,24.4,163,0,0,0,0,0,0
L52144,L,303.9,312.7,1602,33.9,165,0,0,0,0,0,0
M19825,M,303.8,312.7,1364,49.3,167,0,0,0,0,0,0
L52146,L,303.8,312.6,1793,28.1,170,0,0,0,0,0,0
L52147,L,303.9,312.6,1426,53.4,172,0,0,0,0,0,0
M19828,M,303.9,312.7,1485,43.3,174,0,0,0,0,0,0
L52149,L,303.9,312.7,1528,38.4,177,0,0,0,0,0,0
L52150,L,303.8,312.6,1565,36.0,179,0,0,0,0,0,0
L52151,L,303.8,312.7,1838,27.8,181,0,0,0,0,0,0
H34386,H,303.8,312.6,1811,24.9,183,0,0,0,0,0,0
L52153,L,303.8,312.7,1461,38.2,188,0,0,0,0,0,0
L52154,L,303.8,312.7,1414,41.7,190,0,0,0,0,0,0
L52155,L,303.7,312.7,1426,45.5,192,0,0,0,0,0,0
L52156,L,303.7,312.7,1359,56.8,194,1,0,0,0,1,0
L52157,L,303.7,312.7,1540,44.8,196,0,0,0,0,0,0
L52158,L,303.6,312.7,1429,47.7,198,0,0,0,0,0,0
M19839,M,303.7,312.7,1612,36.3,200,0,0,0,0,0,0
M19840,M,303.7,312.8,1685,31.8,203,0,0,0,0,0,0
M19841,M,303.7,312.8,1558,37.7,206,0,0,0,0,0,0
L52162,L,303.7,313.0,1811,24.3,209,0,0,0,0,0,0
L52163,L,303.8,313.1,1869,25.8,211,0,0,0,0,0,0
L52164,L,303.8,313.1,1256,58.7,213,1,0,0,0,1,0
M19845,M,303.8,313.0,1789,23.5,215,0,0,0,0,0,0
L52166,L,303.7,312.9,1502,40.5,0,0,0,0,0,0,0
M19847,M,303.7,313.0,1303,54.4,2,0,0,0,0,0,0
L52168,L,303.8,313.1,2497,13.0,5,1,0,0,1,0,0
L52169,L,303.9,313.2,1499,37.4,7,0,0,0,0,0,0
L52170,L,303.9,313.2,1393,46.5,9,0,0,0,0,0,0
M19851,M,303.9,313.0,1475,41.0,11,0,0,0,0,0,0
L52172,L,303.8,312.9,1573,34.6,14,0,0,0,0,0,0
L52173,L,303.8,312.9,1819,23.7,16,0,0,0,0,0,0
M19854,M,303.5,312.6,1642,29.4,18,0,0,0,0,0,0
L52175,L,303.6,312.6,1540,39.8,21,0,0,0,0,0,0
M19856,M,303.6,312.8,1400,43.2,23,0,0,0,0,0,0
M19857,M,303.6,312.8,2659,11.4,26,1,0,0,1,0,0
M19858,M,303.6,312.8,1825,25.2,29,0,0,0,0,0,0
M19859,M,303.7,312.9,1532,41.3,32,0,0,0,0,0,0
